source,kind,post_id,parent_id,created_utc,collected_utc,author_hash,text,likes,replies,shares,url,query,lang,translated_text
youtube,comment,UgwRtTjRA0w0CWhj7G14AaABAg,KG-eX3o03ME,2026-08-20 07:18:41+00:00,2026-09-22T04:32:35Z,a60bdc02c5e9,Sangeetha akka divorce kodukathinga.thrisa marriage panni dum vendam,0,1,0,https://youtube.com/watch?v=KG-eX3o03ME&lc=UgwRtTjRA0w0CWhj7G14AaABAg,Vijay Trisha,tanglish,Sangeetha akka divorce kodukathinga.thrisa marriage panni dum vendam
youtube,comment,Ugz-UtKHSU7gtuAQdf54AaABAg,LZP01UodlaU,2026-08-20 10:48:08+00:00,2026-09-22T13:54:18Z,12269ff5b326,What about him? Is he blind or deaf? Blame him .,0,0,0,https://youtube.com/watch?v=LZP01UodlaU&lc=Ugz-UtKHSU7gtuAQdf54AaABAg,Vijay Trisha,en,What about him? Is he blind or deaf? Blame him .
youtube,comment,UgxZmTfF7mpYScxDk_B4AaABAg,LZP01UodlaU,2026-08-20 11:36:24+00:00,2026-09-22T13:54:18Z,a1d936457881,Beta beti keliye thora socho🐕🐕🐕🐕🐕,0,0,0,https://youtube.com/watch?v=LZP01UodlaU&lc=UgxZmTfF7mpYScxDk_B4AaABAg,Vijay Trisha,en,Beta beti keliye thora socho🐕🐕🐕🐕🐕
youtube,comment,UgwmL9AD8xSnpDZDbo54AaABAg,KG-eX3o03ME,2026-08-20 12:25:17+00:00,2026-09-22T04:32:35Z,e0dc0922bffd,😡😡😡😡😡😡😡😈😈😈😈😈😈,0,0,0,https://youtube.com/watch?v=KG-eX3o03ME&lc=UgwmL9AD8xSnpDZDbo54AaABAg,Vijay Trisha,en,😡😡😡😡😡😡😡😈😈😈😈😈😈
youtube,comment,UgxQDqlIJ-JxyfPWqJB4AaABAg,KG-eX3o03ME,2026-08-20 15:32:27+00:00,2026-09-22T04:32:35Z,1c4b3497db9f,Both are genuinely happy with each other. Leave them alone.,9,0,0,https://youtube.com/watch?v=KG-eX3o03ME&lc=UgxQDqlIJ-JxyfPWqJB4AaABAg,Vijay Trisha,en,Both are genuinely happy with each other. Leave them alone.
youtube,comment,Ugxyi92ziErh-MtoVfJ4AaABAg,LZP01UodlaU,2026-08-20 15:32:52+00:00,2026-09-22T13:54:18Z,8becb9302112,This lady is a both.  Who broke a marriage,0,0,0,https://youtube.com/watch?v=LZP01UodlaU&lc=Ugxyi92ziErh-MtoVfJ4AaABAg,Vijay Trisha,en,This lady is a both.  Who broke a marriage
youtube,comment,Ugz0UESsc0y7HM0tByV4AaABAg,LZP01UodlaU,2026-08-21 16:40:21+00:00,2026-09-22T13:54:18Z,2a2362d093e5,Kuch bhi story bnake daal do,0,0,0,https://youtube.com/watch?v=LZP01UodlaU&lc=Ugz0UESsc0y7HM0tByV4AaABAg,Vijay Trisha,en,Kuch bhi story bnake daal do
youtube,comment,UgzHf41mDHfU9UnHQoh4AaABAg,ElcWEeqqUE0,2026-08-22 03:59:29+00:00,2026-09-22T04:20:22Z,4effe09b9a48,कंगना ने हर रोल को जी जान से किया है,0,0,0,https://youtube.com/watch?v=ElcWEeqqUE0&lc=UgzHf41mDHfU9UnHQoh4AaABAg,Kangana Trisha,en,कंगना ने हर रोल को जी जान से किया है
youtube,comment,UgxuM3q3_W2Y9WpDg5R4AaABAg,ieWRsM9LfkU,2026-08-22 11:52:58+00:00,2026-09-22T13:54:57Z,34c664e6b389,"You are lie 
It all about money 
You dont repect any one",0,0,0,https://youtube.com/watch?v=ieWRsM9LfkU&lc=UgxuM3q3_W2Y9WpDg5R4AaABAg,Udhayanidhi Trisha,en,"You are lie 
It all about money 
You dont repect any one"
youtube,comment,Ugz07m_cYqmYDWp2HtV4AaABAg,pkgE8ZqLoAY,2026-08-22 13:11:40+00:00,2026-09-22T04:33:20Z,8def4a1ea491,Trisha dear u don't no me but pls can you get in touch with me.,0,0,0,https://youtube.com/watch?v=pkgE8ZqLoAY&lc=Ugz07m_cYqmYDWp2HtV4AaABAg,Thalapathy Vijay Trisha,en,Trisha dear u don't no me but pls can you get in touch with me.
youtube,comment,Ugxg2_oS6DhKXHaqRsR4AaABAg,aXyZWYOmMhI,2026-08-22 13:34:05+00:00,2026-09-22T13:54:42Z,85d7b8605152,நீங்க இத்தனை வருஷமா என்ன புடுங்குனீங்க? 😄,0,0,0,https://youtube.com/watch?v=aXyZWYOmMhI&lc=Ugxg2_oS6DhKXHaqRsR4AaABAg,Udhayanidhi Trisha,ta,What have you been up to all these years?😄
youtube,comment,Ugxj0upRk5cuaRYVjn94AaABAg,ElcWEeqqUE0,2026-08-22 18:09:19+00:00,2026-09-22T04:20:22Z,1fc0ea5c1e00,Kangana queen 😢😢❤,1,0,0,https://youtube.com/watch?v=ElcWEeqqUE0&lc=Ugxj0upRk5cuaRYVjn94AaABAg,Kangana Trisha,en,Kangana queen 😢😢❤
youtube,comment,UgyqGVuUSo0gafIX9z54AaABAg,5B50fq1slcA,2026-08-23 03:51:02+00:00,2026-09-22T04:33:08Z,b1a7600e81e8,Fhsrbhfsbhd🎉❤,0,0,0,https://youtube.com/watch?v=5B50fq1slcA&lc=UgyqGVuUSo0gafIX9z54AaABAg,Thalapathy Vijay Trisha,en,Fhsrbhfsbhd🎉❤
youtube,comment,UgwSQ3uJQ9FnOXVwFWx4AaABAg,zH0Q8imJk0c,2026-08-23 03:51:18+00:00,2026-09-22T04:33:26Z,39a6270a214a,Thirisha nee  yanga ponalum varuviya saniyan,0,0,0,https://youtube.com/watch?v=zH0Q8imJk0c&lc=UgwSQ3uJQ9FnOXVwFWx4AaABAg,Thalapathy Vijay Trisha,en,Thirisha nee  yanga ponalum varuviya saniyan
youtube,comment,UgxNjCXIWuMFVF7R7OV4AaABAg,ldUTAZBarwc,2026-08-23 07:49:27+00:00,2026-09-22T04:33:14Z,7707f2f0657a,సిగ్గు ఉండాలి విజయ్ సీఎం అయి,0,0,0,https://youtube.com/watch?v=ldUTAZBarwc&lc=UgxNjCXIWuMFVF7R7OV4AaABAg,Thalapathy Vijay Trisha,en,సిగ్గు ఉండాలి విజయ్ సీఎం అయి
youtube,comment,Ugw_z9fddZPj1-bCZqV4AaABAg,vMyj_qs7hrY,2026-08-23 13:08:27+00:00,2026-09-22T04:33:47Z,6c4a61a06686,இவன் பொண்டாட்டிய நல்லா வச்சு செஞ்சுட்டானுக போல,0,0,0,https://youtube.com/watch?v=vMyj_qs7hrY&lc=Ugw_z9fddZPj1-bCZqV4AaABAg,Vijay Sangeetha divorce,ta,It's like he's a good guy
youtube,comment,Ugwu8hkJ6Yj2PXu1SI14AaABAg,zH0Q8imJk0c,2026-08-23 14:19:30+00:00,2026-09-22T04:33:26Z,3eafe4c3a2ff,விஜய் மக்களிடம் இருந்து மதிப்பை இழந்து விட்டார் அவருக்கு தெறிகின்றத என்பது தெரியவில்லை,2,0,0,https://youtube.com/watch?v=zH0Q8imJk0c&lc=Ugwu8hkJ6Yj2PXu1SI14AaABAg,Thalapathy Vijay Trisha,ta,I don't know if he realizes that Vijay has lost respect from the people
youtube,comment,UgyhmqEpiZB0-tBDW-B4AaABAg,LZP01UodlaU,2026-08-23 17:54:28+00:00,2026-09-22T13:54:18Z,eea204bf4a5a,. But she wouldn't have pursued if it was one sided.,0,0,0,https://youtube.com/watch?v=LZP01UodlaU&lc=UgyhmqEpiZB0-tBDW-B4AaABAg,Vijay Trisha,en,. But she wouldn't have pursued if it was one sided.
youtube,comment,UgxhxJ-817sYvRHcAnR4AaABAg,ieWRsM9LfkU,2026-08-23 22:08:13+00:00,2026-09-22T13:54:57Z,09bd6bad700d,Udayanidhi stalin is like those rich brats who were raised under privilege with no manners and values. Arrogant.,0,0,0,https://youtube.com/watch?v=ieWRsM9LfkU&lc=UgxhxJ-817sYvRHcAnR4AaABAg,Udhayanidhi Trisha,en,Udayanidhi stalin is like those rich brats who were raised under privilege with no manners and values. Arrogant.
youtube,comment,UgwGcxFm_9KJhCSjHTl4AaABAg,KG-eX3o03ME,2026-08-24 05:10:41+00:00,2026-09-22T04:32:35Z,d9115725fe91,Vijay ❤️sangita,0,1,0,https://youtube.com/watch?v=KG-eX3o03ME&lc=UgwGcxFm_9KJhCSjHTl4AaABAg,Vijay Trisha,en,Vijay ❤️sangita
youtube,comment,UgzuU7IBJWor08PFzOh4AaABAg,i1BqRYMFS08,2026-08-24 13:06:52+00:00,2026-09-22T04:35:02Z,49751bc25282,Aapka pyara Nach bahut badhiya lag raha hai,1,0,0,https://youtube.com/watch?v=i1BqRYMFS08&lc=UgzuU7IBJWor08PFzOh4AaABAg,விஜய் திரிஷா,en,Aapka pyara Nach bahut badhiya lag raha hai
youtube,comment,Ugz89CzJ28cuZ1btnHJ4AaABAg,i1BqRYMFS08,2026-08-24 13:13:27+00:00,2026-09-22T04:35:02Z,8f1ce9a6ac22,I don't understand the song.. i just listen to it whenever i am missing kk sir. 🙏🏻 rest in peace the best,1,0,0,https://youtube.com/watch?v=i1BqRYMFS08&lc=Ugz89CzJ28cuZ1btnHJ4AaABAg,விஜய் திரிஷா,en,I don't understand the song.. i just listen to it whenever i am missing kk sir. 🙏🏻 rest in peace the best
youtube,comment,UgydZuxo7LGSJhFKHwd4AaABAg,i1BqRYMFS08,2026-08-24 13:39:34+00:00,2026-09-22T04:35:02Z,2e45852b6c06,Indipantansday trisha entry😂😂😂,2,0,0,https://youtube.com/watch?v=i1BqRYMFS08&lc=UgydZuxo7LGSJhFKHwd4AaABAg,விஜய் திரிஷா,en,Indipantansday trisha entry😂😂😂
youtube,comment,UgyPNesoZ7lTzoBbBI14AaABAg,i1BqRYMFS08,2026-08-24 14:15:09+00:00,2026-09-22T04:35:02Z,e1801112e7f6,After gatta kusti 2 assembly,1,0,0,https://youtube.com/watch?v=i1BqRYMFS08&lc=UgyPNesoZ7lTzoBbBI14AaABAg,விஜய் திரிஷா,en,After gatta kusti 2 assembly
youtube,comment,UgyTXf-sNS7KbD1RQ5l4AaABAg,i1BqRYMFS08,2026-08-24 15:25:14+00:00,2026-09-22T04:35:02Z,fd05dd599882,2026 August  24,1,0,0,https://youtube.com/watch?v=i1BqRYMFS08&lc=UgyTXf-sNS7KbD1RQ5l4AaABAg,விஜய் திரிஷா,en,2026 August  24
youtube,comment,UgwV6KQpyBeljrRVkcd4AaABAg,i1BqRYMFS08,2026-08-24 16:18:03+00:00,2026-09-22T04:35:02Z,578eb9a3fc6d,"গানের অর্থ কিছুই বুঝি না, তারপর ও শুনতে বেশ ভালোই লাগে",1,0,0,https://youtube.com/watch?v=i1BqRYMFS08&lc=UgwV6KQpyBeljrRVkcd4AaABAg,விஜய் திரிஷா,en,"গানের অর্থ কিছুই বুঝি না, তারপর ও শুনতে বেশ ভালোই লাগে"
youtube,comment,Ugxi4YhZ9sgshlMqxtJ4AaABAg,i1BqRYMFS08,2026-08-24 20:42:12+00:00,2026-09-22T04:35:02Z,80b993cf19d0,Night 2.11 😂,2,0,0,https://youtube.com/watch?v=i1BqRYMFS08&lc=Ugxi4YhZ9sgshlMqxtJ4AaABAg,விஜய் திரிஷா,en,Night 2.11 😂
youtube,comment,UgzT3HTnESVsGNNpqAV4AaABAg,i1BqRYMFS08,2026-08-25 00:07:27+00:00,2026-09-22T04:35:02Z,7409a83e3cb8,Very excellent and golden words with meaning ful song,1,0,0,https://youtube.com/watch?v=i1BqRYMFS08&lc=UgzT3HTnESVsGNNpqAV4AaABAg,விஜய் திரிஷா,en,Very excellent and golden words with meaning ful song
youtube,comment,Ugx8qbnCwspnkQmkcYV4AaABAg,i1BqRYMFS08,2026-08-25 02:33:41+00:00,2026-09-22T04:35:02Z,b02f0b835350,❤❤❤❤❤❤❤😊😊😊😊😊😊😊😅😊😊😊😊😊😊😊❤❤❤❤❤❤❤❤,1,0,0,https://youtube.com/watch?v=i1BqRYMFS08&lc=Ugx8qbnCwspnkQmkcYV4AaABAg,விஜய் திரிஷா,en,❤❤❤❤❤❤❤😊😊😊😊😊😊😊😅😊😊😊😊😊😊😊❤❤❤❤❤❤❤❤
youtube,comment,UgyBKeEpPi2dNI5gGyd4AaABAg,i1BqRYMFS08,2026-08-25 03:44:07+00:00,2026-09-22T04:35:02Z,2cae2b0f6984,Anyone after Vijay becoming CM ❤,3,0,0,https://youtube.com/watch?v=i1BqRYMFS08&lc=UgyBKeEpPi2dNI5gGyd4AaABAg,விஜய் திரிஷா,en,Anyone after Vijay becoming CM ❤
youtube,comment,UgynN0w1bf4APArDxjR4AaABAg,i1BqRYMFS08,2026-08-25 04:40:45+00:00,2026-09-22T04:35:02Z,62521bc42974,"Understand:0%
Enjoying 100%❤❤",1,0,0,https://youtube.com/watch?v=i1BqRYMFS08&lc=UgynN0w1bf4APArDxjR4AaABAg,விஜய் திரிஷா,en,"Understand:0%
Enjoying 100%❤❤"
youtube,comment,UgyCqvQim8IZE9BB0JZ4AaABAg,i1BqRYMFS08,2026-08-25 04:49:44+00:00,2026-09-22T13:54:27Z,ed109830b856,From Bihar ❤🫡,1,0,0,https://youtube.com/watch?v=i1BqRYMFS08&lc=UgyCqvQim8IZE9BB0JZ4AaABAg,Vijay Trisha,en,From Bihar ❤🫡
youtube,comment,Ugy6ZVV7R16Ea9r6Ayx4AaABAg,KG-eX3o03ME,2026-08-25 06:00:11+00:00,2026-09-22T04:32:35Z,ddc21f0197a3,Apo evantha evala vida maatinran pola kiragam entha seen paathaalea therithu oru frnd kku vera maathiri inrathukkum chinna different tha irukkum athu enna maathiri ullavainga kandippa kandu pidippainga ellana kodi aatha eva varuvaala vvip chair la evan vara sollama ava vara maata😡,0,0,0,https://youtube.com/watch?v=KG-eX3o03ME&lc=Ugy6ZVV7R16Ea9r6Ayx4AaABAg,Vijay Trisha,tanglish,Apo evantha evala vida maatinran pola kiragam entha seen paathaalea therithu oru frnd kku vera maathiri inrathukkum chinna different tha irukkum athu enna maathiri ullavainga kandippa kandu pidippainga ellana kodi aatha eva varuvaala vvip chair la evan vara sollama ava vara maata😡
youtube,comment,Ugz9yVWvu4jPQEbBXzR4AaABAg,ldUTAZBarwc,2026-08-25 06:03:26+00:00,2026-09-22T04:33:14Z,ddc21f0197a3,Sirippea varaatha aalu epo satta sabaila ethukkala sirippu varutha,0,0,0,https://youtube.com/watch?v=ldUTAZBarwc&lc=Ugz9yVWvu4jPQEbBXzR4AaABAg,Thalapathy Vijay Trisha,en,Sirippea varaatha aalu epo satta sabaila ethukkala sirippu varutha
youtube,comment,Ugxb7ihCgvaygYp4JTp4AaABAg,i1BqRYMFS08,2026-08-25 09:58:30+00:00,2026-09-22T13:54:27Z,4191f9d9a82b,I don't Understand 😢,0,0,0,https://youtube.com/watch?v=i1BqRYMFS08&lc=Ugxb7ihCgvaygYp4JTp4AaABAg,Vijay Trisha,en,I don't Understand 😢
youtube,comment,UgwV4GuAIFPnRwaQg5B4AaABAg,i1BqRYMFS08,2026-08-25 11:17:08+00:00,2026-09-22T13:54:27Z,39b3f3001344,I DON'T UNDERSTAND WHAT They are speaking but I like the song and the vibe,1,0,0,https://youtube.com/watch?v=i1BqRYMFS08&lc=UgwV4GuAIFPnRwaQg5B4AaABAg,Vijay Trisha,en,I DON'T UNDERSTAND WHAT They are speaking but I like the song and the vibe
youtube,comment,UgzKKSJ6iKj6EWSo3uV4AaABAg,i1BqRYMFS08,2026-08-25 12:05:39+00:00,2026-09-22T13:54:27Z,cd1a3f848e94,"Q
1bi88uiungyiufrwrhrh7  mvcdu0m  gw4qq🎉 by


L
..mum

Mjtdugvdr7😊9888009909877744q19puyt22ĺhrwanvxx
.",0,0,0,https://youtube.com/watch?v=i1BqRYMFS08&lc=UgzKKSJ6iKj6EWSo3uV4AaABAg,Vijay Trisha,en,"Q
1bi88uiungyiufrwrhrh7  mvcdu0m  gw4qq🎉 by


L
..mum

Mjtdugvdr7😊9888009909877744q19puyt22ĺhrwanvxx
."
youtube,comment,UgwwLDyIOPGejiv-DKB4AaABAg,6sC9bDmrO1M,2026-08-25 12:25:14+00:00,2026-09-22T04:34:39Z,dd3f80de6135,😂😂😂😂😂😂😂😂😂😂😂😂😂😂😂😂😂😂😂😂😂😂😂😂😂😂😂😂,0,0,0,https://youtube.com/watch?v=6sC9bDmrO1M&lc=UgwwLDyIOPGejiv-DKB4AaABAg,விஜய் திரிஷா,en,😂😂😂😂😂😂😂😂😂😂😂😂😂😂😂😂😂😂😂😂😂😂😂😂😂😂😂😂
youtube,comment,Ugy0tKwAHw0hXj-H6914AaABAg,i1BqRYMFS08,2026-08-25 13:07:55+00:00,2026-09-22T13:54:27Z,56fb63e300a3,Chaar hycross,0,0,0,https://youtube.com/watch?v=i1BqRYMFS08&lc=Ugy0tKwAHw0hXj-H6914AaABAg,Vijay Trisha,en,Chaar hycross
youtube,comment,UgwVg4v2qvgnn8l9Wj54AaABAg,i1BqRYMFS08,2026-08-25 14:39:14+00:00,2026-09-22T13:54:27Z,0fe0686d4cc5,age ka samai ki yad aa gayi,1,0,0,https://youtube.com/watch?v=i1BqRYMFS08&lc=UgwVg4v2qvgnn8l9Wj54AaABAg,Vijay Trisha,en,age ka samai ki yad aa gayi
youtube,comment,UgzN_ZxoCVa20xS2xrx4AaABAg,i1BqRYMFS08,2026-08-25 15:21:32+00:00,2026-09-22T13:54:27Z,94dd0cc38d02,Very good song an music,1,0,0,https://youtube.com/watch?v=i1BqRYMFS08&lc=UgzN_ZxoCVa20xS2xrx4AaABAg,Vijay Trisha,en,Very good song an music
youtube,comment,Ugz15vR5TB76mNInGw14AaABAg,i1BqRYMFS08,2026-08-25 15:38:37+00:00,2026-09-22T13:54:27Z,203359525957,2026 anyone in Bangladesh 🇧🇩,1,0,0,https://youtube.com/watch?v=i1BqRYMFS08&lc=Ugz15vR5TB76mNInGw14AaABAg,Vijay Trisha,en,2026 anyone in Bangladesh 🇧🇩
youtube,comment,Ugz0qCUFnx_uGktmpeR4AaABAg,ieWRsM9LfkU,2026-08-25 17:57:07+00:00,2026-09-22T13:54:57Z,a72ec3b89e0a,Shame on you. Having a grown up daughter you still spoke soo. So as you said your parents are to be blamed to have brought you up like this.,0,0,0,https://youtube.com/watch?v=ieWRsM9LfkU&lc=Ugz0qCUFnx_uGktmpeR4AaABAg,Udhayanidhi Trisha,en,Shame on you. Having a grown up daughter you still spoke soo. So as you said your parents are to be blamed to have brought you up like this.
youtube,comment,Ugx8v46Qakh7iC63nYt4AaABAg,i1BqRYMFS08,2026-08-25 19:38:38+00:00,2026-09-22T13:54:27Z,64d080dda6b8,That. Pore. Pore.i. Like this. Line,0,0,0,https://youtube.com/watch?v=i1BqRYMFS08&lc=Ugx8v46Qakh7iC63nYt4AaABAg,Vijay Trisha,en,That. Pore. Pore.i. Like this. Line
youtube,comment,UgzT0pEMCrUJm43k0l14AaABAg,i1BqRYMFS08,2026-08-25 19:39:46+00:00,2026-09-22T13:54:27Z,925752ed028c,Idk but this song and the song in Akshay Kumar movie boss are similar,0,0,0,https://youtube.com/watch?v=i1BqRYMFS08&lc=UgzT0pEMCrUJm43k0l14AaABAg,Vijay Trisha,en,Idk but this song and the song in Akshay Kumar movie boss are similar
youtube,comment,UgzzciTsJzBjd7uOb7R4AaABAg,i1BqRYMFS08,2026-08-26 00:00:48+00:00,2026-09-22T13:54:27Z,939edac47458,"Understanding 00 %😂
Enjoying 100% 🫡
Love from Bangladesh boss 🫶🖤",0,0,0,https://youtube.com/watch?v=i1BqRYMFS08&lc=UgzzciTsJzBjd7uOb7R4AaABAg,Vijay Trisha,en,"Understanding 00 %😂
Enjoying 100% 🫡
Love from Bangladesh boss 🫶🖤"
youtube,comment,Ugx_z7Egfi8ILOGH2cB4AaABAg,i1BqRYMFS08,2026-08-26 01:28:46+00:00,2026-09-22T13:54:27Z,6860ad39d38a,Maja a gya sun Kar music is to good .. of this song ..,1,1,0,https://youtube.com/watch?v=i1BqRYMFS08&lc=Ugx_z7Egfi8ILOGH2cB4AaABAg,Vijay Trisha,en,Maja a gya sun Kar music is to good .. of this song ..
youtube,comment,Ugz1IjxUR1TadMzDtQB4AaABAg,i1BqRYMFS08,2026-08-26 02:44:19+00:00,2026-09-22T13:54:27Z,49667b7b1f8e,very soothing to the soul . Sairam🙏 ❤,0,0,0,https://youtube.com/watch?v=i1BqRYMFS08&lc=Ugz1IjxUR1TadMzDtQB4AaABAg,Vijay Trisha,en,very soothing to the soul . Sairam🙏 ❤
youtube,comment,UgwLvcMubE-U_ASj3YV4AaABAg,i1BqRYMFS08,2026-08-26 02:50:48+00:00,2026-09-22T13:54:27Z,df49ceeae2c3,Samajh to nahi aa raha hai lekin dhun mast hai 🎉,0,0,0,https://youtube.com/watch?v=i1BqRYMFS08&lc=UgwLvcMubE-U_ASj3YV4AaABAg,Vijay Trisha,en,Samajh to nahi aa raha hai lekin dhun mast hai 🎉
youtube,comment,Ugzb8Mfchl4TaXmCJdZ4AaABAg,AA_I1tH4Emk,2026-08-26 05:15:57+00:00,2026-09-22T13:54:39Z,73a20ffa515b,எங்க விஜய் பகச்ச சென்ன,0,1,0,https://youtube.com/watch?v=AA_I1tH4Emk&lc=Ugzb8Mfchl4TaXmCJdZ4AaABAg,Udhayanidhi Trisha,ta,Enga Vijay Bhagacha Chenna
youtube,comment,UgyJMl00cApKQF78saJ4AaABAg,i1BqRYMFS08,2026-08-26 06:02:04+00:00,2026-09-22T13:54:27Z,12875a149792,"Anybody wa anybody in August? Poopy, poopy dance.",0,1,0,https://youtube.com/watch?v=i1BqRYMFS08&lc=UgyJMl00cApKQF78saJ4AaABAg,Vijay Trisha,en,"Anybody wa anybody in August? Poopy, poopy dance."
youtube,comment,UgxSSJaB-V-TrMeqPLF4AaABAg,i1BqRYMFS08,2026-08-26 07:06:24+00:00,2026-09-22T13:54:27Z,14cf95874767,1:32 can anyone tell tgemeaning of this line,0,1,0,https://youtube.com/watch?v=i1BqRYMFS08&lc=UgxSSJaB-V-TrMeqPLF4AaABAg,Vijay Trisha,en,1:32 can anyone tell tgemeaning of this line
youtube,comment,UgzxcZ2LVeNQOqYt8_54AaABAg,i1BqRYMFS08,2026-08-26 08:22:43+00:00,2026-09-22T13:54:27Z,2beed490227d,Aradhyacs❤❤😊🎉😅,1,0,0,https://youtube.com/watch?v=i1BqRYMFS08&lc=UgzxcZ2LVeNQOqYt8_54AaABAg,Vijay Trisha,en,Aradhyacs❤❤😊🎉😅
youtube,comment,UgyEUReC4llPhs8c4xd4AaABAg,i1BqRYMFS08,2026-08-26 08:23:39+00:00,2026-09-22T13:54:27Z,bfb9c9c0a0e3,❤❤❤❤❤❤❤❤❤❤❤❤❤❤,0,0,0,https://youtube.com/watch?v=i1BqRYMFS08&lc=UgyEUReC4llPhs8c4xd4AaABAg,Vijay Trisha,en,❤❤❤❤❤❤❤❤❤❤❤❤❤❤
youtube,comment,UgytvRJ7JmeFyCNSJmp4AaABAg,i1BqRYMFS08,2026-08-26 09:00:43+00:00,2026-09-22T13:54:27Z,f609cc318b8e,"😂😂😂😂😂😂😂
But maan gaye! Zhandu ka naseeb chamak Gaya...... Paison! 😅😅😅😅😅😅",0,0,0,https://youtube.com/watch?v=i1BqRYMFS08&lc=UgytvRJ7JmeFyCNSJmp4AaABAg,Vijay Trisha,en,"😂😂😂😂😂😂😂
But maan gaye! Zhandu ka naseeb chamak Gaya...... Paison! 😅😅😅😅😅😅"
youtube,comment,UgxLytQEAO1vylwBeWB4AaABAg,i1BqRYMFS08,2026-08-26 12:11:47+00:00,2026-09-22T13:54:27Z,c0a9d5b44d58,Who is here after gatta kusti,0,0,0,https://youtube.com/watch?v=i1BqRYMFS08&lc=UgxLytQEAO1vylwBeWB4AaABAg,Vijay Trisha,en,Who is here after gatta kusti
youtube,comment,UgwI-KmOreD5YnncROt4AaABAg,DUdl8kGBXkE,2026-08-26 12:58:23+00:00,2026-09-22T04:32:45Z,a78736bd75dd,ஏங்க Shot பத்தி தான் think பண்றாரு... போங்க.... உங்க நல்லது kku.. தான் think பண்றாரு.... அவர்... போய் குறை சொல்லிக்கிட்டு😅😅😅,1,0,0,https://youtube.com/watch?v=DUdl8kGBXkE&lc=UgwI-KmOreD5YnncROt4AaABAg,Vijay Trisha,mixed,Just think about Enga Shot...go....it's good for you kku..just think....he...go and complain😅😅😅
youtube,comment,Ugz-zLlmxSdQ36lWQb94AaABAg,i1BqRYMFS08,2026-08-26 14:44:04+00:00,2026-09-22T13:54:27Z,dbf32dc0f04e,Rocking🎉🎉🎉🎉🎉🎉🎉,1,0,0,https://youtube.com/watch?v=i1BqRYMFS08&lc=Ugz-zLlmxSdQ36lWQb94AaABAg,Vijay Trisha,en,Rocking🎉🎉🎉🎉🎉🎉🎉
youtube,comment,UgwFNptizU0JIZDXNct4AaABAg,i1BqRYMFS08,2026-08-26 15:30:01+00:00,2026-09-22T13:54:27Z,e5f4a5995c5b,Any one in 2026 august 😂❤❤,4,0,0,https://youtube.com/watch?v=i1BqRYMFS08&lc=UgwFNptizU0JIZDXNct4AaABAg,Vijay Trisha,en,Any one in 2026 august 😂❤❤
youtube,comment,UgzMV0wlla9htV6G5HN4AaABAg,i1BqRYMFS08,2026-08-26 15:52:20+00:00,2026-09-22T13:54:27Z,e0718898784c,আমি তো gatta kusti মুভি দেখে আসলাম,1,0,0,https://youtube.com/watch?v=i1BqRYMFS08&lc=UgzMV0wlla9htV6G5HN4AaABAg,Vijay Trisha,en,আমি তো gatta kusti মুভি দেখে আসলাম
youtube,comment,UgyUg_er31-Im8Rpv_l4AaABAg,5B50fq1slcA,2026-08-26 16:37:58+00:00,2026-09-22T04:33:08Z,fba75c2f3358,"Trisha dances so well, watch her feet movement alone, so eloquent",0,0,0,https://youtube.com/watch?v=5B50fq1slcA&lc=UgyUg_er31-Im8Rpv_l4AaABAg,Thalapathy Vijay Trisha,en,"Trisha dances so well, watch her feet movement alone, so eloquent"
youtube,comment,UgzLXoUwE7md-VYawUp4AaABAg,i1BqRYMFS08,2026-08-26 16:56:52+00:00,2026-09-22T13:54:27Z,62a931932823,After their reunion ❤❤,1,0,0,https://youtube.com/watch?v=i1BqRYMFS08&lc=UgzLXoUwE7md-VYawUp4AaABAg,Vijay Trisha,en,After their reunion ❤❤
youtube,comment,UgwTqlyMi47Ew6RsR3J4AaABAg,i1BqRYMFS08,2026-08-26 17:59:27+00:00,2026-09-22T13:54:27Z,c1bee6adf880,excellent vibe 🥴,3,0,0,https://youtube.com/watch?v=i1BqRYMFS08&lc=UgwTqlyMi47Ew6RsR3J4AaABAg,Vijay Trisha,en,excellent vibe 🥴
youtube,comment,UgydYpe8qmlx71HEWFd4AaABAg,i1BqRYMFS08,2026-08-26 19:00:50+00:00,2026-09-22T13:54:27Z,3d85f76e8fd6,Like me who comes to listen this after seeing social media ❤️💙,5,0,0,https://youtube.com/watch?v=i1BqRYMFS08&lc=UgydYpe8qmlx71HEWFd4AaABAg,Vijay Trisha,en,Like me who comes to listen this after seeing social media ❤️💙
youtube,comment,UgzgAFx08XDynx2vT854AaABAg,i1BqRYMFS08,2026-08-26 19:06:44+00:00,2026-09-22T13:54:27Z,04556c04b7d1,❤❤❤❤❤❤😮😮😮😮😮😮😮😮😊😊😊😊😊😊🎉🎉🎉🎉🎉🎉🎉🎉🎉🎉🎉🎉😊😊😅😊😅,2,0,0,https://youtube.com/watch?v=i1BqRYMFS08&lc=UgzgAFx08XDynx2vT854AaABAg,Vijay Trisha,en,❤❤❤❤❤❤😮😮😮😮😮😮😮😮😊😊😊😊😊😊🎉🎉🎉🎉🎉🎉🎉🎉🎉🎉🎉🎉😊😊😅😊😅
youtube,comment,UgyFb4EzYhShPAT_NoB4AaABAg,i1BqRYMFS08,2026-08-26 21:51:54+00:00,2026-09-22T13:54:27Z,1e45db5f2f41,what a song.. and what a amazing dance... instagram force to me search this song.. I don't understand this language.. but super 🎉🎉🎉🎉,2,0,0,https://youtube.com/watch?v=i1BqRYMFS08&lc=UgyFb4EzYhShPAT_NoB4AaABAg,Vijay Trisha,en,what a song.. and what a amazing dance... instagram force to me search this song.. I don't understand this language.. but super 🎉🎉🎉🎉
youtube,comment,Ugxx6KErNoc36YLjnLZ4AaABAg,i1BqRYMFS08,2026-08-27 00:02:57+00:00,2026-09-22T13:54:27Z,b94eb86059a8,Plot twist: I came for one minute and watched the whole thing.,2,0,0,https://youtube.com/watch?v=i1BqRYMFS08&lc=Ugxx6KErNoc36YLjnLZ4AaABAg,Vijay Trisha,en,Plot twist: I came for one minute and watched the whole thing.
youtube,comment,UgyqnGo3hJXbf96mVHh4AaABAg,i1BqRYMFS08,2026-08-27 05:00:58+00:00,2026-09-22T13:54:27Z,dd9066118a09,Instagram se ane wala like kare😅😅😂,1,0,0,https://youtube.com/watch?v=i1BqRYMFS08&lc=UgyqnGo3hJXbf96mVHh4AaABAg,Vijay Trisha,en,Instagram se ane wala like kare😅😅😂
youtube,comment,UgxeIxWqoedPiNECPft4AaABAg,i1BqRYMFS08,2026-08-27 05:38:28+00:00,2026-09-22T13:54:27Z,e21b1c3c2a34,After elections result YouTube suggest me😂,2,0,0,https://youtube.com/watch?v=i1BqRYMFS08&lc=UgxeIxWqoedPiNECPft4AaABAg,Vijay Trisha,en,After elections result YouTube suggest me😂
youtube,comment,UgwQe-BvXhA5QIaCJKl4AaABAg,jH83sKhQB4w,2026-08-27 06:36:07+00:00,2026-09-22T04:33:40Z,6588cdb580c9,"Sangeeta ke against kuch mat bolo. Wife hona, maa hona kya hota hai , kya struggle hota hai wo sirf wohi jaante hai",0,0,0,https://youtube.com/watch?v=jH83sKhQB4w&lc=UgwQe-BvXhA5QIaCJKl4AaABAg,Vijay Sangeetha divorce,en,"Sangeeta ke against kuch mat bolo. Wife hona, maa hona kya hota hai , kya struggle hota hai wo sirf wohi jaante hai"
youtube,comment,UgwKM21wqZbKVMIzEsV4AaABAg,KG-eX3o03ME,2026-08-27 06:54:45+00:00,2026-09-22T04:32:35Z,58eb645fb653,Stop promoting adultery...,0,0,0,https://youtube.com/watch?v=KG-eX3o03ME&lc=UgwKM21wqZbKVMIzEsV4AaABAg,Vijay Trisha,en,Stop promoting adultery...
youtube,comment,UgxF2SNroNElYTSWZ8N4AaABAg,i1BqRYMFS08,2026-08-27 08:35:53+00:00,2026-09-22T13:54:27Z,08e47602d828,After gatta ghusthi 2😂😂,2,0,0,https://youtube.com/watch?v=i1BqRYMFS08&lc=UgxF2SNroNElYTSWZ8N4AaABAg,Vijay Trisha,en,After gatta ghusthi 2😂😂
youtube,comment,Ugyzg-UWIpuG10t713F4AaABAg,i1BqRYMFS08,2026-08-27 08:38:00+00:00,2026-09-22T13:54:27Z,4f2448b4b2d8,Vijay thalapathy,3,0,0,https://youtube.com/watch?v=i1BqRYMFS08&lc=Ugyzg-UWIpuG10t713F4AaABAg,Vijay Trisha,en,Vijay thalapathy
youtube,comment,UgycW4sVd8nOtBnkwyJ4AaABAg,i1BqRYMFS08,2026-08-27 08:46:30+00:00,2026-09-22T13:54:27Z,eadd3da8280a,All time fav❤,3,0,0,https://youtube.com/watch?v=i1BqRYMFS08&lc=UgycW4sVd8nOtBnkwyJ4AaABAg,Vijay Trisha,en,All time fav❤
youtube,comment,Ugy8bm67ICNKODXIlVF4AaABAg,i1BqRYMFS08,2026-08-27 08:56:18+00:00,2026-09-22T13:54:27Z,5643365c3285,Vij❤❤❤❤❤sohg,4,0,0,https://youtube.com/watch?v=i1BqRYMFS08&lc=Ugy8bm67ICNKODXIlVF4AaABAg,Vijay Trisha,en,Vij❤❤❤❤❤sohg
youtube,comment,Ugz0LOH9G4nb2KUL9bV4AaABAg,i1BqRYMFS08,2026-08-27 09:36:36+00:00,2026-09-22T13:54:27Z,4b1e21504d17,Anyone in 2026😂❤,3,0,0,https://youtube.com/watch?v=i1BqRYMFS08&lc=Ugz0LOH9G4nb2KUL9bV4AaABAg,Vijay Trisha,en,Anyone in 2026😂❤
youtube,comment,UgwJtOYWYGD8tdxmJOl4AaABAg,DnrJui-dXic,2026-08-27 11:31:00+00:00,2026-09-22T04:33:29Z,0cb2b3ab9dbd,"Cjdjrnxjcnznf🍸🌹🌹🍸🌹🌹🍸
🌹🌹🌹🌹🌹🌹🌹
🌹🌹🌹🌹🌹🌹🌹
🍸🌹🌹🌹🌹🌹🍸
🍸🍸🌹🌹🌹🍸🍸
🍸🍸🍸🌹🍸🍸🍸
🍸🍸🍸🌹🍸🍸🍸
🍸🎁😊❤☺🎁🍸

KAjA... Navas",0,0,0,https://youtube.com/watch?v=DnrJui-dXic&lc=UgwJtOYWYGD8tdxmJOl4AaABAg,Thalapathy Vijay Trisha,en,"Cjdjrnxjcnznf🍸🌹🌹🍸🌹🌹🍸
🌹🌹🌹🌹🌹🌹🌹
🌹🌹🌹🌹🌹🌹🌹
🍸🌹🌹🌹🌹🌹🍸
🍸🍸🌹🌹🌹🍸🍸
🍸🍸🍸🌹🍸🍸🍸
🍸🍸🍸🌹🍸🍸🍸
🍸🎁😊❤☺🎁🍸

KAjA... Navas"
youtube,comment,UgyrZMjYEDwEQbtNxfN4AaABAg,i1BqRYMFS08,2026-08-27 12:46:54+00:00,2026-09-22T13:54:27Z,d8e17cfa81aa,Over kundi aattam.,1,0,0,https://youtube.com/watch?v=i1BqRYMFS08&lc=UgyrZMjYEDwEQbtNxfN4AaABAg,Vijay Trisha,en,Over kundi aattam.
youtube,comment,UgzrnRZXlB6eK3x2GcV4AaABAg,vMyj_qs7hrY,2026-08-27 13:36:01+00:00,2026-09-22T04:33:47Z,b5eb237c09c4,Sangeetha 👍👍,0,0,0,https://youtube.com/watch?v=vMyj_qs7hrY&lc=UgzrnRZXlB6eK3x2GcV4AaABAg,Vijay Sangeetha divorce,en,Sangeetha 👍👍
youtube,comment,Ugw9cDxVUSvolh6LF4h4AaABAg,T3fK0PQQfns,2026-08-27 14:47:10+00:00,2026-09-22T13:54:02Z,da382c1f62db,Myyy fevreat 💕🧿,0,0,0,https://youtube.com/watch?v=T3fK0PQQfns&lc=Ugw9cDxVUSvolh6LF4h4AaABAg,Vijay Trisha,en,Myyy fevreat 💕🧿
youtube,comment,UgwgFiq_UZ_SIMBgY2J4AaABAg,DUdl8kGBXkE,2026-08-27 15:26:06+00:00,2026-09-22T04:32:45Z,63c219e5ba6b,குடும்பத்தை கெடுத்த இன்ரவியூ!!,1,0,0,https://youtube.com/watch?v=DUdl8kGBXkE&lc=UgwgFiq_UZ_SIMBgY2J4AaABAg,Vijay Trisha,ta,The review that spoiled the family!!
youtube,comment,UgxbbPGGq6Pzf29Ts714AaABAg,i1BqRYMFS08,2026-08-27 16:13:41+00:00,2026-09-22T13:54:27Z,3ae79e54107c,Mind freshing song,1,0,0,https://youtube.com/watch?v=i1BqRYMFS08&lc=UgxbbPGGq6Pzf29Ts714AaABAg,Vijay Trisha,en,Mind freshing song
youtube,comment,UgwCtjp4GToJ3XaYn3h4AaABAg,i1BqRYMFS08,2026-08-27 16:14:36+00:00,2026-09-22T13:54:27Z,2d1247900a15,9:45 🫂 super hit 🎯 song 🎉,1,0,0,https://youtube.com/watch?v=i1BqRYMFS08&lc=UgwCtjp4GToJ3XaYn3h4AaABAg,Vijay Trisha,en,9:45 🫂 super hit 🎯 song 🎉
youtube,comment,Ugy40hvte_4LK1xsPAV4AaABAg,i1BqRYMFS08,2026-08-27 17:43:24+00:00,2026-09-22T13:54:27Z,1c5703aef4f5,Vijay trisha ❤,2,0,0,https://youtube.com/watch?v=i1BqRYMFS08&lc=Ugy40hvte_4LK1xsPAV4AaABAg,Vijay Trisha,en,Vijay trisha ❤
youtube,comment,UgyEXsKELXvKcPRigVJ4AaABAg,i1BqRYMFS08,2026-08-27 18:05:48+00:00,2026-09-22T13:54:27Z,e0f61c20da19,Zara's dance is 100x Better then original,1,0,0,https://youtube.com/watch?v=i1BqRYMFS08&lc=UgyEXsKELXvKcPRigVJ4AaABAg,Vijay Trisha,en,Zara's dance is 100x Better then original
youtube,comment,UgyOyj4YMNUnCacc3iB4AaABAg,i1BqRYMFS08,2026-08-27 18:14:23+00:00,2026-09-22T13:54:27Z,0c005eb857d8,1.31 hit hard,2,0,0,https://youtube.com/watch?v=i1BqRYMFS08&lc=UgyOyj4YMNUnCacc3iB4AaABAg,Vijay Trisha,en,1.31 hit hard
youtube,comment,Ugz7ZRl-ZJI1Yh2Xyvt4AaABAg,i1BqRYMFS08,2026-08-27 18:22:34+00:00,2026-09-22T13:54:27Z,58849b99c6df,Super dancer tvk,2,0,0,https://youtube.com/watch?v=i1BqRYMFS08&lc=Ugz7ZRl-ZJI1Yh2Xyvt4AaABAg,Vijay Trisha,en,Super dancer tvk
youtube,comment,Ugyxhs_MiRCUsKYUMX14AaABAg,i1BqRYMFS08,2026-08-27 20:27:58+00:00,2026-09-22T13:54:27Z,35f962a8797c,Next CM thrisha 😂,1,0,0,https://youtube.com/watch?v=i1BqRYMFS08&lc=Ugyxhs_MiRCUsKYUMX14AaABAg,Vijay Trisha,en,Next CM thrisha 😂
youtube,comment,UgzDP7c62kHb8nJEWI14AaABAg,i1BqRYMFS08,2026-08-28 02:12:17+00:00,2026-09-22T13:54:27Z,8df2594972a6,Fine fantastic wanderful beautiful ❤️,3,0,0,https://youtube.com/watch?v=i1BqRYMFS08&lc=UgzDP7c62kHb8nJEWI14AaABAg,Vijay Trisha,en,Fine fantastic wanderful beautiful ❤️
youtube,comment,UgxDEY3rEq5wogqtWmV4AaABAg,T7w0Scr1bG8,2026-08-28 05:06:49+00:00,2026-09-22T13:54:33Z,0421a02f8c82,❤️❤️❤️❤️❤️❤️ super ❤️❤️❤️❤️❤️❤️❤️❤️❤️,0,0,0,https://youtube.com/watch?v=T7w0Scr1bG8&lc=UgxDEY3rEq5wogqtWmV4AaABAg,Vijay Trisha,en,❤️❤️❤️❤️❤️❤️ super ❤️❤️❤️❤️❤️❤️❤️❤️❤️
youtube,comment,Ugw1nufFhziU482EgCh4AaABAg,i1BqRYMFS08,2026-08-28 06:42:27+00:00,2026-09-22T13:54:27Z,d6f391748cb5,😊😅😅😅😅😅😅😅😅😅😅😅😅😅😅😅😅😅😅😅😅😅😅😅😅😂😅😅😅😅😅😅😅😅😅😅😅😅😅😅😅😅😅😅😅😅😅😅😅😅😅😅😅😅😅😅😅😅😅😅😅😅😅😅😅😅😅😅😅😅😅😅😅😅😅😅😅😅😅😅😅😅😅😅😅😅😅😅😅😅😅😅😅😅😅😅😅😅😅😅😅😅😅😅😅😅,1,0,0,https://youtube.com/watch?v=i1BqRYMFS08&lc=Ugw1nufFhziU482EgCh4AaABAg,Vijay Trisha,en,😊😅😅😅😅😅😅😅😅😅😅😅😅😅😅😅😅😅😅😅😅😅😅😅😅😂😅😅😅😅😅😅😅😅😅😅😅😅😅😅😅😅😅😅😅😅😅😅😅😅😅😅😅😅😅😅😅😅😅😅😅😅😅😅😅😅😅😅😅😅😅😅😅😅😅😅😅😅😅😅😅😅😅😅😅😅😅😅😅😅😅😅😅😅😅😅😅😅😅😅😅😅😅😅😅😅
youtube,comment,UgyqT07aBzDk7WqUsIN4AaABAg,ss4HxMz_OqM,2026-08-28 06:44:28+00:00,2026-09-22T13:54:14Z,a3a02268fc16,Enna oru anna thangachi pasam❤,0,0,0,https://youtube.com/watch?v=ss4HxMz_OqM&lc=UgyqT07aBzDk7WqUsIN4AaABAg,Vijay Trisha,tanglish,Enna oru anna thangachi pasam❤
youtube,comment,UgxbWEIxm1TRsUionVN4AaABAg,zH0Q8imJk0c,2026-08-28 06:48:25+00:00,2026-09-22T04:33:26Z,a3a02268fc16,Entha paattu poda koodathuu uhh koodave porakkanum uhh koodave porakkanum entha paattu podunga,0,0,0,https://youtube.com/watch?v=zH0Q8imJk0c&lc=UgxbWEIxm1TRsUionVN4AaABAg,Thalapathy Vijay Trisha,en,Entha paattu poda koodathuu uhh koodave porakkanum uhh koodave porakkanum entha paattu podunga
youtube,comment,UgxxPn6Ccp8kl1dcjy54AaABAg,zH0Q8imJk0c,2026-08-28 06:48:56+00:00,2026-09-22T04:33:26Z,a3a02268fc16,Who all are watching after divorce case wapas ❤❤,0,0,0,https://youtube.com/watch?v=zH0Q8imJk0c&lc=UgxxPn6Ccp8kl1dcjy54AaABAg,Thalapathy Vijay Trisha,en,Who all are watching after divorce case wapas ❤❤
youtube,comment,UgxoEWYETmD2GGyABY14AaABAg,i1BqRYMFS08,2026-08-28 11:40:33+00:00,2026-09-22T13:54:27Z,67f7807e0942,𝟏𝐦 𝐥𝐢𝐤𝐞 𝐤𝐫𝐨 😊,1,0,0,https://youtube.com/watch?v=i1BqRYMFS08&lc=UgxoEWYETmD2GGyABY14AaABAg,Vijay Trisha,en,𝟏𝐦 𝐥𝐢𝐤𝐞 𝐤𝐫𝐨 😊
youtube,comment,Ugzh5Iz2DMsqJwlm2c94AaABAg,i1BqRYMFS08,2026-08-28 13:14:24+00:00,2026-09-22T13:54:27Z,ac24831a2b8d,Super dance😂😂😂😂❤,1,0,0,https://youtube.com/watch?v=i1BqRYMFS08&lc=Ugzh5Iz2DMsqJwlm2c94AaABAg,Vijay Trisha,en,Super dance😂😂😂😂❤
youtube,comment,UgyZ0IH8Wln_JmWqxzR4AaABAg,i1BqRYMFS08,2026-08-28 13:22:39+00:00,2026-09-22T13:54:27Z,cb14fcafe9cb,Mare tara kon kon Instragram sa ayaiho 😂😂,2,0,0,https://youtube.com/watch?v=i1BqRYMFS08&lc=UgyZ0IH8Wln_JmWqxzR4AaABAg,Vijay Trisha,en,Mare tara kon kon Instragram sa ayaiho 😂😂
youtube,comment,Ugw0HJU0yJwS-RGkb1Z4AaABAg,i1BqRYMFS08,2026-08-28 14:40:29+00:00,2026-09-22T13:54:27Z,4fe359da5696,Tamilnadu ka cm vijay,1,0,0,https://youtube.com/watch?v=i1BqRYMFS08&lc=Ugw0HJU0yJwS-RGkb1Z4AaABAg,Vijay Trisha,en,Tamilnadu ka cm vijay
youtube,comment,Ugx7ibjCVzrkYpYc6sp4AaABAg,i1BqRYMFS08,2026-08-28 14:54:52+00:00,2026-09-22T13:54:27Z,d8e17cfa81aa,"Ippadi overa kundiya aattratha paarthu, Sangita married him and now she is without life. He never changes his attitude. Nakki thinna naayum Kotthi thinna koliyum summaa irukkathu.
But one thing, he will reap what he sowed. Kutram purinthavan valkkayil nimmathi kolvathenbathethu",0,0,0,https://youtube.com/watch?v=i1BqRYMFS08&lc=Ugx7ibjCVzrkYpYc6sp4AaABAg,Vijay Trisha,en,"Ippadi overa kundiya aattratha paarthu, Sangita married him and now she is without life. He never changes his attitude. Nakki thinna naayum Kotthi thinna koliyum summaa irukkathu.
But one thing, he will reap what he sowed. Kutram purinthavan valkkayil nimmathi kolvathenbathethu"
youtube,comment,UgyAoEfrYzjCSZ2gyMR4AaABAg,i1BqRYMFS08,2026-08-28 15:02:28+00:00,2026-09-22T13:54:27Z,a09234e06477,My dr darling Trisha kooda yaruthan love varathu,0,0,0,https://youtube.com/watch?v=i1BqRYMFS08&lc=UgyAoEfrYzjCSZ2gyMR4AaABAg,Vijay Trisha,en,My dr darling Trisha kooda yaruthan love varathu
youtube,comment,UgzCwS5AFH9SvUDqQPF4AaABAg,i1BqRYMFS08,2026-08-28 15:02:44+00:00,2026-09-22T13:54:27Z,a09234e06477,Yenakkum Trisha than Venum,0,0,0,https://youtube.com/watch?v=i1BqRYMFS08&lc=UgzCwS5AFH9SvUDqQPF4AaABAg,Vijay Trisha,en,Yenakkum Trisha than Venum
youtube,comment,Ugyod2dCypHOtMsR2Zd4AaABAg,i1BqRYMFS08,2026-08-28 15:03:11+00:00,2026-09-22T13:54:27Z,a09234e06477,"Athanala Trisha na aasapatta kedapa la
..yenna",0,0,0,https://youtube.com/watch?v=i1BqRYMFS08&lc=Ugyod2dCypHOtMsR2Zd4AaABAg,Vijay Trisha,en,"Athanala Trisha na aasapatta kedapa la
..yenna"
youtube,comment,UgxsAZrntzi6qhwHggp4AaABAg,i1BqRYMFS08,2026-08-28 15:03:42+00:00,2026-09-22T13:54:27Z,a09234e06477,I love you dorling tricha,0,0,0,https://youtube.com/watch?v=i1BqRYMFS08&lc=UgxsAZrntzi6qhwHggp4AaABAg,Vijay Trisha,en,I love you dorling tricha
youtube,comment,Ugyiyy0zT0Yty9jw-C94AaABAg,i1BqRYMFS08,2026-08-28 20:38:36+00:00,2026-09-22T13:54:27Z,5714d73d27a3,Vijay apne bedroom ka strem kar raha hai kya dark web pe,0,0,0,https://youtube.com/watch?v=i1BqRYMFS08&lc=Ugyiyy0zT0Yty9jw-C94AaABAg,Vijay Trisha,en,Vijay apne bedroom ka strem kar raha hai kya dark web pe
youtube,comment,Ugw5azslmcjCfMCbF1p4AaABAg,i1BqRYMFS08,2026-08-28 23:14:57+00:00,2026-09-22T13:54:27Z,42effa27b9ff,I wish I found your channel sooner.,0,0,0,https://youtube.com/watch?v=i1BqRYMFS08&lc=Ugw5azslmcjCfMCbF1p4AaABAg,Vijay Trisha,en,I wish I found your channel sooner.
youtube,comment,UgySDnybxAfGZrDdV0p4AaABAg,i1BqRYMFS08,2026-08-28 23:28:46+00:00,2026-09-22T13:54:27Z,d5c8a854ac52,full nostalgia and our childhood and the super star Vijay 🙏❤️,0,0,0,https://youtube.com/watch?v=i1BqRYMFS08&lc=UgySDnybxAfGZrDdV0p4AaABAg,Vijay Trisha,en,full nostalgia and our childhood and the super star Vijay 🙏❤️
youtube,comment,Ugy8aAVSHD3L99nfFPl4AaABAg,i1BqRYMFS08,2026-08-29 01:28:55+00:00,2026-09-22T13:54:27Z,2d055d24c85c,Main to tode tode likh ke search kr rha tha wo to youtube ka bhla ho ki song aa gya 😆😆,1,0,0,https://youtube.com/watch?v=i1BqRYMFS08&lc=Ugy8aAVSHD3L99nfFPl4AaABAg,Vijay Trisha,en,Main to tode tode likh ke search kr rha tha wo to youtube ka bhla ho ki song aa gya 😆😆
youtube,comment,UgwZrDaUSZw0UyCE6Zd4AaABAg,AA_I1tH4Emk,2026-08-29 01:40:26+00:00,2026-09-22T13:54:39Z,310174b7ba2c,Enga thanni vartho anga thanni varanum nu vaai asaiyala but mic la varthu editing pannirukano 😢,0,0,0,https://youtube.com/watch?v=AA_I1tH4Emk&lc=UgwZrDaUSZw0UyCE6Zd4AaABAg,Udhayanidhi Trisha,en,Enga thanni vartho anga thanni varanum nu vaai asaiyala but mic la varthu editing pannirukano 😢
youtube,comment,UgwunkA7IZmBhX1m-Bt4AaABAg,i1BqRYMFS08,2026-08-29 02:31:18+00:00,2026-09-22T13:54:27Z,f680f7fd05e8,YouTube algorithm 😅,1,0,0,https://youtube.com/watch?v=i1BqRYMFS08&lc=UgwunkA7IZmBhX1m-Bt4AaABAg,Vijay Trisha,en,YouTube algorithm 😅
youtube,comment,UgzKuBNzLkrYIVjcout4AaABAg,KG-eX3o03ME,2026-08-29 03:02:56+00:00,2026-09-22T04:32:35Z,e0e966f49803,Batli Trisha,0,0,0,https://youtube.com/watch?v=KG-eX3o03ME&lc=UgzKuBNzLkrYIVjcout4AaABAg,Vijay Trisha,en,Batli Trisha
youtube,comment,Ugw_Jnw4PRmbTG35Yox4AaABAg,LZP01UodlaU,2026-08-29 04:02:21+00:00,2026-09-22T13:54:18Z,9c51524a3f62,Both also Sameless,0,0,0,https://youtube.com/watch?v=LZP01UodlaU&lc=Ugw_Jnw4PRmbTG35Yox4AaABAg,Vijay Trisha,en,Both also Sameless
youtube,comment,UgwELIs1EYjPhmMByl94AaABAg,4joO_8Ct2tM,2026-08-29 04:02:27+00:00,2026-09-22T13:54:07Z,e0e966f49803,Trisha known Batli,0,0,0,https://youtube.com/watch?v=4joO_8Ct2tM&lc=UgwELIs1EYjPhmMByl94AaABAg,Vijay Trisha,en,Trisha known Batli
youtube,comment,UgzlztH9URYJiwadBBl4AaABAg,i1BqRYMFS08,2026-08-29 05:03:41+00:00,2026-09-22T13:54:27Z,58849b99c6df,Super dancer tvk,0,0,0,https://youtube.com/watch?v=i1BqRYMFS08&lc=UgzlztH9URYJiwadBBl4AaABAg,Vijay Trisha,en,Super dancer tvk
youtube,comment,Ugxa2hq317C1zwftKax4AaABAg,i1BqRYMFS08,2026-08-29 05:11:45+00:00,2026-09-22T13:54:27Z,3eded1925cb5,thalapathii fAN,0,0,0,https://youtube.com/watch?v=i1BqRYMFS08&lc=Ugxa2hq317C1zwftKax4AaABAg,Vijay Trisha,en,thalapathii fAN
youtube,comment,UgzYFhCX6vCNPz_DCnx4AaABAg,i1BqRYMFS08,2026-08-29 05:19:31+00:00,2026-09-22T13:54:27Z,298b7442d96e,"944K likes ❤
153M views 😮",0,0,0,https://youtube.com/watch?v=i1BqRYMFS08&lc=UgzYFhCX6vCNPz_DCnx4AaABAg,Vijay Trisha,en,"944K likes ❤
153M views 😮"
youtube,comment,Ugyp5HN6KzPL2hPzhOJ4AaABAg,T7w0Scr1bG8,2026-08-29 06:40:37+00:00,2026-09-22T13:54:33Z,96eecbbb58b2,Na thanda leo .....leo dasss😎🤏🔥🔥🔥,0,0,0,https://youtube.com/watch?v=T7w0Scr1bG8&lc=Ugyp5HN6KzPL2hPzhOJ4AaABAg,Vijay Trisha,en,Na thanda leo .....leo dasss😎🤏🔥🔥🔥
youtube,comment,Ugy7gNAbyj9Mwasi5qV4AaABAg,i1BqRYMFS08,2026-08-29 07:56:57+00:00,2026-09-22T13:54:27Z,4994e9910eca,Music has no language only have emotions,0,0,0,https://youtube.com/watch?v=i1BqRYMFS08&lc=Ugy7gNAbyj9Mwasi5qV4AaABAg,Vijay Trisha,en,Music has no language only have emotions
youtube,comment,UgxUO6l3i3hHYeTIJvh4AaABAg,vMyj_qs7hrY,2026-08-29 08:31:10+00:00,2026-09-22T04:33:47Z,cd2ea13e17a6,200 ரூபாய் ஸ்டாலின் தருகின்றார் வாங்கிக் கொண்டு இப்படி பேசுறாங்க,0,0,0,https://youtube.com/watch?v=vMyj_qs7hrY&lc=UgxUO6l3i3hHYeTIJvh4AaABAg,Vijay Sangeetha divorce,ta,Stalin gives 200 rupees and buys it and talks like this
youtube,comment,Ugy49uyJz2l0mqtQeEp4AaABAg,i1BqRYMFS08,2026-08-29 09:17:46+00:00,2026-09-22T13:54:27Z,354a064c50b0,❤❤❤❤🎉🎉🎉🎉😮😅😊😊😊😊,0,0,0,https://youtube.com/watch?v=i1BqRYMFS08&lc=Ugy49uyJz2l0mqtQeEp4AaABAg,Vijay Trisha,en,❤❤❤❤🎉🎉🎉🎉😮😅😊😊😊😊
youtube,comment,UgyJMosTEN42kTXHv1Z4AaABAg,i1BqRYMFS08,2026-08-29 09:17:57+00:00,2026-09-22T13:54:27Z,a6fe8a60390f,❤❤❤❤❤❤❤❤👌👌👌👌,2,0,0,https://youtube.com/watch?v=i1BqRYMFS08&lc=UgyJMosTEN42kTXHv1Z4AaABAg,Vijay Trisha,en,❤❤❤❤❤❤❤❤👌👌👌👌
youtube,comment,Ugz_rRs0MUzWC_PtThB4AaABAg,i1BqRYMFS08,2026-08-29 11:04:43+00:00,2026-09-22T13:54:27Z,f115821a926f,After Dark,1,0,0,https://youtube.com/watch?v=i1BqRYMFS08&lc=Ugz_rRs0MUzWC_PtThB4AaABAg,Vijay Trisha,en,After Dark
youtube,comment,Ugyly2wZpqTX5zJQ8ZR4AaABAg,i1BqRYMFS08,2026-08-29 14:39:50+00:00,2026-09-22T13:54:27Z,01ab0b337e25,I listen this song in 2026 becuz of gatta kusti 2,8,0,0,https://youtube.com/watch?v=i1BqRYMFS08&lc=Ugyly2wZpqTX5zJQ8ZR4AaABAg,Vijay Trisha,en,I listen this song in 2026 becuz of gatta kusti 2
youtube,comment,UgyP7HXfTPFljBPvp814AaABAg,i1BqRYMFS08,2026-08-29 16:38:43+00:00,2026-09-22T13:54:27Z,47978eeecc8f,"Understanding=0%
Vibe=100%😍😍🫣🫣🥰🥰🥰",1,0,0,https://youtube.com/watch?v=i1BqRYMFS08&lc=UgyP7HXfTPFljBPvp814AaABAg,Vijay Trisha,en,"Understanding=0%
Vibe=100%😍😍🫣🫣🥰🥰🥰"
youtube,comment,Ugx78oniHuan-cUcwrd4AaABAg,i1BqRYMFS08,2026-08-29 18:38:42+00:00,2026-09-22T13:54:27Z,e7fd3b892721,Now vijay is tamilnadu CM ❤❤❤❤  lots of love from Andhra Pradesh,1,0,0,https://youtube.com/watch?v=i1BqRYMFS08&lc=Ugx78oniHuan-cUcwrd4AaABAg,Vijay Trisha,en,Now vijay is tamilnadu CM ❤❤❤❤  lots of love from Andhra Pradesh
youtube,comment,UgwM3t_1rd1kbp_GdhV4AaABAg,i1BqRYMFS08,2026-08-30 04:00:00+00:00,2026-09-22T13:54:27Z,1790c18d4cb7,Gana to kuchh samjh me nahi aa raha hai fir bhi sunne me achha lagata hai 😊😊,2,0,0,https://youtube.com/watch?v=i1BqRYMFS08&lc=UgwM3t_1rd1kbp_GdhV4AaABAg,Vijay Trisha,en,Gana to kuchh samjh me nahi aa raha hai fir bhi sunne me achha lagata hai 😊😊
youtube,comment,Ugxrs_62QclLYIyJDU94AaABAg,i1BqRYMFS08,2026-08-30 04:58:30+00:00,2026-09-22T13:54:27Z,beea9aba69b2,Super song in heart touch❤❤❤,1,0,0,https://youtube.com/watch?v=i1BqRYMFS08&lc=Ugxrs_62QclLYIyJDU94AaABAg,Vijay Trisha,en,Super song in heart touch❤❤❤
youtube,comment,UgyPpV5EQt02OhfOG-R4AaABAg,5B50fq1slcA,2026-08-30 05:19:25+00:00,2026-09-22T04:33:08Z,4a8fc14c7687,Vijay thalapathy and Trisha was nice match wow what a beautiful dance,0,0,0,https://youtube.com/watch?v=5B50fq1slcA&lc=UgyPpV5EQt02OhfOG-R4AaABAg,Thalapathy Vijay Trisha,en,Vijay thalapathy and Trisha was nice match wow what a beautiful dance
youtube,comment,UgxEUsfaaAaaNgLoGGd4AaABAg,i1BqRYMFS08,2026-08-30 05:39:02+00:00,2026-09-22T13:54:27Z,aab1b4a26c21,❤❤❤❤❤❤❤❤❤❤❤❤❤❤❤❤❤,1,0,0,https://youtube.com/watch?v=i1BqRYMFS08&lc=UgxEUsfaaAaaNgLoGGd4AaABAg,Vijay Trisha,en,❤❤❤❤❤❤❤❤❤❤❤❤❤❤❤❤❤
youtube,comment,UgwVLPElZhoJDjAAaVl4AaABAg,i1BqRYMFS08,2026-08-30 05:39:21+00:00,2026-09-22T13:54:27Z,aab1b4a26c21,❤❤❤❤❤❤❤❤❤❤❤❤❤❤❤❤❤❤,1,0,0,https://youtube.com/watch?v=i1BqRYMFS08&lc=UgwVLPElZhoJDjAAaVl4AaABAg,Vijay Trisha,en,❤❤❤❤❤❤❤❤❤❤❤❤❤❤❤❤❤❤
youtube,comment,UgxmAlLXt6vf2kD6YIN4AaABAg,i1BqRYMFS08,2026-08-30 05:48:05+00:00,2026-09-22T13:54:27Z,e2ffeb45a7af,2:48 heatbreak💔,3,2,0,https://youtube.com/watch?v=i1BqRYMFS08&lc=UgxmAlLXt6vf2kD6YIN4AaABAg,Vijay Trisha,en,2:48 heatbreak💔
youtube,comment,UgxnsdcHkPGgkoJHKwZ4AaABAg,i1BqRYMFS08,2026-08-30 07:18:57+00:00,2026-09-22T13:54:27Z,6a0465137530,Me to bihar se hu ❤❤❤❤❤❤😂😂😂😂,1,0,0,https://youtube.com/watch?v=i1BqRYMFS08&lc=UgxnsdcHkPGgkoJHKwZ4AaABAg,Vijay Trisha,en,Me to bihar se hu ❤❤❤❤❤❤😂😂😂😂
youtube,comment,UgwCjnmuhG2gr8TLhut4AaABAg,DUdl8kGBXkE,2026-08-30 08:50:43+00:00,2026-09-22T04:32:45Z,181622a26636,உதிரபடுகைமண்ணிப்பகோரல்கல்கிஉமாவரம்ஊதல் ஐதலகம் 🪵🪔☘️🦋🍼🥑🏚🫐🍁🌈⚡🐙🥀,0,0,0,https://youtube.com/watch?v=DUdl8kGBXkE&lc=UgwCjnmuhG2gr8TLhut4AaABAg,Vijay Trisha,ta,Uthirapadukaimanippakoralkalkiumavaramuthal aitalakam 🪵🪔☘️🦋🍼🥑🏚🫐🍁🌈⚡🐙🥀
youtube,comment,UgxbOjONoLcqwjCAYVp4AaABAg,ldUTAZBarwc,2026-08-30 08:54:45+00:00,2026-09-22T04:33:14Z,181622a26636,கலிபருப்புவிதை பரூவீதை தே ஓ ஊதல்🍼🦊🐒,0,0,0,https://youtube.com/watch?v=ldUTAZBarwc&lc=UgxbOjONoLcqwjCAYVp4AaABAg,Thalapathy Vijay Trisha,ta,Kalidaruppuvidhai paruveedhai te o uthal🍼🦊🐒
youtube,comment,UgzQ5Y9RWaDCdizpakF4AaABAg,zH0Q8imJk0c,2026-08-30 09:02:40+00:00,2026-09-22T04:33:26Z,181622a26636,ஆவணி பூபுபீசணம் ஞடம் யரம் கவம் ஞாயிறு 12 பிண்டதர்பணம் இறங்கழ் உயிர் மண் ஊதல் த்வி,0,0,0,https://youtube.com/watch?v=zH0Q8imJk0c&lc=UgzQ5Y9RWaDCdizpakF4AaABAg,Thalapathy Vijay Trisha,ta,Avani Bhupupeesanam Ndama Yaram Kavam Sunday 12th Bindadarpanam Akakaral Viyo Mudhal Twi
youtube,comment,Ugx8pF2j44TYm6Zz4gB4AaABAg,i1BqRYMFS08,2026-08-30 09:20:43+00:00,2026-09-22T13:54:27Z,ca40ee15b95b,என் உதட்டுல நீ இன்னிக்கிறியே ❤️❤️ meleted my heart ❤️❤️❤️🫀,1,0,0,https://youtube.com/watch?v=i1BqRYMFS08&lc=Ugx8pF2j44TYm6Zz4gB4AaABAg,Vijay Trisha,mixed,You are sweet on my lips ❤️❤️ melted my heart ❤️❤️❤️🫀
youtube,comment,Ugz1Sdif2pa3NFa19X14AaABAg,i1BqRYMFS08,2026-08-30 09:59:22+00:00,2026-09-22T13:54:27Z,93b7dc4d2388,Anyone from north india??😅,6,0,0,https://youtube.com/watch?v=i1BqRYMFS08&lc=Ugz1Sdif2pa3NFa19X14AaABAg,Vijay Trisha,en,Anyone from north india??😅
youtube,comment,Ugzntq8aljE0Xx2-enZ4AaABAg,i1BqRYMFS08,2026-08-30 10:26:49+00:00,2026-09-22T13:54:27Z,3ebaa1631888,Always Vijay,2,0,0,https://youtube.com/watch?v=i1BqRYMFS08&lc=Ugzntq8aljE0Xx2-enZ4AaABAg,Vijay Trisha,en,Always Vijay
youtube,comment,UgzQNNv0AcTUAQ83-7J4AaABAg,i1BqRYMFS08,2026-08-30 10:52:03+00:00,2026-09-22T13:54:27Z,9040b9547460,Jollyogymrhana😎😎🌕🌕💙💙💙💙💙🩷🩷🩷🩷🩷,1,0,0,https://youtube.com/watch?v=i1BqRYMFS08&lc=UgzQNNv0AcTUAQ83-7J4AaABAg,Vijay Trisha,en,Jollyogymrhana😎😎🌕🌕💙💙💙💙💙🩷🩷🩷🩷🩷
youtube,comment,Ugxul5Lslru9_99mJO14AaABAg,i1BqRYMFS08,2026-08-30 10:53:14+00:00,2026-09-22T13:54:27Z,f3f2d252048c,understanding 0 vibe  💯,2,0,0,https://youtube.com/watch?v=i1BqRYMFS08&lc=Ugxul5Lslru9_99mJO14AaABAg,Vijay Trisha,en,understanding 0 vibe  💯
youtube,comment,UgzLJQSGZ3jL6BCC2K94AaABAg,i1BqRYMFS08,2026-08-30 11:06:19+00:00,2026-09-22T13:54:27Z,1364329d7ca0,❤❤❤❤❤❤ Supar ❤❤❤❤❤,1,0,0,https://youtube.com/watch?v=i1BqRYMFS08&lc=UgzLJQSGZ3jL6BCC2K94AaABAg,Vijay Trisha,en,❤❤❤❤❤❤ Supar ❤❤❤❤❤
youtube,comment,UgwY7lzfRbMototLt0Z4AaABAg,i1BqRYMFS08,2026-08-30 11:26:29+00:00,2026-09-22T13:54:26Z,e4ac37cd70ed,Nice brother and sister ☺️,2,0,0,https://youtube.com/watch?v=i1BqRYMFS08&lc=UgwY7lzfRbMototLt0Z4AaABAg,Vijay Trisha,en,Nice brother and sister ☺️
youtube,comment,Ugw4QBmiWucHkKTSWJl4AaABAg,i1BqRYMFS08,2026-08-30 14:51:49+00:00,2026-09-22T13:54:26Z,2b58bb09a9ce,Who are coming after gatta kusthi 2😅,2,0,0,https://youtube.com/watch?v=i1BqRYMFS08&lc=Ugw4QBmiWucHkKTSWJl4AaABAg,Vijay Trisha,en,Who are coming after gatta kusthi 2😅
youtube,comment,Ugw1149DJr1AHpDxx_B4AaABAg,i1BqRYMFS08,2026-08-30 15:17:28+00:00,2026-09-22T13:54:26Z,bc0ff4fefd78,❤❤❤❤❤❤❤❤❤❤❤❤❤❤❤❤❤❤❤❤❤❤❤❤❤❤❤❤❤❤❤❤❤❤❤❤😊😊,1,0,0,https://youtube.com/watch?v=i1BqRYMFS08&lc=Ugw1149DJr1AHpDxx_B4AaABAg,Vijay Trisha,en,❤❤❤❤❤❤❤❤❤❤❤❤❤❤❤❤❤❤❤❤❤❤❤❤❤❤❤❤❤❤❤❤❤❤❤❤😊😊
youtube,comment,UgzKWVrcmWqvSJjHyuh4AaABAg,i1BqRYMFS08,2026-08-30 16:38:21+00:00,2026-09-22T13:54:26Z,734f889b9f48,A Hindi version of this song should also be remake,1,0,0,https://youtube.com/watch?v=i1BqRYMFS08&lc=UgzKWVrcmWqvSJjHyuh4AaABAg,Vijay Trisha,en,A Hindi version of this song should also be remake
youtube,comment,UgwmvoNRb934rRphD-F4AaABAg,i1BqRYMFS08,2026-08-30 17:04:21+00:00,2026-09-22T13:54:26Z,83f477024bfe,TELUGU SONG SUPER,1,0,0,https://youtube.com/watch?v=i1BqRYMFS08&lc=UgwmvoNRb934rRphD-F4AaABAg,Vijay Trisha,en,TELUGU SONG SUPER
youtube,comment,UgyR_7ZI6Q-ACgZC5vN4AaABAg,i1BqRYMFS08,2026-08-30 18:47:11+00:00,2026-09-22T13:54:26Z,71efaf5d75f0,Love form Tripura,1,1,0,https://youtube.com/watch?v=i1BqRYMFS08&lc=UgyR_7ZI6Q-ACgZC5vN4AaABAg,Vijay Trisha,en,Love form Tripura
youtube,comment,UgxJYP4W_qzCuFlcdVx4AaABAg,i1BqRYMFS08,2026-08-30 19:35:51+00:00,2026-09-22T13:54:26Z,8f541c74806d,parthiban before marrying  sathya,1,0,0,https://youtube.com/watch?v=i1BqRYMFS08&lc=UgxJYP4W_qzCuFlcdVx4AaABAg,Vijay Trisha,en,parthiban before marrying  sathya
youtube,comment,UgzB2u_lDKp55EiDuXJ4AaABAg,i1BqRYMFS08,2026-08-31 06:04:05+00:00,2026-09-22T13:54:26Z,efe6ad82967a,"সেই, ফাটিয়ে, দিয়েছি, এইগানেনেচে💚💚💚💚💚💚💚💚💚💚💚💚💚😊😊😊😊😊😊😊😊😊😊😊",1,0,0,https://youtube.com/watch?v=i1BqRYMFS08&lc=UgzB2u_lDKp55EiDuXJ4AaABAg,Vijay Trisha,en,"সেই, ফাটিয়ে, দিয়েছি, এইগানেনেচে💚💚💚💚💚💚💚💚💚💚💚💚💚😊😊😊😊😊😊😊😊😊😊😊"
youtube,comment,UgysXocGc6XZ8zQtYrB4AaABAg,i1BqRYMFS08,2026-08-31 06:36:35+00:00,2026-09-22T13:54:26Z,c90caf0bb8dd,Koi ajj sun raha h kya ❤😂,2,1,0,https://youtube.com/watch?v=i1BqRYMFS08&lc=UgysXocGc6XZ8zQtYrB4AaABAg,Vijay Trisha,en,Koi ajj sun raha h kya ❤😂
youtube,comment,UgyD8TwgmFAlfkXaN8R4AaABAg,i1BqRYMFS08,2026-08-31 11:24:42+00:00,2026-09-22T13:54:26Z,0474b4d11dc1,Very nice  👌 👌👌👌👌👌,1,0,0,https://youtube.com/watch?v=i1BqRYMFS08&lc=UgyD8TwgmFAlfkXaN8R4AaABAg,Vijay Trisha,en,Very nice  👌 👌👌👌👌👌
youtube,comment,UgzzV3XqVXVlIJ58ITh4AaABAg,ElcWEeqqUE0,2026-08-31 11:54:45+00:00,2026-09-22T04:20:22Z,1f8dadb4d7fc,"People supporting Jayalalitha should always remember Dharmapuri Bus Burning incident.

She used her women card to build her power but her abuse of power killed women and ruined 3 families.

NEVER FORGET NEVER FORGIVE.",0,0,0,https://youtube.com/watch?v=ElcWEeqqUE0&lc=UgzzV3XqVXVlIJ58ITh4AaABAg,Kangana Trisha,en,"People supporting Jayalalitha should always remember Dharmapuri Bus Burning incident.

She used her women card to build her power but her abuse of power killed women and ruined 3 families.

NEVER FORGET NEVER FORGIVE."
youtube,comment,UgxzQNctbcjva_bkoGR4AaABAg,i1BqRYMFS08,2026-08-31 12:14:26+00:00,2026-09-22T13:54:26Z,6f8f6672b82c,Me after gatta kushti 2❤,1,0,0,https://youtube.com/watch?v=i1BqRYMFS08&lc=UgxzQNctbcjva_bkoGR4AaABAg,Vijay Trisha,en,Me after gatta kushti 2❤
youtube,comment,Ugxa1wnDBFmEP-CPkz54AaABAg,i1BqRYMFS08,2026-08-31 12:48:14+00:00,2026-09-22T13:54:26Z,43ef48b6dec6,Vijay thalapathy old prime❤,1,0,0,https://youtube.com/watch?v=i1BqRYMFS08&lc=Ugxa1wnDBFmEP-CPkz54AaABAg,Vijay Trisha,en,Vijay thalapathy old prime❤
youtube,comment,UgzUB0zWMXjUiq5bdOl4AaABAg,i1BqRYMFS08,2026-08-31 14:07:10+00:00,2026-09-22T13:54:26Z,c1544557a3c9,Daily lisner like Karo😂,0,0,0,https://youtube.com/watch?v=i1BqRYMFS08&lc=UgzUB0zWMXjUiq5bdOl4AaABAg,Vijay Trisha,en,Daily lisner like Karo😂
youtube,comment,UgwtYG_zzpC9w_57Oex4AaABAg,vMyj_qs7hrY,2026-08-31 14:41:27+00:00,2026-09-22T04:33:47Z,b73e783dc78b,Why can't  he take care of other his own got settled,0,0,0,https://youtube.com/watch?v=vMyj_qs7hrY&lc=UgwtYG_zzpC9w_57Oex4AaABAg,Vijay Sangeetha divorce,en,Why can't  he take care of other his own got settled
youtube,comment,Ugz3gc-BOuZG_x14xI54AaABAg,i1BqRYMFS08,2026-08-31 15:06:24+00:00,2026-09-22T13:54:26Z,a477b1b29963,3:55 staring,0,0,0,https://youtube.com/watch?v=i1BqRYMFS08&lc=Ugz3gc-BOuZG_x14xI54AaABAg,Vijay Trisha,en,3:55 staring
youtube,comment,UgzZ5RkRiC14RXHewgF4AaABAg,i1BqRYMFS08,2026-08-31 15:20:48+00:00,2026-09-22T13:54:26Z,c8bd09982785,"Hoi .. Appudi podu podu podu
Asathi podu kannaale
Ippudi podu podu podu
Izhuthu podu kaiyyaale


Onnoade ooru suthe
uppu moote aerikkiraen
Onnoade kanne pothi
kannaamoochi aade varaen
Indhe nadai poadhuma?
Innum konjam vaenuma?
Indhe nadai poadhuma?
Innum konjam vaenuma?
Aye Indhe nadai poadhuma?
Innum konjam vaenuma?


Appudi podu podu podu
Asathi podu kannaale
Ippudi podu podu podu

Izhuthu podu kayyaale

oh...
En manasile nee ninaaikkiriyae
Aye azhagha en kanavile
nee muzhikkiriyae
Aye adada en uthattule nee inikkiriyae
Idhu nijamthaanaa?


En usurule nee thudikkiriyae,

Aye azhagi en vayasule nee paduthiriyae
Ai medhuva en kazhuthule nee manakiriyae
Idhu adhuthaanaa?


Unnai paathe santhoasathil
rendu madanga poothirunthaen
Unnai thotte achathile moonu
kodam naan vaerthirunthaern,


Onnoade kannangalai
kaakaa kadi naan kadikke
Ennoade kaadhu pakkam
selle kadi nee kadikke
Indhe vayasu poadhuma?
Innum konjam vaenuma?
Indhe vayasu poadhuma?
Innum konjam vaenuma?
Indhe vayasu poadhuma?
Innum konjam vaenuma?


Appudi podu podu podu
Asathi podu kannaale
Ippudi podu podu podu

Izhuthu podu kayyaale

Thikke vekkire thinare vekkiriyae
Nee medhuvaa vikke vekkire
viyarka vekkiriyae
Nee ennathaan
pathatha vekkire padhanga vekkiriyae
Ithu sarithaanaa?


Sikke vekkire, sevakke vekkire

Nee joaraa sokka vekkire
sozhala vekkiriyae
Nee azhagha paththa vekkire
padhara vekkiriyae
Ithu muraithaanaa?


Otha paarvai nenjukulle
Oosi noolum koarkuthadi
Theththu pallu sirippil ellaam
Pathu nilavu therikkuthadi


thai thai-nu aadikittu
Onnoadu naanum varaen
Nai nai-nu paesikittu
Onn koode saernthu varaen
Indha aatam poadhumaa?
Innam konjam vaenumaa?
Indha aatam poadhumaa?
Innam konjam vaenumaa?
Ei Indha aatam poadhumaa?
Innam konjam vaenumaa?


Ui.. Appudi podu podu podu
Asathi podu kannaale
Ippudi podu podu podu
Izhuthu podu kayyaale

Onnoade ooru suthe
uppu moote aerikkiraen

Onnoade kanne pothi
kannaamoochi aade varaen
Indhe nadai poadhuma?
Innum konjam vaenuma?
Indhe nadai poadhuma?
Innum konjam vaenuma?
Aye Indhe nadai poadhuma?

Innum konjam vaenuma?",0,0,0,https://youtube.com/watch?v=i1BqRYMFS08&lc=UgzZ5RkRiC14RXHewgF4AaABAg,Vijay Trisha,tanglish,"Hoi .. Appudi podu podu podu
Asathi podu kannaale
Ippudi podu podu podu
Izhuthu podu kaiyyaale


Onnoade ooru suthe
uppu moote aerikkiraen
Onnoade kanne pothi
kannaamoochi aade varaen
Indhe nadai poadhuma?
Innum konjam vaenuma?
Indhe nadai poadhuma?
Innum konjam vaenuma?
Aye Indhe nadai poadhuma?
Innum konjam vaenuma?


Appudi podu podu podu
Asathi podu kannaale
Ippudi podu podu podu

Izhuthu podu kayyaale

oh...
En manasile nee ninaaikkiriyae
Aye azhagha en kanavile
nee muzhikkiriyae
Aye adada en uthattule nee inikkiriyae
Idhu nijamthaanaa?


En usurule nee thudikkiriyae,

Aye azhagi en vayasule nee paduthiriyae
Ai medhuva en kazhuthule nee manakiriyae
Idhu adhuthaanaa?


Unnai paathe santhoasathil
rendu madanga poothirunthaen
Unnai thotte achathile moonu
kodam naan vaerthirunthaern,


Onnoade kannangalai
kaakaa kadi naan kadikke
Ennoade kaadhu pakkam
selle kadi nee kadikke
Indhe vayasu poadhuma?
Innum konjam vaenuma?
Indhe vayasu poadhuma?
Innum konjam vaenuma?
Indhe vayasu poadhuma?
Innum konjam vaenuma?


Appudi podu podu podu
Asathi podu kannaale
Ippudi podu podu podu

Izhuthu podu kayyaale

Thikke vekkire thinare vekkiriyae
Nee medhuvaa vikke vekkire
viyarka vekkiriyae
Nee ennathaan
pathatha vekkire padhanga vekkiriyae
Ithu sarithaanaa?


Sikke vekkire, sevakke vekkire

Nee joaraa sokka vekkire
sozhala vekkiriyae
Nee azhagha paththa vekkire
padhara vekkiriyae
Ithu muraithaanaa?


Otha paarvai nenjukulle
Oosi noolum koarkuthadi
Theththu pallu sirippil ellaam
Pathu nilavu therikkuthadi


thai thai-nu aadikittu
Onnoadu naanum varaen
Nai nai-nu paesikittu
Onn koode saernthu varaen
Indha aatam poadhumaa?
Innam konjam vaenumaa?
Indha aatam poadhumaa?
Innam konjam vaenumaa?
Ei Indha aatam poadhumaa?
Innam konjam vaenumaa?


Ui.. Appudi podu podu podu
Asathi podu kannaale
Ippudi podu podu podu
Izhuthu podu kayyaale

Onnoade ooru suthe
uppu moote aerikkiraen

Onnoade kanne pothi
kannaamoochi aade varaen
Indhe nadai poadhuma?
Innum konjam vaenuma?
Indhe nadai poadhuma?
Innum konjam vaenuma?
Aye Indhe nadai poadhuma?

Innum konjam vaenuma?"
youtube,comment,UgydozsG3eYkU5yh7v54AaABAg,i1BqRYMFS08,2026-08-31 15:43:45+00:00,2026-09-22T13:54:26Z,a839dde9c22e,Yes I ma cockroach alpha ❤,1,0,0,https://youtube.com/watch?v=i1BqRYMFS08&lc=UgydozsG3eYkU5yh7v54AaABAg,Vijay Trisha,en,Yes I ma cockroach alpha ❤
youtube,comment,Ugy1uCLikSDKMJv3vIR4AaABAg,i1BqRYMFS08,2026-08-31 15:50:14+00:00,2026-09-22T13:54:26Z,c8a138b49ba1,Cm dancing 🕺 👌,1,0,0,https://youtube.com/watch?v=i1BqRYMFS08&lc=Ugy1uCLikSDKMJv3vIR4AaABAg,Vijay Trisha,en,Cm dancing 🕺 👌
youtube,comment,UgxexmC7f9SzLq216ZF4AaABAg,i1BqRYMFS08,2026-08-31 16:01:55+00:00,2026-09-22T13:54:26Z,2e256bf11906,1:30 1:55 😊😊😊😊😅,1,0,0,https://youtube.com/watch?v=i1BqRYMFS08&lc=UgxexmC7f9SzLq216ZF4AaABAg,Vijay Trisha,en,1:30 1:55 😊😊😊😊😅
youtube,comment,UgySe4NhFPK49hL-gzd4AaABAg,5B50fq1slcA,2026-08-31 16:18:08+00:00,2026-09-22T04:33:08Z,d78cced4e7ee,Nijathane🎶💕🫂,0,0,0,https://youtube.com/watch?v=5B50fq1slcA&lc=UgySe4NhFPK49hL-gzd4AaABAg,Thalapathy Vijay Trisha,en,Nijathane🎶💕🫂
youtube,comment,UgwNEWpmnm7tu-eeo3p4AaABAg,i1BqRYMFS08,2026-08-31 16:22:05+00:00,2026-09-22T13:54:26Z,be23548a9501,Isn't this copied in hum na tode fode bollywood song 😂,0,0,0,https://youtube.com/watch?v=i1BqRYMFS08&lc=UgwNEWpmnm7tu-eeo3p4AaABAg,Vijay Trisha,en,Isn't this copied in hum na tode fode bollywood song 😂
youtube,comment,Ugzd6rzOB4I-cM7ahjx4AaABAg,i1BqRYMFS08,2026-08-31 17:02:35+00:00,2026-09-22T13:54:26Z,2fb7019cb35c,Vijay Thalapathi bhaut must hai bhai,0,0,0,https://youtube.com/watch?v=i1BqRYMFS08&lc=Ugzd6rzOB4I-cM7ahjx4AaABAg,Vijay Trisha,en,Vijay Thalapathi bhaut must hai bhai
youtube,comment,UgxtE-CuslSXw5fE2Gp4AaABAg,i1BqRYMFS08,2026-08-31 18:49:39+00:00,2026-09-22T13:54:26Z,82d773d7795d,"ತಮಿಳು ಭಾಷೆ ಅರ್ಥ ಆಗಲಿಲ್ಲ. ಆದರೆ, ಸಂಗೀತ ನಿರ್ದೇಶನ ಉತ್ತಮವಾಗಿದೆ ಪುನಃ ಪುನಃ ಕೇಳಬೇಕು ಅನಿಸುತ್ತದೆ.

ಸುಪರ್ 👌",0,2,0,https://youtube.com/watch?v=i1BqRYMFS08&lc=UgxtE-CuslSXw5fE2Gp4AaABAg,Vijay Trisha,en,"ತಮಿಳು ಭಾಷೆ ಅರ್ಥ ಆಗಲಿಲ್ಲ. ಆದರೆ, ಸಂಗೀತ ನಿರ್ದೇಶನ ಉತ್ತಮವಾಗಿದೆ ಪುನಃ ಪುನಃ ಕೇಳಬೇಕು ಅನಿಸುತ್ತದೆ.

ಸುಪರ್ 👌"
youtube,comment,UgwYIWqhZAbhcg-bn1J4AaABAg,i1BqRYMFS08,2026-09-01 00:17:35+00:00,2026-09-22T13:54:26Z,3c0a6535aa2d,Vibe to hai 😂,0,0,0,https://youtube.com/watch?v=i1BqRYMFS08&lc=UgwYIWqhZAbhcg-bn1J4AaABAg,Vijay Trisha,en,Vibe to hai 😂
youtube,comment,Ugxy60aQoojtxA-di0F4AaABAg,i1BqRYMFS08,2026-09-01 03:58:31+00:00,2026-09-22T13:54:26Z,e6a6893f8a43,😂best vibe😅,0,0,0,https://youtube.com/watch?v=i1BqRYMFS08&lc=Ugxy60aQoojtxA-di0F4AaABAg,Vijay Trisha,en,😂best vibe😅
youtube,comment,Ugw5Ib0ElieCeQnOaHZ4AaABAg,i1BqRYMFS08,2026-09-01 03:59:25+00:00,2026-09-22T13:54:26Z,bc3c72dc81a7,TrishaTheLegend ❤u,0,0,0,https://youtube.com/watch?v=i1BqRYMFS08&lc=Ugw5Ib0ElieCeQnOaHZ4AaABAg,Vijay Trisha,en,TrishaTheLegend ❤u
youtube,comment,UgyEPfxFCkzBIQDh1S94AaABAg,i1BqRYMFS08,2026-09-01 04:54:33+00:00,2026-09-22T13:54:26Z,508c816b1444,understand 00. Vibe 100 %,0,0,0,https://youtube.com/watch?v=i1BqRYMFS08&lc=UgyEPfxFCkzBIQDh1S94AaABAg,Vijay Trisha,en,understand 00. Vibe 100 %
youtube,comment,UgxQYDFjDjsxiip4iuh4AaABAg,i1BqRYMFS08,2026-09-01 05:29:46+00:00,2026-09-22T13:54:26Z,f9b38187c5f0,Cm sir pathi yaaraachum thapaa pesininga vettipuduvan,1,0,0,https://youtube.com/watch?v=i1BqRYMFS08&lc=UgxQYDFjDjsxiip4iuh4AaABAg,Vijay Trisha,en,Cm sir pathi yaaraachum thapaa pesininga vettipuduvan
youtube,comment,UgxxY-oGzvXFkVr_LrR4AaABAg,i1BqRYMFS08,2026-09-01 07:57:14+00:00,2026-09-22T13:54:26Z,80fb9ce250ca,I would love to know hindi meaning plz,0,0,0,https://youtube.com/watch?v=i1BqRYMFS08&lc=UgxxY-oGzvXFkVr_LrR4AaABAg,Vijay Trisha,en,I would love to know hindi meaning plz
youtube,comment,UgwdbanNPYwH0Yxqvj14AaABAg,i1BqRYMFS08,2026-09-01 10:15:16+00:00,2026-09-22T13:54:26Z,758b5d04d6ed,Any one in 2026😊,0,0,0,https://youtube.com/watch?v=i1BqRYMFS08&lc=UgwdbanNPYwH0Yxqvj14AaABAg,Vijay Trisha,en,Any one in 2026😊
youtube,comment,Ugwj0T7Cp6v1VLk9R154AaABAg,i1BqRYMFS08,2026-09-01 11:25:09+00:00,2026-09-22T13:54:26Z,e2bd0452cd00,இங்கே இருந்த தான் எல்லாம் பிரச்சனைகளும் ஆரம்பம் 😅😅😅😅😅,0,0,0,https://youtube.com/watch?v=i1BqRYMFS08&lc=Ugwj0T7Cp6v1VLk9R154AaABAg,Vijay Trisha,ta,It was here that all the problems started 😅😅😅😅😅😅
youtube,comment,UgxzbNYs-mX6jkwgkLF4AaABAg,i1BqRYMFS08,2026-09-01 12:04:37+00:00,2026-09-22T13:54:26Z,ea2c03c68323,❤❤❤❤❤❤❤❤❤❤❤❤😊😊😊😊😊😅😊😅😊😅😊😅😊😢😂😊❤,0,0,0,https://youtube.com/watch?v=i1BqRYMFS08&lc=UgxzbNYs-mX6jkwgkLF4AaABAg,Vijay Trisha,en,❤❤❤❤❤❤❤❤❤❤❤❤😊😊😊😊😊😅😊😅😊😅😊😅😊😢😂😊❤
youtube,comment,Ugz24rpCYu6Ay0XsTZZ4AaABAg,i1BqRYMFS08,2026-09-01 12:27:21+00:00,2026-09-22T13:54:26Z,063829bc6fc2,Tvk❤❤❤❤❤❤❤❤❤❤❤❤❤❤❤,0,0,0,https://youtube.com/watch?v=i1BqRYMFS08&lc=Ugz24rpCYu6Ay0XsTZZ4AaABAg,Vijay Trisha,en,Tvk❤❤❤❤❤❤❤❤❤❤❤❤❤❤❤
youtube,comment,UgyMLhOMXJH5E7r7DGB4AaABAg,i1BqRYMFS08,2026-09-01 13:35:09+00:00,2026-09-22T13:54:26Z,04bcf07965bb,My life 1 lenge veg Tamil My favorit ❤🎉😊 super b nalarke song,0,0,0,https://youtube.com/watch?v=i1BqRYMFS08&lc=UgyMLhOMXJH5E7r7DGB4AaABAg,Vijay Trisha,en,My life 1 lenge veg Tamil My favorit ❤🎉😊 super b nalarke song
youtube,comment,UgxVcfB0HivsRI-oRDN4AaABAg,i1BqRYMFS08,2026-09-01 15:38:27+00:00,2026-09-22T13:54:26Z,ae8e127eced3,Superhit Jodi❤❤❤,0,0,0,https://youtube.com/watch?v=i1BqRYMFS08&lc=UgxVcfB0HivsRI-oRDN4AaABAg,Vijay Trisha,en,Superhit Jodi❤❤❤
youtube,comment,Ugwqhd9c7qLjyLJB2Dx4AaABAg,i1BqRYMFS08,2026-09-01 17:55:34+00:00,2026-09-22T13:54:26Z,62ec59dbb835,Samjh me to nahi aata par song achha lagta hai ❤,0,0,0,https://youtube.com/watch?v=i1BqRYMFS08&lc=Ugwqhd9c7qLjyLJB2Dx4AaABAg,Vijay Trisha,en,Samjh me to nahi aata par song achha lagta hai ❤
youtube,comment,Ugz1RJu1OygEmIkiJch4AaABAg,i1BqRYMFS08,2026-09-01 18:21:30+00:00,2026-09-22T13:54:26Z,2c2b5f5ebd05,Only one man Vidyasagar😍,0,0,0,https://youtube.com/watch?v=i1BqRYMFS08&lc=Ugz1RJu1OygEmIkiJch4AaABAg,Vijay Trisha,en,Only one man Vidyasagar😍
youtube,comment,UgxqKTGefUiCBMgP6Bt4AaABAg,AA_I1tH4Emk,2026-09-01 21:46:14+00:00,2026-09-22T13:54:39Z,3e0fd25ee5c3,Actually he didn’t mean it but Tvk guilty,0,0,0,https://youtube.com/watch?v=AA_I1tH4Emk&lc=UgxqKTGefUiCBMgP6Bt4AaABAg,Udhayanidhi Trisha,en,Actually he didn’t mean it but Tvk guilty
youtube,comment,UgyxXwe6uxnysrT7H9p4AaABAg,i1BqRYMFS08,2026-09-02 00:38:11+00:00,2026-09-22T13:54:26Z,bbe22ebd00e2,বিউটিফুল❤😊,0,0,0,https://youtube.com/watch?v=i1BqRYMFS08&lc=UgyxXwe6uxnysrT7H9p4AaABAg,Vijay Trisha,en,বিউটিফুল❤😊
youtube,comment,Ugy5OygD82nsTJIvtfV4AaABAg,i1BqRYMFS08,2026-09-02 01:18:01+00:00,2026-09-22T13:54:26Z,4e1f81248d37,Super massy 😂,0,0,0,https://youtube.com/watch?v=i1BqRYMFS08&lc=Ugy5OygD82nsTJIvtfV4AaABAg,Vijay Trisha,en,Super massy 😂
youtube,comment,Ugw-h8y7kOrF-H2_1jh4AaABAg,i1BqRYMFS08,2026-09-02 03:48:58+00:00,2026-09-22T13:54:26Z,a6874c5faf78,I came here after watching dude movie😅 🎥,1,0,0,https://youtube.com/watch?v=i1BqRYMFS08&lc=Ugw-h8y7kOrF-H2_1jh4AaABAg,Vijay Trisha,en,I came here after watching dude movie😅 🎥
youtube,comment,UgyZyC3I9esBluIBcWN4AaABAg,i1BqRYMFS08,2026-09-02 04:15:51+00:00,2026-09-22T13:54:26Z,1cb70d50b57d,"Samj mai nhi a rh hai 
Fir bhi mast hai 😂❤❤",0,0,0,https://youtube.com/watch?v=i1BqRYMFS08&lc=UgyZyC3I9esBluIBcWN4AaABAg,Vijay Trisha,en,"Samj mai nhi a rh hai 
Fir bhi mast hai 😂❤❤"
youtube,comment,UgyhGZsH-HtoJr-42PZ4AaABAg,i1BqRYMFS08,2026-09-02 05:29:19+00:00,2026-09-22T13:54:26Z,850bac373663,Akka anna 🫂🥳,0,0,0,https://youtube.com/watch?v=i1BqRYMFS08&lc=UgyhGZsH-HtoJr-42PZ4AaABAg,Vijay Trisha,tanglish,Like anna 🫂🥳
youtube,comment,UgwXR0DWdEZ_CJmtsXJ4AaABAg,i1BqRYMFS08,2026-09-02 05:53:05+00:00,2026-09-22T13:54:26Z,e09238be23a8,Anyone present on 2/09/2026,0,0,0,https://youtube.com/watch?v=i1BqRYMFS08&lc=UgwXR0DWdEZ_CJmtsXJ4AaABAg,Vijay Trisha,en,Anyone present on 2/09/2026
youtube,comment,UgwG5wE4ORCls-KR3Ph4AaABAg,i1BqRYMFS08,2026-09-02 06:15:06+00:00,2026-09-22T13:54:26Z,37620cd571e7,Jab khusi me ander ke Imotion bahar aane ki kosis kare 😂😂😂,0,0,0,https://youtube.com/watch?v=i1BqRYMFS08&lc=UgwG5wE4ORCls-KR3Ph4AaABAg,Vijay Trisha,en,Jab khusi me ander ke Imotion bahar aane ki kosis kare 😂😂😂
youtube,comment,UgyOoYVW8eVgyPOAc4R4AaABAg,i1BqRYMFS08,2026-09-02 06:29:50+00:00,2026-09-22T13:54:26Z,2173c84157fe,2026 famous ho geya 😅,0,0,0,https://youtube.com/watch?v=i1BqRYMFS08&lc=UgyOoYVW8eVgyPOAc4R4AaABAg,Vijay Trisha,en,2026 famous ho geya 😅
youtube,comment,UgzC2RwGaTkKeHeyMXV4AaABAg,DnrJui-dXic,2026-09-02 10:22:38+00:00,2026-09-22T04:33:29Z,d782fa6ab583,My cute Vijay thalapathy 💋💋💋,0,0,0,https://youtube.com/watch?v=DnrJui-dXic&lc=UgzC2RwGaTkKeHeyMXV4AaABAg,Thalapathy Vijay Trisha,en,My cute Vijay thalapathy 💋💋💋
youtube,comment,Ugxq00cUaMuwFAlsTJl4AaABAg,i1BqRYMFS08,2026-09-02 10:27:26+00:00,2026-09-22T13:54:26Z,ed2f7df2a26c,Superakka.anna❤❤❤❤❤❤❤❤❤❤❤❤❤❤❤❤❤❤❤❤❤❤❤❤❤❤❤❤❤❤❤❤❤❤❤❤❤❤❤❤,0,0,0,https://youtube.com/watch?v=i1BqRYMFS08&lc=Ugxq00cUaMuwFAlsTJl4AaABAg,Vijay Trisha,en,Superakka.anna❤❤❤❤❤❤❤❤❤❤❤❤❤❤❤❤❤❤❤❤❤❤❤❤❤❤❤❤❤❤❤❤❤❤❤❤❤❤❤❤
youtube,comment,Ugy61AIidFTNqEugFKV4AaABAg,i1BqRYMFS08,2026-09-02 10:28:03+00:00,2026-09-22T13:54:26Z,ed2f7df2a26c,❤❤❤❤vijay.akkka❤❤❤❤❤❤❤❤,1,0,0,https://youtube.com/watch?v=i1BqRYMFS08&lc=Ugy61AIidFTNqEugFKV4AaABAg,Vijay Trisha,en,❤❤❤❤vijay.akkka❤❤❤❤❤❤❤❤
youtube,comment,UgxrUgWDrVLgX0Dfxlx4AaABAg,5B50fq1slcA,2026-09-02 14:14:22+00:00,2026-09-22T04:33:08Z,9090819eebc2,❤ niec ❤Hii,0,0,0,https://youtube.com/watch?v=5B50fq1slcA&lc=UgxrUgWDrVLgX0Dfxlx4AaABAg,Thalapathy Vijay Trisha,en,❤ niec ❤Hii
youtube,comment,Ugwc_UrB65GO-zJM7Fl4AaABAg,i1BqRYMFS08,2026-09-02 14:44:01+00:00,2026-09-22T13:54:26Z,4f75f65286c4,Hamare cm all india,0,0,0,https://youtube.com/watch?v=i1BqRYMFS08&lc=Ugwc_UrB65GO-zJM7Fl4AaABAg,Vijay Trisha,en,Hamare cm all india
youtube,comment,UgwWdrThLn0jqxxa-X14AaABAg,i1BqRYMFS08,2026-09-02 15:54:04+00:00,2026-09-22T13:54:26Z,a9d4306c10e6,Payla tha actor Vijay Thalapathi 2026 ma cm vijay Thalapathi nasheb ka khal ha Vijay sir is best cm ❤❤❤❤❤❤❤❤ goad bells you Bijay sar ap hamesha acha kam karte rhayna🎉🎉🎉🙏🙏🙏🙏🙌🙌🙌👍👍👍 jay hind Vijay sir,0,0,0,https://youtube.com/watch?v=i1BqRYMFS08&lc=UgwWdrThLn0jqxxa-X14AaABAg,Vijay Trisha,en,Payla tha actor Vijay Thalapathi 2026 ma cm vijay Thalapathi nasheb ka khal ha Vijay sir is best cm ❤❤❤❤❤❤❤❤ goad bells you Bijay sar ap hamesha acha kam karte rhayna🎉🎉🎉🙏🙏🙏🙏🙌🙌🙌👍👍👍 jay hind Vijay sir
youtube,comment,UgyHP7HHlxTPpPHAOBl4AaABAg,i1BqRYMFS08,2026-09-02 16:15:16+00:00,2026-09-22T13:54:26Z,7886d3939eec,Samjhe bhi nhi hi song phir dhek rahe hi,0,0,0,https://youtube.com/watch?v=i1BqRYMFS08&lc=UgyHP7HHlxTPpPHAOBl4AaABAg,Vijay Trisha,en,Samjhe bhi nhi hi song phir dhek rahe hi
youtube,comment,Ugy6jkbh9OZehdif7Ct4AaABAg,i1BqRYMFS08,2026-09-02 17:09:05+00:00,2026-09-22T13:54:26Z,ce7557d8f309,Love from bengal❤,0,0,0,https://youtube.com/watch?v=i1BqRYMFS08&lc=Ugy6jkbh9OZehdif7Ct4AaABAg,Vijay Trisha,en,Love from bengal❤
youtube,comment,UgxmfAF2bX9c2GlZcP94AaABAg,DnrJui-dXic,2026-09-02 18:44:52+00:00,2026-09-22T04:33:29Z,afaf05db6e9c,❤🥰❤🥰❤🥰❤🥰❤🥰❤,0,0,0,https://youtube.com/watch?v=DnrJui-dXic&lc=UgxmfAF2bX9c2GlZcP94AaABAg,Thalapathy Vijay Trisha,en,❤🥰❤🥰❤🥰❤🥰❤🥰❤
youtube,comment,UgzjWhpoexw-bOKt7iN4AaABAg,5B50fq1slcA,2026-09-02 18:50:22+00:00,2026-09-22T04:33:08Z,afaf05db6e9c,Superhit❤❤❤❤❤❤❤❤❤,0,0,0,https://youtube.com/watch?v=5B50fq1slcA&lc=UgzjWhpoexw-bOKt7iN4AaABAg,Thalapathy Vijay Trisha,en,Superhit❤❤❤❤❤❤❤❤❤
youtube,comment,UgyHCTeQdrkSDpEmdP94AaABAg,i1BqRYMFS08,2026-09-02 21:00:24+00:00,2026-09-22T13:54:26Z,520a32cabae3,After Dark movie 🤩,0,0,0,https://youtube.com/watch?v=i1BqRYMFS08&lc=UgyHCTeQdrkSDpEmdP94AaABAg,Vijay Trisha,en,After Dark movie 🤩
youtube,comment,Ugw30P6RObUXQIfOOuV4AaABAg,i1BqRYMFS08,2026-09-03 07:23:23+00:00,2026-09-22T13:54:26Z,7c73c18b52a6,After Toxic 😂,0,0,0,https://youtube.com/watch?v=i1BqRYMFS08&lc=Ugw30P6RObUXQIfOOuV4AaABAg,Vijay Trisha,en,After Toxic 😂
youtube,comment,UgwnE-gJX8FxYcXWNJB4AaABAg,i1BqRYMFS08,2026-09-03 08:11:00+00:00,2026-09-22T13:54:26Z,8598f805659d,Mighty kk ❤,0,0,0,https://youtube.com/watch?v=i1BqRYMFS08&lc=UgwnE-gJX8FxYcXWNJB4AaABAg,Vijay Trisha,en,Mighty kk ❤
youtube,comment,UgyhOW2MI1Aq-S3SgLp4AaABAg,zH0Q8imJk0c,2026-09-03 09:14:02+00:00,2026-09-22T04:33:26Z,0bec29634324,"Please, please, please move away from Thirisha",0,0,0,https://youtube.com/watch?v=zH0Q8imJk0c&lc=UgyhOW2MI1Aq-S3SgLp4AaABAg,Thalapathy Vijay Trisha,en,"Please, please, please move away from Thirisha"
youtube,comment,Ugzhg70rgqi8211d78B4AaABAg,i1BqRYMFS08,2026-09-03 09:42:49+00:00,2026-09-22T13:54:26Z,3a0a6a0eea6e,Understand 0% but enjoy 200%😅,0,0,0,https://youtube.com/watch?v=i1BqRYMFS08&lc=Ugzhg70rgqi8211d78B4AaABAg,Vijay Trisha,en,Understand 0% but enjoy 200%😅
youtube,comment,Ugw1WHxBn-ikq3ykaBp4AaABAg,i1BqRYMFS08,2026-09-03 13:28:46+00:00,2026-09-22T13:54:26Z,6b3e6fd4831b,"2:28 was the same step of matta song 

2:28 recreated matta song 

Check it out noww",0,0,0,https://youtube.com/watch?v=i1BqRYMFS08&lc=Ugw1WHxBn-ikq3ykaBp4AaABAg,Vijay Trisha,en,"2:28 was the same step of matta song 

2:28 recreated matta song 

Check it out noww"
youtube,comment,UgxkQm6vilm-73dg3Gd4AaABAg,i1BqRYMFS08,2026-09-03 13:51:43+00:00,2026-09-22T13:54:26Z,ee7c6c86c078,Mera thalpathy 🎉🎉❤,0,0,0,https://youtube.com/watch?v=i1BqRYMFS08&lc=UgxkQm6vilm-73dg3Gd4AaABAg,Vijay Trisha,en,Mera thalpathy 🎉🎉❤
youtube,comment,UgxMYLt7h8Z_ENfRfwR4AaABAg,i1BqRYMFS08,2026-09-03 16:04:17+00:00,2026-09-22T13:54:26Z,ee7c18a7499e,1:30  2: my fab,0,0,0,https://youtube.com/watch?v=i1BqRYMFS08&lc=UgxMYLt7h8Z_ENfRfwR4AaABAg,Vijay Trisha,en,1:30  2: my fab
youtube,comment,Ugylrhst9mkY_Qt8O8F4AaABAg,i1BqRYMFS08,2026-09-03 16:17:33+00:00,2026-09-22T13:54:26Z,a839dde9c22e,My ❤ alphas,1,0,0,https://youtube.com/watch?v=i1BqRYMFS08&lc=Ugylrhst9mkY_Qt8O8F4AaABAg,Vijay Trisha,en,My ❤ alphas
youtube,comment,UgzuCEAFyC9QvN7C6Jd4AaABAg,T7w0Scr1bG8,2026-09-04 06:03:42+00:00,2026-09-22T13:54:33Z,720ae4b60454,இவன் திருந்தவே மாட்டான்,0,0,0,https://youtube.com/watch?v=T7w0Scr1bG8&lc=UgzuCEAFyC9QvN7C6Jd4AaABAg,Vijay Trisha,ta,He will never change
youtube,comment,Ugx1mzWwFQmpKcbiJwJ4AaABAg,i1BqRYMFS08,2026-09-04 06:17:30+00:00,2026-09-22T13:54:26Z,3930a72bb614,J😂😂😂😂😂😮😮😮😮😮😮😮❤❤❤❤❤❤❤🎉🎉🎉🎉🎉,0,0,0,https://youtube.com/watch?v=i1BqRYMFS08&lc=Ugx1mzWwFQmpKcbiJwJ4AaABAg,Vijay Trisha,en,J😂😂😂😂😂😮😮😮😮😮😮😮❤❤❤❤❤❤❤🎉🎉🎉🎉🎉
youtube,comment,Ugw0HKoo-Wk-WbhGF4B4AaABAg,i1BqRYMFS08,2026-09-04 08:03:52+00:00,2026-09-22T13:54:26Z,6c6b513cc661,4:27 ❤😅mlo,0,0,0,https://youtube.com/watch?v=i1BqRYMFS08&lc=Ugw0HKoo-Wk-WbhGF4B4AaABAg,Vijay Trisha,en,4:27 ❤😅mlo
youtube,comment,Ugwt0_5dNLbxrOn7pil4AaABAg,i1BqRYMFS08,2026-09-04 08:13:11+00:00,2026-09-22T13:54:26Z,121e648991ca,After  thalapathy 😎 as tn cm assemble  here,0,0,0,https://youtube.com/watch?v=i1BqRYMFS08&lc=Ugwt0_5dNLbxrOn7pil4AaABAg,Vijay Trisha,en,After  thalapathy 😎 as tn cm assemble  here
youtube,comment,UgxRPqt1JPi95WFwcD94AaABAg,DUdl8kGBXkE,2026-09-04 09:51:09+00:00,2026-09-22T04:32:45Z,1427aff23d3b,"மேக்கப் கம்மியார மூஞ்சி இப்
படிஇருக்கு",1,3,0,https://youtube.com/watch?v=DUdl8kGBXkE&lc=UgxRPqt1JPi95WFwcD94AaABAg,Vijay Trisha,ta,"Makeup Kammiyara Moonji Ib
There is a step"
youtube,comment,UgzmnVzUaZ0b26Lkc3h4AaABAg,i1BqRYMFS08,2026-09-04 09:51:17+00:00,2026-09-22T13:54:26Z,471332e81361,95% of visitors are from West Bengal,0,0,0,https://youtube.com/watch?v=i1BqRYMFS08&lc=UgzmnVzUaZ0b26Lkc3h4AaABAg,Vijay Trisha,en,95% of visitors are from West Bengal
youtube,comment,UgwkTJ-lzJpTGFbpV594AaABAg,i1BqRYMFS08,2026-09-04 11:11:13+00:00,2026-09-22T13:54:26Z,c50beeadd4e2,Apad pode⚡🔥🔥🔥🔥👍,0,0,0,https://youtube.com/watch?v=i1BqRYMFS08&lc=UgwkTJ-lzJpTGFbpV594AaABAg,Vijay Trisha,en,Apad pode⚡🔥🔥🔥🔥👍
youtube,comment,Ugyxg_OPOdSy9zZYR9t4AaABAg,i1BqRYMFS08,2026-09-04 12:28:00+00:00,2026-09-22T13:54:26Z,174de9b6934b,Oo hebi sound 🎉🎉🎉🎉🎉,1,0,0,https://youtube.com/watch?v=i1BqRYMFS08&lc=Ugyxg_OPOdSy9zZYR9t4AaABAg,Vijay Trisha,en,Oo hebi sound 🎉🎉🎉🎉🎉
youtube,comment,UgzR7zQDlr8EAz2SXxR4AaABAg,i1BqRYMFS08,2026-09-04 13:13:17+00:00,2026-09-22T13:54:26Z,c879c903db8f,Anyone after September 9,0,0,0,https://youtube.com/watch?v=i1BqRYMFS08&lc=UgzR7zQDlr8EAz2SXxR4AaABAg,Vijay Trisha,en,Anyone after September 9
youtube,comment,Ugw3UN2DJJomV0ihNyN4AaABAg,i1BqRYMFS08,2026-09-04 13:51:23+00:00,2026-09-22T13:54:26Z,4a4e99a6afba,every event in my college this song is must,0,0,0,https://youtube.com/watch?v=i1BqRYMFS08&lc=Ugw3UN2DJJomV0ihNyN4AaABAg,Vijay Trisha,en,every event in my college this song is must
youtube,comment,Ugyr0sRuX54YC0BPK8h4AaABAg,i1BqRYMFS08,2026-09-04 14:30:05+00:00,2026-09-22T13:54:26Z,734f889b9f48,"Dance steps, music instrument's sound, face expression, song tune very very funny 😂😂😂😂😂😂

Assam 7land NortEasth",1,0,0,https://youtube.com/watch?v=i1BqRYMFS08&lc=Ugyr0sRuX54YC0BPK8h4AaABAg,Vijay Trisha,en,"Dance steps, music instrument's sound, face expression, song tune very very funny 😂😂😂😂😂😂

Assam 7land NortEasth"
youtube,comment,UgzDVg7MpDbG_INfPSJ4AaABAg,i1BqRYMFS08,2026-09-04 15:44:54+00:00,2026-09-22T13:54:26Z,3905f20d31cd,Thala pathee cm 😂,0,0,0,https://youtube.com/watch?v=i1BqRYMFS08&lc=UgzDVg7MpDbG_INfPSJ4AaABAg,Vijay Trisha,en,Thala pathee cm 😂
youtube,comment,Ugx6YM-GTe0SXn51OSV4AaABAg,i1BqRYMFS08,2026-09-04 17:19:40+00:00,2026-09-22T13:54:26Z,298b7442d96e,"155M views 😮

954K likes 😮",0,0,0,https://youtube.com/watch?v=i1BqRYMFS08&lc=Ugx6YM-GTe0SXn51OSV4AaABAg,Vijay Trisha,en,"155M views 😮

954K likes 😮"
youtube,comment,UgyjhU7TbDk6ydeG3V14AaABAg,i1BqRYMFS08,2026-09-04 19:15:05+00:00,2026-09-22T13:54:26Z,893c6d4955ae,Love from Pakistan ❤,0,0,0,https://youtube.com/watch?v=i1BqRYMFS08&lc=UgyjhU7TbDk6ydeG3V14AaABAg,Vijay Trisha,en,Love from Pakistan ❤
youtube,comment,UgwRp3W7F1afZo2UOzV4AaABAg,5B50fq1slcA,2026-09-04 20:21:58+00:00,2026-09-22T04:33:08Z,b5d78b8c8297,Dance c m Dance till you go dow,0,0,0,https://youtube.com/watch?v=5B50fq1slcA&lc=UgwRp3W7F1afZo2UOzV4AaABAg,Thalapathy Vijay Trisha,en,Dance c m Dance till you go dow
youtube,comment,UgwkBuZ50ZqMz7VjCHV4AaABAg,i1BqRYMFS08,2026-09-04 21:13:38+00:00,2026-09-22T13:54:26Z,cea99bc808c6,My idol 🥹🫶🏻,0,0,0,https://youtube.com/watch?v=i1BqRYMFS08&lc=UgwkBuZ50ZqMz7VjCHV4AaABAg,Vijay Trisha,en,My idol 🥹🫶🏻
youtube,comment,Ugx4T3YC8oZCO98v1vd4AaABAg,i1BqRYMFS08,2026-09-04 22:33:52+00:00,2026-09-22T13:54:26Z,bfda926de73e,Ethana generation vanthalum intha song oru Thani perumai🎉,0,0,0,https://youtube.com/watch?v=i1BqRYMFS08&lc=Ugx4T3YC8oZCO98v1vd4AaABAg,Vijay Trisha,en,Ethana generation vanthalum intha song oru Thani perumai🎉
youtube,comment,UgyzJSO-ig38uDZ5cel4AaABAg,i1BqRYMFS08,2026-09-05 02:21:03+00:00,2026-09-22T13:54:26Z,0025f2833aaf,Bijay thalapoti fan tap to comment 😊😊😊😊😊,0,0,0,https://youtube.com/watch?v=i1BqRYMFS08&lc=UgyzJSO-ig38uDZ5cel4AaABAg,Vijay Trisha,en,Bijay thalapoti fan tap to comment 😊😊😊😊😊
youtube,comment,UgxFZ5gdWcfczeBNm5x4AaABAg,i1BqRYMFS08,2026-09-05 02:26:24+00:00,2026-09-22T13:54:26Z,f21c00aec06c,Maharashtra most played song,0,0,0,https://youtube.com/watch?v=i1BqRYMFS08&lc=UgxFZ5gdWcfczeBNm5x4AaABAg,Vijay Trisha,en,Maharashtra most played song
youtube,comment,UgyWWD-Ll9Ojo2cAhad4AaABAg,i1BqRYMFS08,2026-09-05 02:39:47+00:00,2026-09-22T13:54:26Z,251e73ee4379,I'm from Uttrakhand this song vibes is 👍,0,0,0,https://youtube.com/watch?v=i1BqRYMFS08&lc=UgyWWD-Ll9Ojo2cAhad4AaABAg,Vijay Trisha,en,I'm from Uttrakhand this song vibes is 👍
youtube,comment,Ugw-AIUEySbEGiTEs4V4AaABAg,i1BqRYMFS08,2026-09-05 05:10:11+00:00,2026-09-22T13:54:26Z,d5e133223837,😂😂😂😂😂🎉🎉🎉😊😊😊,0,0,0,https://youtube.com/watch?v=i1BqRYMFS08&lc=Ugw-AIUEySbEGiTEs4V4AaABAg,Vijay Trisha,en,😂😂😂😂😂🎉🎉🎉😊😊😊
youtube,comment,UgzytKYuacaGFf8K-QJ4AaABAg,i1BqRYMFS08,2026-09-05 05:38:48+00:00,2026-09-22T13:54:26Z,8798c0542632,"Understand 0%
Vibes 100%",0,0,0,https://youtube.com/watch?v=i1BqRYMFS08&lc=UgzytKYuacaGFf8K-QJ4AaABAg,Vijay Trisha,en,"Understand 0%
Vibes 100%"
youtube,comment,UgyUhpqVSo8JjQNg6aR4AaABAg,i1BqRYMFS08,2026-09-05 07:05:20+00:00,2026-09-22T13:54:26Z,4183d6a2cbfe,Mujhe tamil bilkhul nahi ata fir bhi sunta hu yar😂🎉🎉🎉❤❤,1,0,0,https://youtube.com/watch?v=i1BqRYMFS08&lc=UgyUhpqVSo8JjQNg6aR4AaABAg,Vijay Trisha,en,Mujhe tamil bilkhul nahi ata fir bhi sunta hu yar😂🎉🎉🎉❤❤
youtube,comment,UgyyDo6Z_XudXImBJEJ4AaABAg,i1BqRYMFS08,2026-09-05 07:57:29+00:00,2026-09-22T13:54:26Z,767c85d9863c,"I am from maharstara

Understand zero

But this is my one the best song",1,0,0,https://youtube.com/watch?v=i1BqRYMFS08&lc=UgyyDo6Z_XudXImBJEJ4AaABAg,Vijay Trisha,en,"I am from maharstara

Understand zero

But this is my one the best song"
youtube,comment,Ugz5z80lBqXqHQEAxEF4AaABAg,DnrJui-dXic,2026-09-05 08:08:32+00:00,2026-09-22T04:33:29Z,93c472ac2551,Evala pidikala,0,0,0,https://youtube.com/watch?v=DnrJui-dXic&lc=Ugz5z80lBqXqHQEAxEF4AaABAg,Thalapathy Vijay Trisha,en,Evala pidikala
youtube,comment,Ugz8MABKijsL9vCjjGN4AaABAg,4joO_8Ct2tM,2026-09-05 08:08:57+00:00,2026-09-22T13:54:07Z,93c472ac2551,Vijay sir vitu poydu,0,0,0,https://youtube.com/watch?v=4joO_8Ct2tM&lc=Ugz8MABKijsL9vCjjGN4AaABAg,Vijay Trisha,en,Vijay sir vitu poydu
youtube,comment,UgxmW1XJrtVU_IznvFx4AaABAg,zH0Q8imJk0c,2026-09-05 08:11:07+00:00,2026-09-22T04:33:26Z,93c472ac2551,Trisha vijay sir vitu poyta... Am tooo happy 💯💯💯💯,0,0,0,https://youtube.com/watch?v=zH0Q8imJk0c&lc=UgxmW1XJrtVU_IznvFx4AaABAg,Thalapathy Vijay Trisha,en,Trisha vijay sir vitu poyta... Am tooo happy 💯💯💯💯
youtube,comment,UgyJK2LQ6qZzootX7Wl4AaABAg,i1BqRYMFS08,2026-09-05 08:17:40+00:00,2026-09-22T13:54:26Z,eac9b2da820a,Shandar uttam bhai 🎉🎉,0,0,0,https://youtube.com/watch?v=i1BqRYMFS08&lc=UgyJK2LQ6qZzootX7Wl4AaABAg,Vijay Trisha,en,Shandar uttam bhai 🎉🎉
youtube,comment,UgyHHvkIhHDlj20uket4AaABAg,i1BqRYMFS08,2026-09-05 09:25:48+00:00,2026-09-22T13:54:26Z,25161bdc4500,Love from West bengal ❤❤❤❤,2,0,0,https://youtube.com/watch?v=i1BqRYMFS08&lc=UgyHHvkIhHDlj20uket4AaABAg,Vijay Trisha,en,Love from West bengal ❤❤❤❤
youtube,comment,UgwLDLfNEeCo-0gfVc14AaABAg,LtFVk5EKhJM,2026-09-05 09:44:46+00:00,2026-09-22T04:35:08Z,4426a64f2986,Irfan's view video: https://www.youtube.com/watch?v=1n1VUOSEbis,6,0,0,https://youtube.com/watch?v=LtFVk5EKhJM&lc=UgwLDLfNEeCo-0gfVc14AaABAg,விஜய் திரிஷா,en,Irfan's view video: https://www.youtube.com/watch?v=1n1VUOSEbis
youtube,comment,UgwKyL5kBEjleCjskat4AaABAg,LtFVk5EKhJM,2026-09-05 09:45:24+00:00,2026-09-22T04:35:08Z,f02ef36dd0b8,First comment ❤,0,0,0,https://youtube.com/watch?v=LtFVk5EKhJM&lc=UgwKyL5kBEjleCjskat4AaABAg,விஜய் திரிஷா,en,First comment ❤
youtube,comment,UgygrXNWfrNVsWGx3e54AaABAg,LtFVk5EKhJM,2026-09-05 09:53:37+00:00,2026-09-22T04:35:08Z,a09e9f76e212,"Bro please bro stop this, neenga enamo purpose ah Vijay Trisha vishayatha romba kindramaari iruku, romba perusu panringa vidunga bro, am his fan, ennala Inga video thumbnail paathale thaanga mudila, na ulla poi paaka kooda ila, romba request panni ketukuren vitu vera topic pesunga please 🙏",12,7,0,https://youtube.com/watch?v=LtFVk5EKhJM&lc=UgygrXNWfrNVsWGx3e54AaABAg,விஜய் திரிஷா,tanglish,"Bro please bro stop this, neenga enamo purpose ah Vijay Trisha vishayatha romba kindramaari iruku, romba perusu panringa vidunga bro, am his fan, ennala Inga video thumbnail paathale thaanga mudila, na ulla poi paaka kooda ila, romba request panni ketukuren vitu vera topic pesunga please 🙏"
youtube,comment,UgyTuXsjjQCOSpN4fnp4AaABAg,LtFVk5EKhJM,2026-09-05 09:54:59+00:00,2026-09-22T04:35:08Z,a02ac684c66f,"Please stop talking about things that are completely irrelevant to our lives without any evidence lah bro. You might focus on this stuff to get views but we don't care. All you guys do is talk about this and completely ignore what Vijay is doing politically—which is a curse cause his actual work gets totally overshadowed by this crap. As the public, we just don't care as whatever happens between them is his problem, and Vijay can face the consequences himself. Next time, Ahmed, just focus on what actually matters to society.",6,4,0,https://youtube.com/watch?v=LtFVk5EKhJM&lc=UgyTuXsjjQCOSpN4fnp4AaABAg,விஜய் திரிஷா,en,"Please stop talking about things that are completely irrelevant to our lives without any evidence lah bro. You might focus on this stuff to get views but we don't care. All you guys do is talk about this and completely ignore what Vijay is doing politically—which is a curse cause his actual work gets totally overshadowed by this crap. As the public, we just don't care as whatever happens between them is his problem, and Vijay can face the consequences himself. Next time, Ahmed, just focus on what actually matters to society."
youtube,comment,UgywcI4xWrHj6A3O44N4AaABAg,LtFVk5EKhJM,2026-09-05 09:57:25+00:00,2026-09-22T04:35:08Z,df8313cb0ed4,"Stop making things up just to get views. Only speak when there is concrete evidence, and don't spread nonsense for your own benefit",20,5,0,https://youtube.com/watch?v=LtFVk5EKhJM&lc=UgywcI4xWrHj6A3O44N4AaABAg,விஜய் திரிஷா,en,"Stop making things up just to get views. Only speak when there is concrete evidence, and don't spread nonsense for your own benefit"
youtube,comment,UgzKblY-pY6GxA6f2-N4AaABAg,LtFVk5EKhJM,2026-09-05 09:57:50+00:00,2026-09-22T04:35:08Z,d1c63eb55e9d,I don't what is wrong with these people who is talking about investment planning now... there were no questions when dmk was in period and they did nothing.... I do agree there is lot of speculation about these both.... but just because of that.... it's too much... I think those people first need to see him as Chief Minister... after all the new changes he brought in these initial days .... a basic trust is required...,4,2,0,https://youtube.com/watch?v=LtFVk5EKhJM&lc=UgzKblY-pY6GxA6f2-N4AaABAg,விஜய் திரிஷா,en,I don't what is wrong with these people who is talking about investment planning now... there were no questions when dmk was in period and they did nothing.... I do agree there is lot of speculation about these both.... but just because of that.... it's too much... I think those people first need to see him as Chief Minister... after all the new changes he brought in these initial days .... a basic trust is required...
youtube,comment,UgxHcdLwF1ME4PTVwsZ4AaABAg,LtFVk5EKhJM,2026-09-05 09:59:19+00:00,2026-09-22T04:35:08Z,a095c2215415,Trisha London ku ponathu karanam movie shoot niraiya peru solranga,7,2,0,https://youtube.com/watch?v=LtFVk5EKhJM&lc=UgxHcdLwF1ME4PTVwsZ4AaABAg,விஜய் திரிஷா,en,Trisha London ku ponathu karanam movie shoot niraiya peru solranga
youtube,comment,UgxQj_rFuXJQVXZyFpl4AaABAg,LtFVk5EKhJM,2026-09-05 09:59:36+00:00,2026-09-22T04:35:08Z,8c7801e56f7b,"So much controversy  about Vijay
Nothing  about is work",2,1,0,https://youtube.com/watch?v=LtFVk5EKhJM&lc=UgxQj_rFuXJQVXZyFpl4AaABAg,விஜய் திரிஷா,en,"So much controversy  about Vijay
Nothing  about is work"
youtube,comment,UgwzFdK4p54qtgql0Th4AaABAg,LtFVk5EKhJM,2026-09-05 10:02:01+00:00,2026-09-22T04:35:08Z,fcfc0856ae58,Tamilnadu people will not support if continue his friendship with Trisha at any cost and hope CM Vijay will not disappoint his supporters,100,4,0,https://youtube.com/watch?v=LtFVk5EKhJM&lc=UgwzFdK4p54qtgql0Th4AaABAg,விஜய் திரிஷா,en,Tamilnadu people will not support if continue his friendship with Trisha at any cost and hope CM Vijay will not disappoint his supporters
youtube,comment,Ugwyp3Kytdg0LE2RlLh4AaABAg,LtFVk5EKhJM,2026-09-05 10:04:41+00:00,2026-09-22T04:35:08Z,b9ad44be3267,"As far as I am concerned, in the present situation, Trisha is the one who is truly worthy of living with Vijay. Because even if Vijay had lost the election badly, Trisha would still have stayed with him. But Sangeetha would have taken the divorce and alimony and left. This is the difference between the two of them. That is why, even amid so much criticism, Vijay continues to give importance to Trisha.

First of all, it was not Trisha who separated Vijay and his wife. Vijay had already been living alone for two years after separating from his wife. Only after that did Trisha enter his life. The one who filed for divorce right during the election period, damaged his name, and stood as an obstacle to his victory was Sangeetha. But now that the election is over and he has won and become the Chief Minister, she expects the status of being the Chief Minister’s wife. How can this be accepted?

Throughout Vijay’s difficult times (the Karur incident), the one who stood by him was Trisha. I think Sangeetha withdrew the case out of jealousy, thinking that if the divorce went through, the two of them would get married. Now, it would only be right for Vijay and Trisha to get married. Because the person who has been hunted down and humiliated to this day by Vijay’s enemies, the DMK, is Trisha. There is no other reason for this except that she is with Vijay. The one who is still praised by Vijay’s enemies is Sangeetha. Moreover, Sangeetha continues to maintain close relations with Vijay’s political enemy, the DMK, to this day. From this, one can guess who Vijay’s true well-wisher is.

Therefore, as far as I am concerned, even though Sangeetha is Vijay’s wife according to the law, emotionally Trisha is his true wife. I am not a Vijay fan. I did not vote for him. But on this matter, I feel that justice is on Trisha’s side. Not a single person has spoken about the justice that exists on Trisha’s side. If what Trisha did was wrong, then what Vijay did was also wrong. If what Vijay did was right, then what Trisha did was also right. If a person has the intelligence to become the Chief Minister, wouldn’t Vijay have the basic sense to think about whom he should keep with him?

As far as Tamil Nadu women are concerned, they hate Trisha very intensely. The psychology behind this is that they put themselves in Sangeetha’s place. Because 99% of women are those who get married and live with their husbands. Their mindset is that no matter what mistakes or cruelty a woman commits, the husband should tolerate it and stay. Now they are placing their own husbands in Vijay’s place. Their anger comes from the thought: “What if our husband, like Vijay, leaves us and goes away with another woman?” That is why they play the game of talking about the children’s future and all that. When filing the divorce case, didn’t the future of the children come to mind?",4,9,0,https://youtube.com/watch?v=LtFVk5EKhJM&lc=Ugwyp3Kytdg0LE2RlLh4AaABAg,விஜய் திரிஷா,en,"As far as I am concerned, in the present situation, Trisha is the one who is truly worthy of living with Vijay. Because even if Vijay had lost the election badly, Trisha would still have stayed with him. But Sangeetha would have taken the divorce and alimony and left. This is the difference between the two of them. That is why, even amid so much criticism, Vijay continues to give importance to Trisha.

First of all, it was not Trisha who separated Vijay and his wife. Vijay had already been living alone for two years after separating from his wife. Only after that did Trisha enter his life. The one who filed for divorce right during the election period, damaged his name, and stood as an obstacle to his victory was Sangeetha. But now that the election is over and he has won and become the Chief Minister, she expects the status of being the Chief Minister’s wife. How can this be accepted?

Throughout Vijay’s difficult times (the Karur incident), the one who stood by him was Trisha. I think Sangeetha withdrew the case out of jealousy, thinking that if the divorce went through, the two of them would get married. Now, it would only be right for Vijay and Trisha to get married. Because the person who has been hunted down and humiliated to this day by Vijay’s enemies, the DMK, is Trisha. There is no other reason for this except that she is with Vijay. The one who is still praised by Vijay’s enemies is Sangeetha. Moreover, Sangeetha continues to maintain close relations with Vijay’s political enemy, the DMK, to this day. From this, one can guess who Vijay’s true well-wisher is.

Therefore, as far as I am concerned, even though Sangeetha is Vijay’s wife according to the law, emotionally Trisha is his true wife. I am not a Vijay fan. I did not vote for him. But on this matter, I feel that justice is on Trisha’s side. Not a single person has spoken about the justice that exists on Trisha’s side. If what Trisha did was wrong, then what Vijay did was also wrong. If what Vijay did was right, then what Trisha did was also right. If a person has the intelligence to become the Chief Minister, wouldn’t Vijay have the basic sense to think about whom he should keep with him?

As far as Tamil Nadu women are concerned, they hate Trisha very intensely. The psychology behind this is that they put themselves in Sangeetha’s place. Because 99% of women are those who get married and live with their husbands. Their mindset is that no matter what mistakes or cruelty a woman commits, the husband should tolerate it and stay. Now they are placing their own husbands in Vijay’s place. Their anger comes from the thought: “What if our husband, like Vijay, leaves us and goes away with another woman?” That is why they play the game of talking about the children’s future and all that. When filing the divorce case, didn’t the future of the children come to mind?"
youtube,comment,Ugx_bfX-d40G4XF7_GZ4AaABAg,LtFVk5EKhJM,2026-09-05 10:05:22+00:00,2026-09-22T04:35:08Z,2.87E+13,Ahmed I think Trisha herself only planted that secret VIDEO. Knowing her hunger for publicity 😣,192,14,0,https://youtube.com/watch?v=LtFVk5EKhJM&lc=Ugx_bfX-d40G4XF7_GZ4AaABAg,விஜய் திரிஷா,en,Ahmed I think Trisha herself only planted that secret VIDEO. Knowing her hunger for publicity 😣
youtube,comment,UgzXdC5uyQ1UPK-kQh94AaABAg,LtFVk5EKhJM,2026-09-05 10:12:09+00:00,2026-09-22T04:35:08Z,6c0ad0cc6774,Avunga ethu pannalum Venum tha pandranga 😢,6,0,0,https://youtube.com/watch?v=LtFVk5EKhJM&lc=UgzXdC5uyQ1UPK-kQh94AaABAg,விஜய் திரிஷா,en,Avunga ethu pannalum Venum tha pandranga 😢
youtube,comment,UgzssOHIbDi-7K-bG3B4AaABAg,LtFVk5EKhJM,2026-09-05 10:12:16+00:00,2026-09-22T04:35:08Z,e177e5614df9,Wasting peoples money is not acceptable,22,0,0,https://youtube.com/watch?v=LtFVk5EKhJM&lc=UgzssOHIbDi-7K-bG3B4AaABAg,விஜய் திரிஷா,en,Wasting peoples money is not acceptable
youtube,comment,UgyitaNGFoZSCbZrfIF4AaABAg,LtFVk5EKhJM,2026-09-05 10:13:20+00:00,2026-09-22T04:35:08Z,4c864524d752,This video was probably made by Trisha herself...she sticks to Vijay....point to point everything for publicity...and you do all this again for that cheap publicity...my god ppl are you all so much free and jobless poking your noses into everyone else's lives...grow up guys..😅,8,2,0,https://youtube.com/watch?v=LtFVk5EKhJM&lc=UgyitaNGFoZSCbZrfIF4AaABAg,விஜய் திரிஷா,en,This video was probably made by Trisha herself...she sticks to Vijay....point to point everything for publicity...and you do all this again for that cheap publicity...my god ppl are you all so much free and jobless poking your noses into everyone else's lives...grow up guys..😅
youtube,comment,UgzZgYul1G2hc0ckMAl4AaABAg,LtFVk5EKhJM,2026-09-05 10:16:31+00:00,2026-09-22T04:35:08Z,691c90c31548,People don't have any right to interfere in their personal life.,4,1,0,https://youtube.com/watch?v=LtFVk5EKhJM&lc=UgzZgYul1G2hc0ckMAl4AaABAg,விஜய் திரிஷா,en,People don't have any right to interfere in their personal life.
youtube,comment,UgzkXFR9H8iScFETXRZ4AaABAg,LtFVk5EKhJM,2026-09-05 10:17:19+00:00,2026-09-22T04:35:08Z,2364739952d5,"So bloody tired of this soap opera between Trisha and Vijay. He is going to London to get investments. She is already there. Even that video of that woman in London does not look like a casual one and looks planted. People are going to say at some point, they don't want to live through this drama and governance is serious business. I voted for the TVK, but if they keep doing this, they should just go back to the movies and leave us alone 😠",65,7,0,https://youtube.com/watch?v=LtFVk5EKhJM&lc=UgzkXFR9H8iScFETXRZ4AaABAg,விஜய் திரிஷா,en,"So bloody tired of this soap opera between Trisha and Vijay. He is going to London to get investments. She is already there. Even that video of that woman in London does not look like a casual one and looks planted. People are going to say at some point, they don't want to live through this drama and governance is serious business. I voted for the TVK, but if they keep doing this, they should just go back to the movies and leave us alone 😠"
youtube,comment,UgxoAU5ekirJ7ZhAqVt4AaABAg,LtFVk5EKhJM,2026-09-05 10:20:34+00:00,2026-09-22T04:35:08Z,fa434f1528c1,Before Future was in our hand now is Future in Media Hand ...,4,0,0,https://youtube.com/watch?v=LtFVk5EKhJM&lc=UgxoAU5ekirJ7ZhAqVt4AaABAg,விஜய் திரிஷா,en,Before Future was in our hand now is Future in Media Hand ...
youtube,comment,UgzqvzS9dhHMY5pTQq94AaABAg,LtFVk5EKhJM,2026-09-05 10:20:56+00:00,2026-09-22T04:35:08Z,fb20c3c63a5c,Bo ithu old clip,4,1,0,https://youtube.com/watch?v=LtFVk5EKhJM&lc=UgzqvzS9dhHMY5pTQq94AaABAg,விஜய் திரிஷா,en,Bo ithu old clip
youtube,comment,UgyhDmRh3N48ZBCSwWB4AaABAg,LtFVk5EKhJM,2026-09-05 10:21:00+00:00,2026-09-22T04:35:08Z,c4252830d74a,தமிழ்நாடு நிலைமை இப்படி ஆயிடுச்சே கடவுளே 😂😂😂மழைபொய்னும் காவேரில தண்ணீர் வரனு வேண்டுன காலம் போய் தமிழ்நாட்டு முதலமைச்சரால தமிழ்நாட்டுக்கு எந்த கெட்ட பேரும் அசிங்கமும் மறுபடியும் வரக்கூடாது கடவுளேனு வேண்டவேண்டி இருக்கு நம்பி ஓட்டு போட்டதுக்கு தமிழ்நாட்டு மக்கள தவேக நல்ல பன்றீங்கபோ😂😂😂,18,0,0,https://youtube.com/watch?v=LtFVk5EKhJM&lc=UgyhDmRh3N48ZBCSwWB4AaABAg,விஜய் திரிஷா,ta,"The situation in Tamil Nadu is like this God 😂😂😂 It is raining and we want water to come from Kaveri, Tamil Nadu chief minister, no bad name and ugliness should come to Tamil Nadu again, God, we have to pray that the people of Tamil Nadu will believe and cast their vote."
youtube,comment,UgyyUEwD-3ip6_Hat7t4AaABAg,LtFVk5EKhJM,2026-09-05 10:25:06+00:00,2026-09-22T04:35:08Z,f7264c14bce5,Makkal than create panranga😮 avanga enna Pannu vanga,3,0,0,https://youtube.com/watch?v=LtFVk5EKhJM&lc=UgyyUEwD-3ip6_Hat7t4AaABAg,விஜய் திரிஷா,tanglish,Makkal than create panranga😮 avanga enna Pannu vanga
youtube,comment,Ugzqg67zNUd1nplGRxp4AaABAg,LtFVk5EKhJM,2026-09-05 10:28:50+00:00,2026-09-22T04:35:08Z,9446477e7ef6,Vijay sir nenga poi unga wife sangeetha pathutu vanga...,0,0,0,https://youtube.com/watch?v=LtFVk5EKhJM&lc=Ugzqg67zNUd1nplGRxp4AaABAg,விஜய் திரிஷா,en,Vijay sir nenga poi unga wife sangeetha pathutu vanga...
youtube,comment,UgxBBCzN8D7HPdu10NJ4AaABAg,LtFVk5EKhJM,2026-09-05 10:28:52+00:00,2026-09-22T04:35:08Z,37cce41350d8,"Hate Trisha now, Vinnai Thandi Varuvaya is my favourite movie, I have seen it more than 25 times.But now because of her, I don't even feel like watching it. why are you doing this???I have nothing to say about Vijay🙄",6,0,0,https://youtube.com/watch?v=LtFVk5EKhJM&lc=UgxBBCzN8D7HPdu10NJ4AaABAg,விஜய் திரிஷா,en,"Hate Trisha now, Vinnai Thandi Varuvaya is my favourite movie, I have seen it more than 25 times.But now because of her, I don't even feel like watching it. why are you doing this???I have nothing to say about Vijay🙄"
youtube,comment,UgyMZDSKrFcsk5n_TVZ4AaABAg,LtFVk5EKhJM,2026-09-05 10:33:33+00:00,2026-09-22T04:35:08Z,71dc7ec653c1,வீடியோ எடுக்கிறதா பாத்துட்டே இருக்கா சரியான கல்லூல்லி மங்கி அங்கே இருவராத,0,0,0,https://youtube.com/watch?v=LtFVk5EKhJM&lc=UgyMZDSKrFcsk5n_TVZ4AaABAg,விஜய் திரிஷா,ta,"Whether you are watching or taking a video, the right stone fades away"
youtube,comment,UgzhpHZY-TYJ1N_mKil4AaABAg,i1BqRYMFS08,2026-09-05 10:38:00+00:00,2026-09-22T13:54:26Z,4c1722f1aac6,"Understand 0%😅,,Vibe 200%👻",0,0,0,https://youtube.com/watch?v=i1BqRYMFS08&lc=UgzhpHZY-TYJ1N_mKil4AaABAg,Vijay Trisha,en,"Understand 0%😅,,Vibe 200%👻"
youtube,comment,UgzfdhwdzVKeQ-ozcth4AaABAg,LtFVk5EKhJM,2026-09-05 10:41:48+00:00,2026-09-22T04:35:08Z,02ff07bd2527,விஜய் த்ரிஷா ஏன் இந்தியாவுல மீட் பண்ணவே முடியாதா லண்டனில் போய் தான் மீட் பண்ணனுமா😂😂 சங்கீதா கூட தான் லண்டன்ல இருக்காங்க அவங்களை மீட் பண்ண போக மாட்டாரா ஏன்டா இப்படி எல்லாம் இருக்கீங்க😂😂,12,0,0,https://youtube.com/watch?v=LtFVk5EKhJM&lc=UgzfdhwdzVKeQ-ozcth4AaABAg,விஜய் திரிஷா,ta,"Why can't Vijay meet Trisha in India? Will he go to London and meet him?😂😂 Sangeeta is also in London, why won't he go to meet them?"
youtube,comment,UgyxfHS8oS4mzlnyBB54AaABAg,LtFVk5EKhJM,2026-09-05 10:43:39+00:00,2026-09-22T04:35:08Z,c239a6a1e767,avanga kalyanam kuda pannikattum ungaluku enna vijay Olunga atchi pandra ra nu parunga,4,0,0,https://youtube.com/watch?v=LtFVk5EKhJM&lc=UgyxfHS8oS4mzlnyBB54AaABAg,விஜய் திரிஷா,tanglish,"Let them even perform their marriage. Look at Raa, what is the rule of Vijay?"
youtube,comment,Ugxaw58ZKvg0XW7NdFx4AaABAg,LtFVk5EKhJM,2026-09-05 10:47:55+00:00,2026-09-22T04:35:08Z,eae78c99404f,இவ்வளவு பிரச்சனை இருக்கிறது தொண்டர்கள் வேதனை 😒 மனைவி பிள்ளைகள் என அனைவரும் அதே ஊரில் உள்ளார் நாம் என்ன செய்தாலும் Social Media வரும் என தெரிந்தும் அதே ஊருக்கு போகிறார் என்றால் அது மிக முக்கியமான முடிவை எடுக்க வேண்டும் 🙏 பார்ப்போம் மனைவி குழந்தைகள் என குடும்பத்துடன் மகிழ்ச்சியாக வாழனும் 🙏 நம்புகிறோம் நல்லது நடக்கும் என்று 🙏🙏🙏🙏😢❤,22,1,0,https://youtube.com/watch?v=LtFVk5EKhJM&lc=Ugxaw58ZKvg0XW7NdFx4AaABAg,விஜய் திரிஷா,mixed,"There is so much problem, volunteers are suffering 😒 wife and children are all in the same town no matter what we do, knowing that social media will come, if he is going to the same town, then he has to take a very important decision"
youtube,comment,UgynVPFSmFZx6tKaWHJ4AaABAg,LtFVk5EKhJM,2026-09-05 10:49:43+00:00,2026-09-22T04:35:08Z,bcfdf30cfbe1,Thirsha va video eaduthu pottu irupanga,30,1,0,https://youtube.com/watch?v=LtFVk5EKhJM&lc=UgynVPFSmFZx6tKaWHJ4AaABAg,விஜய் திரிஷா,en,Thirsha va video eaduthu pottu irupanga
youtube,comment,UgyKJGsGPExUoslili94AaABAg,LtFVk5EKhJM,2026-09-05 10:49:54+00:00,2026-09-22T04:35:08Z,58b42a8e3a7d,Vijay is going for investments purposes as a official trip so he won't meet Trisha there,0,2,0,https://youtube.com/watch?v=LtFVk5EKhJM&lc=UgyKJGsGPExUoslili94AaABAg,விஜய் திரிஷா,en,Vijay is going for investments purposes as a official trip so he won't meet Trisha there
youtube,comment,UgzABQ-E4_DY77tJBNN4AaABAg,LtFVk5EKhJM,2026-09-05 10:51:18+00:00,2026-09-22T04:35:08Z,58b42a8e3a7d,But yeah the video looks like it's not totally candid,0,0,0,https://youtube.com/watch?v=LtFVk5EKhJM&lc=UgzABQ-E4_DY77tJBNN4AaABAg,விஜய் திரிஷா,en,But yeah the video looks like it's not totally candid
youtube,comment,UgzddMGxt-i56g_39rl4AaABAg,LtFVk5EKhJM,2026-09-05 10:55:28+00:00,2026-09-22T04:35:08Z,43cfccb865ae,"இருவரும் சினிமா நடிகர்கள். சினிமா நடிகர்கள் எப்போதும் மக்கள் தங்களை பற்றியே நினைக்க வேண்டும் பேச வேண்டும் என்பதற்காக என்ன வேண்டும் என்றாலும் செய்வார்கள்.  
கடைசியில் கல்யாணம் செய்து கொள்ளவில்லை என்றால் dmk மீது மக்கள் கோபப்படுவார்கள் என்று நினைக்கிறார்கள்😅😅😅",2,0,0,https://youtube.com/watch?v=LtFVk5EKhJM&lc=UgzddMGxt-i56g_39rl4AaABAg,விஜய் திரிஷா,mixed,"Both are film actors.Film actors will always do whatever it takes to make people think and talk about them.
They think people will be angry with dmk if they don't get married in the end😅😅😅"
youtube,comment,UgyAOtYRsRa-wGeLnax4AaABAg,LtFVk5EKhJM,2026-09-05 11:01:07+00:00,2026-09-22T04:35:08Z,31a693ccaa06,"Do you think that Our CM had that much time to entertain us with trisha issue?
There were lots of disturbances in the city..Our CM and ministers were trying their level best to solve issues..
Trisha planned and planted that video bro ..pathale theriyudhu surrounding pakkamale pesuran ama.. 
Initially i too had a doubt on their relation.. But there is no confirmation   from vijay side..from starting trisha only posting pics for publicity..",0,1,0,https://youtube.com/watch?v=LtFVk5EKhJM&lc=UgyAOtYRsRa-wGeLnax4AaABAg,விஜய் திரிஷா,en,"Do you think that Our CM had that much time to entertain us with trisha issue?
There were lots of disturbances in the city..Our CM and ministers were trying their level best to solve issues..
Trisha planned and planted that video bro ..pathale theriyudhu surrounding pakkamale pesuran ama.. 
Initially i too had a doubt on their relation.. But there is no confirmation   from vijay side..from starting trisha only posting pics for publicity.."
youtube,comment,Ugw58aIUv79fnYqo3_d4AaABAg,LtFVk5EKhJM,2026-09-05 11:03:01+00:00,2026-09-22T04:35:08Z,e3406181eab3,Secret weding ahh mudhala Sangeetha mam divorce kudukala adhu illama epudi next marriage enagada upees😂,10,0,0,https://youtube.com/watch?v=LtFVk5EKhJM&lc=Ugw58aIUv79fnYqo3_d4AaABAg,விஜய் திரிஷா,en,Secret weding ahh mudhala Sangeetha mam divorce kudukala adhu illama epudi next marriage enagada upees😂
youtube,comment,UgzYGRsQHSMY2-L_NO54AaABAg,i1BqRYMFS08,2026-09-05 11:05:23+00:00,2026-09-22T13:54:26Z,367f649311d0,"Anyone from West Bengal with modification the Lyrics - ""Indra Maare Pod Maare""",0,0,0,https://youtube.com/watch?v=i1BqRYMFS08&lc=UgzYGRsQHSMY2-L_NO54AaABAg,Vijay Trisha,en,"Anyone from West Bengal with modification the Lyrics - ""Indra Maare Pod Maare"""
youtube,comment,UgxGYpVqHGDLZ3gvfhV4AaABAg,LtFVk5EKhJM,2026-09-05 11:11:13+00:00,2026-09-22T04:35:08Z,fef6802f77cb,Not so many normal  people only you and few youtuber like you spreading these kind of fake news.,23,0,0,https://youtube.com/watch?v=LtFVk5EKhJM&lc=UgxGYpVqHGDLZ3gvfhV4AaABAg,விஜய் திரிஷா,en,Not so many normal  people only you and few youtuber like you spreading these kind of fake news.
youtube,comment,UgyvqOxu3fvebQazwdN4AaABAg,LtFVk5EKhJM,2026-09-05 11:11:41+00:00,2026-09-22T04:35:08Z,ab98fd4f1d53,"Hey Loosu,
For Vijay the program to go to UK will be decided few months in advance. Trisha must have asked the producer to be in UK while Vijay is there she being an attention seeking woman. Trisha can't be in UK you need a permanent visa.
This movie producer Sunder Aaron of Automotive Global went into Bankruptcy in USA. Who is giving money to produce?🤔🤔🤔",22,0,0,https://youtube.com/watch?v=LtFVk5EKhJM&lc=UgyvqOxu3fvebQazwdN4AaABAg,விஜய் திரிஷா,en,"Hey Loosu,
For Vijay the program to go to UK will be decided few months in advance. Trisha must have asked the producer to be in UK while Vijay is there she being an attention seeking woman. Trisha can't be in UK you need a permanent visa.
This movie producer Sunder Aaron of Automotive Global went into Bankruptcy in USA. Who is giving money to produce?🤔🤔🤔"
youtube,comment,UgyhX5FOS6lnCF6q3yF4AaABAg,LtFVk5EKhJM,2026-09-05 11:12:34+00:00,2026-09-22T04:35:08Z,fda3aaa6ea47,சரி பார்க்கலாம் முதலமைச்சர் ஓட ட்ரிப் இது உன்னோட முடியுதா இல்ல இன்னும் ரெண்டு மாசத்துல எத்தனை ட்ரிப் போறாருன்னு பார்க்கலாம்,0,0,0,https://youtube.com/watch?v=LtFVk5EKhJM&lc=UgyhX5FOS6lnCF6q3yF4AaABAg,விஜய் திரிஷா,ta,"Well, let's see if you can afford the trip to the Chief Minister or not. Let's see how many trips you will take in the next two months."
youtube,comment,Ugy5HuCJp6gJ1Lc3NPR4AaABAg,LtFVk5EKhJM,2026-09-05 11:13:26+00:00,2026-09-22T04:35:08Z,9134d72c4239,Dai dai Vijay and Trisha meet pana ean meet panala ean already appdiya vijay cm ana piragu tamilnadu Yellam seri ana mathiri tvk and dmk fight panava time seri iruku ithu cut pani reels veetu tu irukaga mathi mathi tvk and dmk ithula vera mutta kuduka vathuduva seli peru investment trip poraru nu,0,0,0,https://youtube.com/watch?v=LtFVk5EKhJM&lc=Ugy5HuCJp6gJ1Lc3NPR4AaABAg,விஜய் திரிஷா,tanglish,Dai dai Vijay and Trisha meet pana ean meet panala ean already appdiya vijay cm ana piragu tamilnadu Yellam seri ana mathiri tvk and dmk fight panava time seri iruku ithu cut pani reels veetu tu irukaga mathi mathi tvk and dmk ithula vera mutta kuduka vathuduva seli peru investment trip poraru nu
youtube,comment,Ugw4d20gFhltK-ohjop4AaABAg,i1BqRYMFS08,2026-09-05 11:17:25+00:00,2026-09-22T13:54:26Z,8867e958601b,From up but mst vibe hai,0,0,0,https://youtube.com/watch?v=i1BqRYMFS08&lc=Ugw4d20gFhltK-ohjop4AaABAg,Vijay Trisha,en,From up but mst vibe hai
youtube,comment,Ugw2cOZCRP4x0Uukwyd4AaABAg,LtFVk5EKhJM,2026-09-05 11:18:25+00:00,2026-09-22T04:35:08Z,3037239420a8,Sangeetha not given divorce then how,2,1,0,https://youtube.com/watch?v=LtFVk5EKhJM&lc=Ugw2cOZCRP4x0Uukwyd4AaABAg,விஜய் திரிஷா,en,Sangeetha not given divorce then how
youtube,comment,UgxL6cys9-6ODiQghPx4AaABAg,LtFVk5EKhJM,2026-09-05 11:34:32+00:00,2026-09-22T04:35:08Z,304ec5a5bb2a,Ahmed stop talking roomers.. respect friendship... our cm vijay anna knows what to do.. he always go in a right path and it's directed by god.. its already proved.. so talk something  sensible..,1,0,0,https://youtube.com/watch?v=LtFVk5EKhJM&lc=UgxL6cys9-6ODiQghPx4AaABAg,விஜய் திரிஷா,en,Ahmed stop talking roomers.. respect friendship... our cm vijay anna knows what to do.. he always go in a right path and it's directed by god.. its already proved.. so talk something  sensible..
youtube,comment,UgxwLBZmfvjtA9AMhQR4AaABAg,LtFVk5EKhJM,2026-09-05 11:41:40+00:00,2026-09-22T04:35:08Z,7dddce98f73d,"Eni Vijay Trisha oda suthina Vijay ku no vote , from our family.. Anda sooniya Kari ya kalati vitta tha support pannuvom. Idellam pathu Vijay Trisha wa konjom konjama pudikama pogudu",0,0,0,https://youtube.com/watch?v=LtFVk5EKhJM&lc=UgxwLBZmfvjtA9AMhQR4AaABAg,விஜய் திரிஷா,en,"Eni Vijay Trisha oda suthina Vijay ku no vote , from our family.. Anda sooniya Kari ya kalati vitta tha support pannuvom. Idellam pathu Vijay Trisha wa konjom konjama pudikama pogudu"
youtube,comment,UgwTV1o_mQZHBZe7ytB4AaABAg,LtFVk5EKhJM,2026-09-05 11:41:52+00:00,2026-09-22T04:35:08Z,8bba572b878f,Vanta puduki nerla patha maari,0,0,0,https://youtube.com/watch?v=LtFVk5EKhJM&lc=UgwTV1o_mQZHBZe7ytB4AaABAg,விஜய் திரிஷா,en,Vanta puduki nerla patha maari
youtube,comment,UgxZWBt72nrSFP2Lr614AaABAg,LtFVk5EKhJM,2026-09-05 11:43:52+00:00,2026-09-22T04:35:08Z,6843bd05cba3,gut feeling maybe wrong  also Trisha vijay and Sangeetha with lawyers will have a meeting wrt to their wedding and divorce and alimony his son movie is releasing so Sangeetha might ask both to shut the f up for time being so that their son debut wouldn't be overshadowed by Trisha vijay consistent news just gut feeling could be wrong also no wedding just some sort of legal proceeding and post nap sort thing vijay main Aim is foreign investments only but def not an coincidence all three are there at same time,2,0,0,https://youtube.com/watch?v=LtFVk5EKhJM&lc=UgxZWBt72nrSFP2Lr614AaABAg,விஜய் திரிஷா,en,gut feeling maybe wrong  also Trisha vijay and Sangeetha with lawyers will have a meeting wrt to their wedding and divorce and alimony his son movie is releasing so Sangeetha might ask both to shut the f up for time being so that their son debut wouldn't be overshadowed by Trisha vijay consistent news just gut feeling could be wrong also no wedding just some sort of legal proceeding and post nap sort thing vijay main Aim is foreign investments only but def not an coincidence all three are there at same time
youtube,comment,UgykDJ3HSF1xMMMqANt4AaABAg,LtFVk5EKhJM,2026-09-05 11:44:11+00:00,2026-09-22T04:35:08Z,f5ae356e308a,"Just trisha make for publicity, create attention use CM VIJAY...",48,2,0,https://youtube.com/watch?v=LtFVk5EKhJM&lc=UgykDJ3HSF1xMMMqANt4AaABAg,விஜய் திரிஷா,en,"Just trisha make for publicity, create attention use CM VIJAY..."
youtube,comment,UgxMK0L1vbdKjRxEwet4AaABAg,LtFVk5EKhJM,2026-09-05 11:44:33+00:00,2026-09-22T04:35:08Z,2ab5658d4589,Please dont spread fake news it hurts his family and fans ❤,9,1,0,https://youtube.com/watch?v=LtFVk5EKhJM&lc=UgxMK0L1vbdKjRxEwet4AaABAg,விஜய் திரிஷா,en,Please dont spread fake news it hurts his family and fans ❤
youtube,comment,UgzQFd733YRazhO1Xbt4AaABAg,LtFVk5EKhJM,2026-09-05 11:45:53+00:00,2026-09-22T04:35:08Z,7dddce98f73d,"This relationship is bad example for new generation.. 😒 ellarum eni vappati wachi kolga ,, girls um Negalum marry panninalum wera boys a wachi kollalam nu future wandhurum pola 🥹 1st CM olukama iruda tha Ada pathu .. makkal um olukama iruka mudium",1,0,0,https://youtube.com/watch?v=LtFVk5EKhJM&lc=UgzQFd733YRazhO1Xbt4AaABAg,விஜய் திரிஷா,en,"This relationship is bad example for new generation.. 😒 ellarum eni vappati wachi kolga ,, girls um Negalum marry panninalum wera boys a wachi kollalam nu future wandhurum pola 🥹 1st CM olukama iruda tha Ada pathu .. makkal um olukama iruka mudium"
youtube,comment,UgynPRzkYTlURvQf-o94AaABAg,LtFVk5EKhJM,2026-09-05 11:46:56+00:00,2026-09-22T04:35:08Z,4168eae6f515,இனிமேல் மற்றவர்களின் தனிப்பட்ட வாழ்க்கையைப் பற்றி சமூக வலைதளங்களில் பேசும் ப்ளாக்கர்கள் மற்றும் சேனல்களை முதல்வர் தடுக்க வேண்டும். இதுபோன்ற செயல்களில் ஈடுபடுபவர்கள் மீது TVK கடுமையான நடவடிக்கை எடுக்க வேண்டும்.,2,0,0,https://youtube.com/watch?v=LtFVk5EKhJM&lc=UgynPRzkYTlURvQf-o94AaABAg,விஜய் திரிஷா,mixed,Henceforth the Chief Minister should block bloggers and channels that talk about other people's personal lives on social media.TVK should take strict action against those involved in such activities.
youtube,comment,UgxrRrffGm9a7Np1JfB4AaABAg,LtFVk5EKhJM,2026-09-05 11:48:41+00:00,2026-09-22T04:35:08Z,5f2fb0e56416,வேலை வெட்டி இல்லாதவங்க,0,0,0,https://youtube.com/watch?v=LtFVk5EKhJM&lc=UgxrRrffGm9a7Np1JfB4AaABAg,விஜய் திரிஷா,ta,Those who do not have a job
youtube,comment,UgzEjSPWk0guVrASNvp4AaABAg,LtFVk5EKhJM,2026-09-05 11:52:44+00:00,2026-09-22T04:35:08Z,e44eb1185128,"Brother I have some doubt yen gossip pesitu irukinga.....ithulam important illa nu ungaluku theriyum la...neenga konjam neraiya viewer irukura youtuber thana....but vara vara unga videos la gossip mari aagitu na kora sollala just thonuthu.....aprm intha veeramani case pathi lam konjam pesungala...athu romba important 
Don't take this wrong...",1,0,0,https://youtube.com/watch?v=LtFVk5EKhJM&lc=UgzEjSPWk0guVrASNvp4AaABAg,விஜய் திரிஷா,tanglish,"Brother I have some doubt yen gossip pesitu irukinga.....ithulam important illa nu ungaluku theriyum la...neenga konjam neraiya viewer irukura youtuber thana....but vara vara unga videos la gossip mari aagitu na kora sollala just thonuthu.....aprm intha veeramani case pathi lam konjam pesungala...athu romba important
Don't take this wrong..."
youtube,comment,UgyE265vZo7KBAWNCXt4AaABAg,LtFVk5EKhJM,2026-09-05 12:16:23+00:00,2026-09-22T04:35:08Z,3777e949cb4b,"I think you don't have anything to talk , always trisha ,vijay what is this. Vijay is going for official trip . Thumbnail paathale gaandu aagudhu 😡",0,0,0,https://youtube.com/watch?v=LtFVk5EKhJM&lc=UgyE265vZo7KBAWNCXt4AaABAg,விஜய் திரிஷா,en,"I think you don't have anything to talk , always trisha ,vijay what is this. Vijay is going for official trip . Thumbnail paathale gaandu aagudhu 😡"
youtube,comment,UgxiyX6rYdFZ-Nkso894AaABAg,LtFVk5EKhJM,2026-09-05 12:17:30+00:00,2026-09-22T04:35:08Z,888fb9a29b50,What's all this nonsense,0,0,0,https://youtube.com/watch?v=LtFVk5EKhJM&lc=UgxiyX6rYdFZ-Nkso894AaABAg,விஜய் திரிஷா,en,What's all this nonsense
youtube,comment,UgyC7agsQCEaiExtZRB4AaABAg,i1BqRYMFS08,2026-09-05 12:18:53+00:00,2026-09-22T13:54:26Z,13b8bda471c1,Singer KK RIP,0,0,0,https://youtube.com/watch?v=i1BqRYMFS08&lc=UgyC7agsQCEaiExtZRB4AaABAg,Vijay Trisha,en,Singer KK RIP
youtube,comment,UgzpAQT1tqPN5vBj_jB4AaABAg,LtFVk5EKhJM,2026-09-05 12:30:57+00:00,2026-09-22T04:35:08Z,2a0114efd806,Avan oru dash paya,0,0,0,https://youtube.com/watch?v=LtFVk5EKhJM&lc=UgzpAQT1tqPN5vBj_jB4AaABAg,விஜய் திரிஷா,en,Avan oru dash paya
youtube,comment,UgzB8IobDqtN751zcx54AaABAg,LtFVk5EKhJM,2026-09-05 12:35:23+00:00,2026-09-22T04:35:08Z,8.56E+209,He is your CM.... Best avoid the his topic instead of making accusation not sure if true or not. Otherwise defamation,3,0,0,https://youtube.com/watch?v=LtFVk5EKhJM&lc=UgzB8IobDqtN751zcx54AaABAg,விஜய் திரிஷா,en,He is your CM.... Best avoid the his topic instead of making accusation not sure if true or not. Otherwise defamation
youtube,comment,UgwlwpDTPUFI1KAKko14AaABAg,LtFVk5EKhJM,2026-09-05 12:45:10+00:00,2026-09-22T04:35:08Z,9f7801c12b33,Ahmed don't get arrested speaking ill about CM . It's his personal leave it... ithu thevai ilatha velai.. udaynidhi itself got arrested,8,2,0,https://youtube.com/watch?v=LtFVk5EKhJM&lc=UgwlwpDTPUFI1KAKko14AaABAg,விஜய் திரிஷா,en,Ahmed don't get arrested speaking ill about CM . It's his personal leave it... ithu thevai ilatha velai.. udaynidhi itself got arrested
youtube,comment,UgyHDH1JMHNZlDOZvEJ4AaABAg,i1BqRYMFS08,2026-09-05 12:52:44+00:00,2026-09-22T13:54:26Z,0dac33684629,Who played this song on Teachers Day? 😂😂,6,0,0,https://youtube.com/watch?v=i1BqRYMFS08&lc=UgyHDH1JMHNZlDOZvEJ4AaABAg,Vijay Trisha,en,Who played this song on Teachers Day? 😂😂
youtube,comment,UgxoJnZAycahghIp_id4AaABAg,LtFVk5EKhJM,2026-09-05 12:52:49+00:00,2026-09-22T04:35:08Z,073eafe2c3a6,Why are you soo obsessed with them??,7,0,0,https://youtube.com/watch?v=LtFVk5EKhJM&lc=UgxoJnZAycahghIp_id4AaABAg,விஜய் திரிஷா,en,Why are you soo obsessed with them??
youtube,comment,Ugy27P8etzvjID9UKZN4AaABAg,LtFVk5EKhJM,2026-09-05 12:58:25+00:00,2026-09-22T04:35:08Z,4043a4460d62,"Unless Vijay converts to Islam, he will be unable to marry more than one legal wife. Sangeetha Swarnalngam is still his lawfully wedded wife. UK doesn't approve of bigamy. Secret marriage ellam nadantha kambi thaan ennanum. 😂",1,0,0,https://youtube.com/watch?v=LtFVk5EKhJM&lc=Ugy27P8etzvjID9UKZN4AaABAg,விஜய் திரிஷா,en,"Unless Vijay converts to Islam, he will be unable to marry more than one legal wife. Sangeetha Swarnalngam is still his lawfully wedded wife. UK doesn't approve of bigamy. Secret marriage ellam nadantha kambi thaan ennanum. 😂"
youtube,comment,UgwkUBKD952qJ_CJDE54AaABAg,LtFVk5EKhJM,2026-09-05 13:02:58+00:00,2026-09-22T04:35:08Z,2e05e7b30ca7,On other side Vj's anna wife n daughter living there..,4,0,0,https://youtube.com/watch?v=LtFVk5EKhJM&lc=UgwkUBKD952qJ_CJDE54AaABAg,விஜய் திரிஷா,en,On other side Vj's anna wife n daughter living there..
youtube,comment,Ugy67foOnY2tRMCVUEV4AaABAg,LtFVk5EKhJM,2026-09-05 13:11:26+00:00,2026-09-22T04:35:08Z,1f0604dea814,Just ignore trisha and stop highlighting her.All will be fine.Vijay be kind to the people who voted you in.,5,0,0,https://youtube.com/watch?v=LtFVk5EKhJM&lc=Ugy67foOnY2tRMCVUEV4AaABAg,விஜய் திரிஷா,en,Just ignore trisha and stop highlighting her.All will be fine.Vijay be kind to the people who voted you in.
youtube,comment,UgwQceSXSo_8a5J6tnN4AaABAg,LtFVk5EKhJM,2026-09-05 13:14:30+00:00,2026-09-22T04:35:07Z,8.56E+209,His daughter is there right,5,0,0,https://youtube.com/watch?v=LtFVk5EKhJM&lc=UgwQceSXSo_8a5J6tnN4AaABAg,விஜய் திரிஷா,en,His daughter is there right
youtube,comment,UgzXQKeF1mFVnFtHfcB4AaABAg,LtFVk5EKhJM,2026-09-05 13:16:38+00:00,2026-09-22T04:35:07Z,05c802433f71,I think Trisha is in London for the movie shoot,3,1,0,https://youtube.com/watch?v=LtFVk5EKhJM&lc=UgzXQKeF1mFVnFtHfcB4AaABAg,விஜய் திரிஷா,en,I think Trisha is in London for the movie shoot
youtube,comment,UgzoUMvRvs4ar5Lplo94AaABAg,LtFVk5EKhJM,2026-09-05 13:18:00+00:00,2026-09-22T04:35:07Z,1b3ca7e5220a,I am tired of the drama between Vijay and Trisha. So tired. I think I am going to boycott utube,46,3,0,https://youtube.com/watch?v=LtFVk5EKhJM&lc=UgzoUMvRvs4ar5Lplo94AaABAg,விஜய் திரிஷா,en,I am tired of the drama between Vijay and Trisha. So tired. I think I am going to boycott utube
youtube,comment,UgyDuPbwyX86__4D2fV4AaABAg,LtFVk5EKhJM,2026-09-05 13:24:03+00:00,2026-09-22T04:35:07Z,7e7514ca1311,எங்காயது போய் தொலையட்டும் தமிழ்நாடு விட்டு நிரந்தரமாக போய் தொலையட்டும்...7cr மக்கள் வரி பணதுல தான் போரரு..,42,1,0,https://youtube.com/watch?v=LtFVk5EKhJM&lc=UgyDuPbwyX86__4D2fV4AaABAg,விஜய் திரிஷா,mixed,"Let him go and get lost, leave Tamil Nadu and get lost forever... 7cr people are fighting only with tax money.."
youtube,comment,UgyAs12xJDn_R3sAHat4AaABAg,LtFVk5EKhJM,2026-09-05 13:26:29+00:00,2026-09-22T04:35:07Z,8019527b4f29,Bro cm sir's wife and daughter also in London so he can go to see them also right,21,0,0,https://youtube.com/watch?v=LtFVk5EKhJM&lc=UgyAs12xJDn_R3sAHat4AaABAg,விஜய் திரிஷா,en,Bro cm sir's wife and daughter also in London so he can go to see them also right
youtube,comment,UgzPfiGX9BOnpUXxjn54AaABAg,LtFVk5EKhJM,2026-09-05 13:26:37+00:00,2026-09-22T04:35:07Z,b5b29b60c293,Eppa paaru Trisha Vijay nondradhe ungalukku velaiya pochu 🤦,10,1,0,https://youtube.com/watch?v=LtFVk5EKhJM&lc=UgzPfiGX9BOnpUXxjn54AaABAg,விஜய் திரிஷா,en,Eppa paaru Trisha Vijay nondradhe ungalukku velaiya pochu 🤦
youtube,comment,Ugz7mFwqbQlSeesVtnZ4AaABAg,LtFVk5EKhJM,2026-09-05 13:43:48+00:00,2026-09-22T04:35:07Z,ee69fadcfda7,Sangeetha isn’t giving divorce for a reason. She will make sure those two don’t get married . Just cause he is the cm doesn’t mean anything . The fact he is openly cheating - in America the wife will walk away with more then just half his money .,4,0,0,https://youtube.com/watch?v=LtFVk5EKhJM&lc=Ugz7mFwqbQlSeesVtnZ4AaABAg,விஜய் திரிஷா,en,Sangeetha isn’t giving divorce for a reason. She will make sure those two don’t get married . Just cause he is the cm doesn’t mean anything . The fact he is openly cheating - in America the wife will walk away with more then just half his money .
youtube,comment,UgxCVlaax4aQWxGX4H14AaABAg,i1BqRYMFS08,2026-09-05 13:43:57+00:00,2026-09-22T13:54:26Z,48dcd3e716b3,"Hoi .. Appudi podu podu podu
Asathi podu kannaale
Ippudi podu podu podu
Izhuthu podu kaiyyaale


Onnoade ooru suthe
uppu moote aerikkiraen
Onnoade kanne pothi
kannaamoochi aade varaen
Indhe nadai poadhuma?
Innum konjam vaenuma?
Indhe nadai poadhuma?
Innum konjam vaenuma?
Aye Indhe nadai poadhuma?
Innum konjam vaenuma?


Appudi podu podu podu
Asathi podu kannaale
Ippudi podu podu podu

Izhuthu podu kayyaale

oh...
En manasile nee ninaaikkiriyae
Aye azhagha en kanavile
nee muzhikkiriyae
Aye adada en uthattule nee inikkiriyae
Idhu nijamthaanaa?


En usurule nee thudikkiriyae,

Aye azhagi en vayasule nee paduthiriyae
Ai medhuva en kazhuthule nee manakiriyae
Idhu adhuthaanaa?


Unnai paathe santhoasathil
rendu madanga poothirunthaen
Unnai thotte achathile moonu
kodam naan vaerthirunthaern,


Onnoade kannangalai
kaakaa kadi naan kadikke
Ennoade kaadhu pakkam
selle kadi nee kadikke
Indhe vayasu poadhuma?
Innum konjam vaenuma?
Indhe vayasu poadhuma?
Innum konjam vaenuma?
Indhe vayasu poadhuma?
Innum konjam vaenuma?


Appudi podu podu podu
Asathi podu kannaale
Ippudi podu podu podu

Izhuthu podu kayyaale

Thikke vekkire thinare vekkiriyae
Nee medhuvaa vikke vekkire
viyarka vekkiriyae
Nee ennathaan
pathatha vekkire padhanga vekkiriyae
Ithu sarithaanaa?


Sikke vekkire, sevakke vekkire

Nee joaraa sokka vekkire
sozhala vekkiriyae
Nee azhagha paththa vekkire
padhara vekkiriyae
Ithu muraithaanaa?


Otha paarvai nenjukulle
Oosi noolum koarkuthadi
Theththu pallu sirippil ellaam
Pathu nilavu therikkuthadi


thai thai-nu aadikittu
Onnoadu naanum varaen
Nai nai-nu paesikittu
Onn koode saernthu varaen
Indha aatam poadhumaa?
Innam konjam vaenumaa?
Indha aatam poadhumaa?
Innam konjam vaenumaa?
Ei Indha aatam poadhumaa?
Innam konjam vaenumaa?


Ui.. Appudi podu podu podu
Asathi podu kannaale
Ippudi podu podu podu
Izhuthu podu kayyaale

Onnoade ooru suthe
uppu moote aerikkiraen

Onnoade kanne pothi
kannaamoochi aade varaen
Indhe nadai poadhuma?
Innum konjam vaenuma?
Indhe nadai poadhuma?
Innum konjam vaenuma?
Aye Indhe nadai poadhuma?

Innum konjam vaenuma?
 
Sing this",0,0,0,https://youtube.com/watch?v=i1BqRYMFS08&lc=UgxCVlaax4aQWxGX4H14AaABAg,Vijay Trisha,tanglish,"Hoi .. Appudi podu podu podu
Asathi podu kannaale
Ippudi podu podu podu
Izhuthu podu kaiyyaale


Onnoade ooru suthe
uppu moote aerikkiraen
Onnoade kanne pothi
kannaamoochi aade varaen
Indhe nadai poadhuma?
Innum konjam vaenuma?
Indhe nadai poadhuma?
Innum konjam vaenuma?
Aye Indhe nadai poadhuma?
Innum konjam vaenuma?


Appudi podu podu podu
Asathi podu kannaale
Ippudi podu podu podu

Izhuthu podu kayyaale

oh...
En manasile nee ninaaikkiriyae
Aye azhagha en kanavile
nee muzhikkiriyae
Aye adada en uthattule nee inikkiriyae
Idhu nijamthaanaa?


En usurule nee thudikkiriyae,

Aye azhagi en vayasule nee paduthiriyae
Ai medhuva en kazhuthule nee manakiriyae
Idhu adhuthaanaa?


Unnai paathe santhoasathil
rendu madanga poothirunthaen
Unnai thotte achathile moonu
kodam naan vaerthirunthaern,


Onnoade kannangalai
kaakaa kadi naan kadikke
Ennoade kaadhu pakkam
selle kadi nee kadikke
Indhe vayasu poadhuma?
Innum konjam vaenuma?
Indhe vayasu poadhuma?
Innum konjam vaenuma?
Indhe vayasu poadhuma?
Innum konjam vaenuma?


Appudi podu podu podu
Asathi podu kannaale
Ippudi podu podu podu

Izhuthu podu kayyaale

Thikke vekkire thinare vekkiriyae
Nee medhuvaa vikke vekkire
viyarka vekkiriyae
Nee ennathaan
pathatha vekkire padhanga vekkiriyae
Ithu sarithaanaa?


Sikke vekkire, sevakke vekkire

Nee joaraa sokka vekkire
sozhala vekkiriyae
Nee azhagha paththa vekkire
padhara vekkiriyae
Ithu muraithaanaa?


Otha paarvai nenjukulle
Oosi noolum koarkuthadi
Theththu pallu sirippil ellaam
Pathu nilavu therikkuthadi


thai thai-nu aadikittu
Onnoadu naanum varaen
Nai nai-nu paesikittu
Onn koode saernthu varaen
Indha aatam poadhumaa?
Innam konjam vaenumaa?
Indha aatam poadhumaa?
Innam konjam vaenumaa?
Ei Indha aatam poadhumaa?
Innam konjam vaenumaa?


Ui.. Appudi podu podu podu
Asathi podu kannaale
Ippudi podu podu podu
Izhuthu podu kayyaale

Onnoade ooru suthe
uppu moote aerikkiraen

Onnoade kanne pothi
kannaamoochi aade varaen
Indhe nadai poadhuma?
Innum konjam vaenuma?
Indhe nadai poadhuma?
Innum konjam vaenuma?
Aye Indhe nadai poadhuma?

Innum konjam vaenuma?

Sing this"
youtube,comment,UgxD0MVX15WLUB4kgQt4AaABAg,LtFVk5EKhJM,2026-09-05 13:56:28+00:00,2026-09-22T04:35:07Z,db3da3cd3157,"His wife is also in London, maybe he will meet her and this Trisha wantedly making videos to make controversy about him.",32,6,0,https://youtube.com/watch?v=LtFVk5EKhJM&lc=UgxD0MVX15WLUB4kgQt4AaABAg,விஜய் திரிஷா,en,"His wife is also in London, maybe he will meet her and this Trisha wantedly making videos to make controversy about him."
youtube,comment,UgzbyJaDg8ZEzLoDx5V4AaABAg,LtFVk5EKhJM,2026-09-05 13:58:49+00:00,2026-09-22T04:35:07Z,00b8464b38ba,🤦🤦🤦🤦🤦🤦🤦🤦🤦🤦🤦 y  this people so stupid like  to talk cm vijay and cm vijay sir already family's 😡😡😡😡😡😡😡😡,0,0,0,https://youtube.com/watch?v=LtFVk5EKhJM&lc=UgzbyJaDg8ZEzLoDx5V4AaABAg,விஜய் திரிஷா,en,🤦🤦🤦🤦🤦🤦🤦🤦🤦🤦🤦 y  this people so stupid like  to talk cm vijay and cm vijay sir already family's 😡😡😡😡😡😡😡😡
youtube,comment,Ugyz3EFcEdSuqxcwO4t4AaABAg,LtFVk5EKhJM,2026-09-05 14:05:27+00:00,2026-09-22T04:35:07Z,25b4d8109c30,Inime every month london ku investment ku povan joseph,0,0,0,https://youtube.com/watch?v=LtFVk5EKhJM&lc=Ugyz3EFcEdSuqxcwO4t4AaABAg,விஜய் திரிஷா,en,Inime every month london ku investment ku povan joseph
youtube,comment,UgxZ6EJerZQ7iAA0OJR4AaABAg,LtFVk5EKhJM,2026-09-05 14:09:12+00:00,2026-09-22T04:35:07Z,e7bd502672f1,"My personal opinion is that if the public can catch them red-handed, then the cat is already out of the bag. Another opinion of mine is that enough is enough—if they are genuinely together, let them get married and put an end to all the gossip.
What I find puzzling is that the Indians seem afraid to ask the CM for an explanation. I honestly wonder why.",9,1,0,https://youtube.com/watch?v=LtFVk5EKhJM&lc=UgxZ6EJerZQ7iAA0OJR4AaABAg,விஜய் திரிஷா,en,"My personal opinion is that if the public can catch them red-handed, then the cat is already out of the bag. Another opinion of mine is that enough is enough—if they are genuinely together, let them get married and put an end to all the gossip.
What I find puzzling is that the Indians seem afraid to ask the CM for an explanation. I honestly wonder why."
youtube,comment,UgzbBX_kcvqnh_WK6N14AaABAg,LtFVk5EKhJM,2026-09-05 14:13:24+00:00,2026-09-22T04:35:07Z,e7bd502672f1,Very immoral leader. A hypocrite. Wrong choice people. You'll got cheated.,21,4,0,https://youtube.com/watch?v=LtFVk5EKhJM&lc=UgzbBX_kcvqnh_WK6N14AaABAg,விஜய் திரிஷா,en,Very immoral leader. A hypocrite. Wrong choice people. You'll got cheated.
youtube,comment,UgzlBjjQDNFnLXXGIM14AaABAg,LtFVk5EKhJM,2026-09-05 14:17:15+00:00,2026-09-22T04:35:07Z,895435c366c4,"Though I supported Vijay to win, sick of this circus. Governance kevalam.. I even supported him not doing loose talks before election but even after being a CM he is not speaking at all in the assembly even for his ministries. With the reels in Hindi to be a PM, now I realize how they would have manipulated the general public of TN. I hope TN wakes up before they bring irreversible damage.",58,12,0,https://youtube.com/watch?v=LtFVk5EKhJM&lc=UgzlBjjQDNFnLXXGIM14AaABAg,விஜய் திரிஷா,en,"Though I supported Vijay to win, sick of this circus. Governance kevalam.. I even supported him not doing loose talks before election but even after being a CM he is not speaking at all in the assembly even for his ministries. With the reels in Hindi to be a PM, now I realize how they would have manipulated the general public of TN. I hope TN wakes up before they bring irreversible damage."
youtube,comment,UgyQ1n49McgSDAp02Op4AaABAg,LtFVk5EKhJM,2026-09-05 14:22:13+00:00,2026-09-22T04:35:07Z,e7bd502672f1,"“The straw that broke the camel’s back.” The public adored you, but sadly, you didn’t know how to appreciate their  support.",3,0,0,https://youtube.com/watch?v=LtFVk5EKhJM&lc=UgyQ1n49McgSDAp02Op4AaABAg,விஜய் திரிஷா,en,"“The straw that broke the camel’s back.” The public adored you, but sadly, you didn’t know how to appreciate their  support."
youtube,comment,UgzPtKNkUbmlcOVKZix4AaABAg,LtFVk5EKhJM,2026-09-05 14:39:21+00:00,2026-09-22T04:35:07Z,91eb73dcd988,Shameless man Vijay. Cheater and having illegal relationship.,0,0,0,https://youtube.com/watch?v=LtFVk5EKhJM&lc=UgzPtKNkUbmlcOVKZix4AaABAg,விஜய் திரிஷா,en,Shameless man Vijay. Cheater and having illegal relationship.
youtube,comment,Ugw6O_lLLynW2AF-wbx4AaABAg,LtFVk5EKhJM,2026-09-05 14:51:24+00:00,2026-09-22T04:35:07Z,a97d5f6be8dc,Such a cheap way to earn 🤮,8,2,0,https://youtube.com/watch?v=LtFVk5EKhJM&lc=Ugw6O_lLLynW2AF-wbx4AaABAg,விஜய் திரிஷா,en,Such a cheap way to earn 🤮
youtube,comment,UgzCBV2GJe7JfxcYZhR4AaABAg,LtFVk5EKhJM,2026-09-05 14:55:10+00:00,2026-09-22T04:35:07Z,46b96423a2e5,Athu epdi bro divorce vankama epdi marriage pana mudium,20,0,0,https://youtube.com/watch?v=LtFVk5EKhJM&lc=UgzCBV2GJe7JfxcYZhR4AaABAg,விஜய் திரிஷா,tanglish,It can be changed without buying ftp pro divorce
youtube,comment,UgwiFEmV-m96g4QcCtV4AaABAg,i1BqRYMFS08,2026-09-05 15:04:52+00:00,2026-09-22T13:54:26Z,a85f75911b94,Gatta kushti 2 me bhi  gana hai yeh 😂😂😂😂😂,0,0,0,https://youtube.com/watch?v=i1BqRYMFS08&lc=UgwiFEmV-m96g4QcCtV4AaABAg,Vijay Trisha,en,Gatta kushti 2 me bhi  gana hai yeh 😂😂😂😂😂
youtube,comment,UgyQ11Uajgsv2X6kVDl4AaABAg,DnrJui-dXic,2026-09-05 15:05:55+00:00,2026-09-22T04:33:29Z,4fa7c18e4e06,Thalapathy Vijay after making CM,0,0,0,https://youtube.com/watch?v=DnrJui-dXic&lc=UgyQ11Uajgsv2X6kVDl4AaABAg,Thalapathy Vijay Trisha,en,Thalapathy Vijay after making CM
youtube,comment,UgzwliAZ3L9JKfcWMAB4AaABAg,DUdl8kGBXkE,2026-09-05 15:10:37+00:00,2026-09-22T04:32:45Z,bb22ac394cc7,விஜயும் சங்கீதாவும் சேர்னும் என்று ரசிகர்கள் நினைத்தால் இந்தமாதிரி வீடியோவை தவிருங்கள்.   விஜய்குடும்பத்திற்குநல்லது,2,0,0,https://youtube.com/watch?v=DUdl8kGBXkE&lc=UgzwliAZ3L9JKfcWMAB4AaABAg,Vijay Trisha,ta,If fans think that Vijay and Sangeeta will join then avoid this video.Good for Vijay family
youtube,comment,UgzZp_Yrc3EslAPgwDN4AaABAg,DUdl8kGBXkE,2026-09-05 15:58:59+00:00,2026-09-22T04:32:45Z,e760b1e4f8bf,Ithule Trisha veramari konjam dark skin right,3,0,0,https://youtube.com/watch?v=DUdl8kGBXkE&lc=UgzZp_Yrc3EslAPgwDN4AaABAg,Vijay Trisha,en,Ithule Trisha veramari konjam dark skin right
youtube,comment,UgzkOcI3ZR3-i9iE0B14AaABAg,LtFVk5EKhJM,2026-09-05 16:06:22+00:00,2026-09-22T04:35:07Z,71ac24e5bfa8,Weird relationship. She will finish his career.,1,0,0,https://youtube.com/watch?v=LtFVk5EKhJM&lc=UgzkOcI3ZR3-i9iE0B14AaABAg,விஜய் திரிஷா,en,Weird relationship. She will finish his career.
youtube,comment,UgzTRrShIx_GJFu3wpd4AaABAg,i1BqRYMFS08,2026-09-05 16:28:16+00:00,2026-09-22T13:54:26Z,f675bca14164,Anyone hear this song September 2026❤,1,0,0,https://youtube.com/watch?v=i1BqRYMFS08&lc=UgzTRrShIx_GJFu3wpd4AaABAg,Vijay Trisha,en,Anyone hear this song September 2026❤
youtube,comment,UgzckgC0Ul3v6VsTaFh4AaABAg,LtFVk5EKhJM,2026-09-05 16:56:47+00:00,2026-09-22T04:35:07Z,17aad2b381b3,She is tamilnadu Malaika Arora.....Gacheeeeeeee Trisha.....she need Horse power,1,0,0,https://youtube.com/watch?v=LtFVk5EKhJM&lc=UgzckgC0Ul3v6VsTaFh4AaABAg,விஜய் திரிஷா,en,She is tamilnadu Malaika Arora.....Gacheeeeeeee Trisha.....she need Horse power
youtube,comment,UgxVeBPR5dqPbKr8JuJ4AaABAg,i1BqRYMFS08,2026-09-05 17:00:06+00:00,2026-09-22T13:54:26Z,0714460859ac,Lovely songs ❤,0,0,0,https://youtube.com/watch?v=i1BqRYMFS08&lc=UgxVeBPR5dqPbKr8JuJ4AaABAg,Vijay Trisha,en,Lovely songs ❤
youtube,comment,Ugz3Q86R-qm9JBAYfmh4AaABAg,LtFVk5EKhJM,2026-09-05 17:11:54+00:00,2026-09-22T04:35:07Z,40b7cad370ac,"You told that you were going to give up trisha topic  in last videos, now speaking the same puranam. That is worthless. If CM Vijay don't care about his character,he would regret for the same.",2,0,0,https://youtube.com/watch?v=LtFVk5EKhJM&lc=Ugz3Q86R-qm9JBAYfmh4AaABAg,விஜய் திரிஷா,en,"You told that you were going to give up trisha topic  in last videos, now speaking the same puranam. That is worthless. If CM Vijay don't care about his character,he would regret for the same."
youtube,comment,Ugzs8efR-RGaJ8mr4rh4AaABAg,LtFVk5EKhJM,2026-09-05 17:33:19+00:00,2026-09-22T04:35:07Z,9ffb82fea660,We have to stop talking about Trisha and CM,82,7,0,https://youtube.com/watch?v=LtFVk5EKhJM&lc=Ugzs8efR-RGaJ8mr4rh4AaABAg,விஜய் திரிஷா,en,We have to stop talking about Trisha and CM
youtube,comment,UgzDSrFd_3k_r4YTckB4AaABAg,LtFVk5EKhJM,2026-09-05 17:33:46+00:00,2026-09-22T04:35:07Z,9ffb82fea660,Really I will stop youtube,2,0,0,https://youtube.com/watch?v=LtFVk5EKhJM&lc=UgzDSrFd_3k_r4YTckB4AaABAg,விஜய் திரிஷா,en,Really I will stop youtube
youtube,comment,UgyAVwjgotFpP89iymp4AaABAg,LtFVk5EKhJM,2026-09-05 18:09:50+00:00,2026-09-22T04:35:07Z,9e3bcef473fe,"August 15 to 20 evla pathiya pesunga,one month agiduchula adhan ippadi,ivan oru fame paithiyum,home breaker,vijaya pidicha saniyan.vijay trisha photos dhan varum parunga.",0,0,0,https://youtube.com/watch?v=LtFVk5EKhJM&lc=UgyAVwjgotFpP89iymp4AaABAg,விஜய் திரிஷா,tanglish,"August 15 to 20 evla pathiya pesunga,one month agiduchula adhan ippadi,ivan oru fame paithiyum,home breaker,vijaya pidicha saniyan.vijay trisha photos dhan varum parunga."
youtube,comment,Ugw5zOusuvq8OvgPIid4AaABAg,LtFVk5EKhJM,2026-09-05 18:30:26+00:00,2026-09-22T04:35:07Z,78cca64cc1af,"Ne enna eppa pathalum vj 3sa va pathiyea peasura, unaku vera velayea illaya, u tube scroll pana  unoda vedio la vj 3sa tha varuthu,",4,0,0,https://youtube.com/watch?v=LtFVk5EKhJM&lc=Ugw5zOusuvq8OvgPIid4AaABAg,விஜய் திரிஷா,en,"Ne enna eppa pathalum vj 3sa va pathiyea peasura, unaku vera velayea illaya, u tube scroll pana  unoda vedio la vj 3sa tha varuthu,"
youtube,comment,Ugz7nXbJIQb8j3wXzCR4AaABAg,LtFVk5EKhJM,2026-09-05 18:53:04+00:00,2026-09-22T04:35:07Z,ce24fbed33a9,"When Trisha supported Peta and people in TN were fighting for jallikattu even then she was fine, cool and chill.",2,0,0,https://youtube.com/watch?v=LtFVk5EKhJM&lc=Ugz7nXbJIQb8j3wXzCR4AaABAg,விஜய் திரிஷா,en,"When Trisha supported Peta and people in TN were fighting for jallikattu even then she was fine, cool and chill."
youtube,comment,Ugz5cW79FwXluzb4XlB4AaABAg,LtFVk5EKhJM,2026-09-05 19:03:06+00:00,2026-09-22T04:35:07Z,e6c99dd2e75c,Unga veetula irukaravangalam enga pornganu theriuma sir atha poi parunga daliy vijay vijay nu kathikitu irukinga.. yellow paper nu change panitunga unga  youtube channel name ah,2,0,0,https://youtube.com/watch?v=LtFVk5EKhJM&lc=Ugz5cW79FwXluzb4XlB4AaABAg,விஜய் திரிஷா,tanglish,Unga veetula irukaravangalam enga pornganu theriuma sir atha poi parunga daliy vijay vijay nu kathikitu irukinga.. yellow paper nu change panitunga unga youtube channel name ah
youtube,comment,UgwNLu2jjR-6fXLzWot4AaABAg,LtFVk5EKhJM,2026-09-05 19:06:17+00:00,2026-09-22T04:35:07Z,9b3db148b54e,If he wants to marry trisha then why he didn't seek divorce from Sangeetha??,28,2,0,https://youtube.com/watch?v=LtFVk5EKhJM&lc=UgwNLu2jjR-6fXLzWot4AaABAg,விஜய் திரிஷா,en,If he wants to marry trisha then why he didn't seek divorce from Sangeetha??
youtube,comment,Ugyrt6koRp87hNzaBE94AaABAg,i1BqRYMFS08,2026-09-05 19:14:50+00:00,2026-09-22T13:54:26Z,f7bea3005134,Once upon a time this song is compulsory in Last school annual day function ❤😂...,0,0,0,https://youtube.com/watch?v=i1BqRYMFS08&lc=Ugyrt6koRp87hNzaBE94AaABAg,Vijay Trisha,en,Once upon a time this song is compulsory in Last school annual day function ❤😂...
youtube,comment,UgwBqbcsyG4h5ECUgmt4AaABAg,LtFVk5EKhJM,2026-09-05 19:43:35+00:00,2026-09-22T04:35:07Z,63926854118a,Why idiots dig create problem s personal life media idiots,1,0,0,https://youtube.com/watch?v=LtFVk5EKhJM&lc=UgwBqbcsyG4h5ECUgmt4AaABAg,விஜய் திரிஷா,en,Why idiots dig create problem s personal life media idiots
youtube,comment,UgyMT7eK0yEXofIzALJ4AaABAg,i1BqRYMFS08,2026-09-05 19:49:36+00:00,2026-09-22T13:54:26Z,cf9c4c8fdac1,Song is sung by KK😊,1,0,0,https://youtube.com/watch?v=i1BqRYMFS08&lc=UgyMT7eK0yEXofIzALJ4AaABAg,Vijay Trisha,en,Song is sung by KK😊
youtube,comment,UgxYTjt5W3Bdp1k_RSd4AaABAg,LtFVk5EKhJM,2026-09-05 20:09:04+00:00,2026-09-22T04:35:07Z,3a9664a9b963,Ama...oru publicity kaaga panranga nenekiro..,2,0,0,https://youtube.com/watch?v=LtFVk5EKhJM&lc=UgxYTjt5W3Bdp1k_RSd4AaABAg,விஜய் திரிஷா,en,Ama...oru publicity kaaga panranga nenekiro..
youtube,comment,Ugwk0Tm7ULUkly-SRCF4AaABAg,LZP01UodlaU,2026-09-05 20:57:37+00:00,2026-09-22T13:54:18Z,7eb737c7965f,How can he get an important position as Cm being  an unfaithful man. He was married and with a family . Shame on both for not  respecting his vows.  Any woman destroying a family has no respect for herself.  I would have never voted for this cheater.,1,0,0,https://youtube.com/watch?v=LZP01UodlaU&lc=Ugwk0Tm7ULUkly-SRCF4AaABAg,Vijay Trisha,en,How can he get an important position as Cm being  an unfaithful man. He was married and with a family . Shame on both for not  respecting his vows.  Any woman destroying a family has no respect for herself.  I would have never voted for this cheater.
youtube,comment,UgxHOQ79qD_V0DeFNXV4AaABAg,LZP01UodlaU,2026-09-05 21:04:00+00:00,2026-09-22T13:54:18Z,7eb737c7965f,Why with all these single people adultery always with marry couples disrespectful themselves.  How did he get this important job being a sinful man it like it ok to cheat and abandoned the wive and children.  I like him in his movies but I hate him as a adulter. Shame,1,0,0,https://youtube.com/watch?v=LZP01UodlaU&lc=UgxHOQ79qD_V0DeFNXV4AaABAg,Vijay Trisha,en,Why with all these single people adultery always with marry couples disrespectful themselves.  How did he get this important job being a sinful man it like it ok to cheat and abandoned the wive and children.  I like him in his movies but I hate him as a adulter. Shame
youtube,comment,Ugwe3fv-nv9sAzF9t3F4AaABAg,LtFVk5EKhJM,2026-09-05 21:05:53+00:00,2026-09-22T04:35:07Z,5e50b2863460,Ahmed seriuosly etho pesitu konja nachi🥲🥲🤮,0,0,0,https://youtube.com/watch?v=LtFVk5EKhJM&lc=Ugwe3fv-nv9sAzF9t3F4AaABAg,விஜய் திரிஷா,en,Ahmed seriuosly etho pesitu konja nachi🥲🥲🤮
youtube,comment,UgwNjJTM1D4Ie51YH6h4AaABAg,LZP01UodlaU,2026-09-05 21:08:37+00:00,2026-09-22T13:54:18Z,7eb737c7965f,This is just disgusting...how he got this position. Why because men put him there and it like ok to be cheater.. men stick together,1,0,0,https://youtube.com/watch?v=LZP01UodlaU&lc=UgwNjJTM1D4Ie51YH6h4AaABAg,Vijay Trisha,en,This is just disgusting...how he got this position. Why because men put him there and it like ok to be cheater.. men stick together
youtube,comment,UgyN4OXu0mM4GOQXV294AaABAg,LtFVk5EKhJM,2026-09-05 22:07:32+00:00,2026-09-22T04:35:07Z,1556c54075d7,"pls bro, leave Trisha and vijay alone...let them do whatever they want ..its der life....l  love vijay...",1,0,0,https://youtube.com/watch?v=LtFVk5EKhJM&lc=UgyN4OXu0mM4GOQXV294AaABAg,விஜய் திரிஷா,en,"pls bro, leave Trisha and vijay alone...let them do whatever they want ..its der life....l  love vijay..."
youtube,comment,UgxDWrSFRzOBiVaR3Gx4AaABAg,LtFVk5EKhJM,2026-09-05 22:51:15+00:00,2026-09-22T04:35:07Z,fd7a04c6d4b4,"Hello, his wife and daughter also in London, you forget that bro?",3,0,0,https://youtube.com/watch?v=LtFVk5EKhJM&lc=UgxDWrSFRzOBiVaR3Gx4AaABAg,விஜய் திரிஷா,en,"Hello, his wife and daughter also in London, you forget that bro?"
youtube,comment,UgyBfhchvd2zW3mmMTV4AaABAg,i1BqRYMFS08,2026-09-06 00:07:58+00:00,2026-09-22T13:54:26Z,de10cb8e06d7,Jab v video dekhta hun lagta hai 2x pr lag gya hai😂,0,0,0,https://youtube.com/watch?v=i1BqRYMFS08&lc=UgyBfhchvd2zW3mmMTV4AaABAg,Vijay Trisha,en,Jab v video dekhta hun lagta hai 2x pr lag gya hai😂
youtube,comment,Ugx0MwIOnynlFB3Zt0N4AaABAg,LtFVk5EKhJM,2026-09-06 00:50:13+00:00,2026-09-22T04:35:07Z,3169a136cfc1,Avanga yaru kooda irundha namaku enna nu nama poganum. Tamilnadu idhuku lam pathi eriya koodathu.,4,0,0,https://youtube.com/watch?v=LtFVk5EKhJM&lc=Ugx0MwIOnynlFB3Zt0N4AaABAg,விஜய் திரிஷா,tanglish,We have to go to who they are and what to us.Tamil Nadu should not burn the Lam column for this.
youtube,comment,UgyTM35sVsNDKtqAaxh4AaABAg,LtFVk5EKhJM,2026-09-06 01:10:56+00:00,2026-09-22T04:35:07Z,2626bc790030,Hope the bi* gets her Karma . If there is a God .,1,0,0,https://youtube.com/watch?v=LtFVk5EKhJM&lc=UgyTM35sVsNDKtqAaxh4AaABAg,விஜய் திரிஷா,en,Hope the bi* gets her Karma . If there is a God .
youtube,comment,UgwjG9zbz2vYZYY3V0d4AaABAg,LtFVk5EKhJM,2026-09-06 01:53:47+00:00,2026-09-22T04:35:07Z,56b9e501b6f0,🤦‍♀️ vera enna solla bro,0,0,0,https://youtube.com/watch?v=LtFVk5EKhJM&lc=UgwjG9zbz2vYZYY3V0d4AaABAg,விஜய் திரிஷா,en,🤦‍♀️ vera enna solla bro
youtube,comment,UgzS-HZtaWGdf-cioPF4AaABAg,i1BqRYMFS08,2026-09-06 02:34:58+00:00,2026-09-22T13:54:26Z,f06bf9ccceb9,এই গানটা আমার দরুন লাগে ❤️❤️,1,0,0,https://youtube.com/watch?v=i1BqRYMFS08&lc=UgzS-HZtaWGdf-cioPF4AaABAg,Vijay Trisha,en,এই গানটা আমার দরুন লাগে ❤️❤️
youtube,comment,UgzZ_3uym7YPf5O3mex4AaABAg,LtFVk5EKhJM,2026-09-06 02:49:23+00:00,2026-09-22T04:35:07Z,2292d4eeacb6,I think people will criticize even if Vijay and Trisha snoring at the same time.,1,0,0,https://youtube.com/watch?v=LtFVk5EKhJM&lc=UgzZ_3uym7YPf5O3mex4AaABAg,விஜய் திரிஷா,en,I think people will criticize even if Vijay and Trisha snoring at the same time.
youtube,comment,UgxEX9XrpRV-yI6sjcV4AaABAg,i1BqRYMFS08,2026-09-06 02:56:13+00:00,2026-09-22T13:54:26Z,cecb640dfe54,Master piece by vijay Thalapathi sir,0,0,0,https://youtube.com/watch?v=i1BqRYMFS08&lc=UgxEX9XrpRV-yI6sjcV4AaABAg,Vijay Trisha,en,Master piece by vijay Thalapathi sir
youtube,comment,UgwYPhEdoE1AK8dbDgN4AaABAg,LtFVk5EKhJM,2026-09-06 03:09:15+00:00,2026-09-22T04:35:07Z,c59969d00774,"Trisha donkey knows very well how to create publicity, obviously the one who took her video is a friend and posted",0,0,0,https://youtube.com/watch?v=LtFVk5EKhJM&lc=UgwYPhEdoE1AK8dbDgN4AaABAg,விஜய் திரிஷா,en,"Trisha donkey knows very well how to create publicity, obviously the one who took her video is a friend and posted"
youtube,comment,UgxRxkfScOFTsDNHXoF4AaABAg,i1BqRYMFS08,2026-09-06 03:23:36+00:00,2026-09-22T13:54:26Z,433c700eb836,ও সিই হয়েছে,0,0,0,https://youtube.com/watch?v=i1BqRYMFS08&lc=UgxRxkfScOFTsDNHXoF4AaABAg,Vijay Trisha,en,ও সিই হয়েছে
youtube,comment,Ugzf3keYsONu1B2Q3MJ4AaABAg,LtFVk5EKhJM,2026-09-06 03:28:03+00:00,2026-09-22T04:35:07Z,81662eff1a95,It's better to avoid talking about Trisha and Vijay. Why gossip so much about them without knowing anything? Such a waste content.,2,2,0,https://youtube.com/watch?v=LtFVk5EKhJM&lc=Ugzf3keYsONu1B2Q3MJ4AaABAg,விஜய் திரிஷா,en,It's better to avoid talking about Trisha and Vijay. Why gossip so much about them without knowing anything? Such a waste content.
youtube,comment,UgwvGGBhqDr_gR3p5mN4AaABAg,i1BqRYMFS08,2026-09-06 03:40:59+00:00,2026-09-22T13:54:26Z,043c219fbef1,From up but i listen this song more than 50 times,1,0,0,https://youtube.com/watch?v=i1BqRYMFS08&lc=UgwvGGBhqDr_gR3p5mN4AaABAg,Vijay Trisha,en,From up but i listen this song more than 50 times
youtube,comment,UgzMxRYZbAL-4WcpNdt4AaABAg,i1BqRYMFS08,2026-09-06 04:05:02+00:00,2026-09-22T13:54:26Z,1ea295f32793,எனக்கு அந்தப் பாடல் பிடிக்கும்.,0,0,0,https://youtube.com/watch?v=i1BqRYMFS08&lc=UgzMxRYZbAL-4WcpNdt4AaABAg,Vijay Trisha,ta,I love that song.
youtube,comment,Ugz2WGK8-_St268A8nh4AaABAg,LtFVk5EKhJM,2026-09-06 04:33:06+00:00,2026-09-22T04:35:07Z,f17a6ef5a2ef,Vijay is setting a wrong path to our generation by normalizing affairs when married. Very wrong,24,2,0,https://youtube.com/watch?v=LtFVk5EKhJM&lc=Ugz2WGK8-_St268A8nh4AaABAg,விஜய் திரிஷா,en,Vijay is setting a wrong path to our generation by normalizing affairs when married. Very wrong
youtube,comment,Ugx99D3xE9d2TmBlgJB4AaABAg,LtFVk5EKhJM,2026-09-06 04:38:46+00:00,2026-09-22T04:35:07Z,50f67e9e6b36,Perhaps she just wants attention and to indicate that she is still relevant in vijay's life,5,0,0,https://youtube.com/watch?v=LtFVk5EKhJM&lc=Ugx99D3xE9d2TmBlgJB4AaABAg,விஜய் திரிஷா,en,Perhaps she just wants attention and to indicate that she is still relevant in vijay's life
youtube,comment,UgyYTrOn3omwbR0KJ9J4AaABAg,LtFVk5EKhJM,2026-09-06 04:38:50+00:00,2026-09-22T04:35:07Z,5eb43b559963,Just don't spread fake without knowing the truth,8,0,0,https://youtube.com/watch?v=LtFVk5EKhJM&lc=UgyYTrOn3omwbR0KJ9J4AaABAg,விஜய் திரிஷா,en,Just don't spread fake without knowing the truth
youtube,comment,UgxOECKu42hYjY3Ms9Z4AaABAg,LtFVk5EKhJM,2026-09-06 05:53:11+00:00,2026-09-22T04:35:07Z,3553d3f3fc6a,I dont like your video....,3,0,0,https://youtube.com/watch?v=LtFVk5EKhJM&lc=UgxOECKu42hYjY3Ms9Z4AaABAg,விஜய் திரிஷா,en,I dont like your video....
youtube,comment,Ugxk9hQE6YGoN2ylKyp4AaABAg,i1BqRYMFS08,2026-09-06 06:05:55+00:00,2026-09-22T13:54:26Z,4a510c9534da,"Understanding 🤡
Vibes 💯 % 🔥🔥",0,0,0,https://youtube.com/watch?v=i1BqRYMFS08&lc=Ugxk9hQE6YGoN2ylKyp4AaABAg,Vijay Trisha,en,"Understanding 🤡
Vibes 💯 % 🔥🔥"
youtube,comment,UgzL9FLo3Lgy-8cMMtZ4AaABAg,i1BqRYMFS08,2026-09-06 06:19:18+00:00,2026-09-22T13:54:26Z,2b057a5ebf23,Undrastand 0% vibe 999% love from jharkhand 😅,1,0,0,https://youtube.com/watch?v=i1BqRYMFS08&lc=UgzL9FLo3Lgy-8cMMtZ4AaABAg,Vijay Trisha,en,Undrastand 0% vibe 999% love from jharkhand 😅
youtube,comment,Ugx-uXNeMYxFs5bySXF4AaABAg,i1BqRYMFS08,2026-09-06 06:19:20+00:00,2026-09-22T13:54:26Z,2b057a5ebf23,Undrastand 0% vibe 999% love from jharkhand 😅,1,0,0,https://youtube.com/watch?v=i1BqRYMFS08&lc=Ugx-uXNeMYxFs5bySXF4AaABAg,Vijay Trisha,en,Undrastand 0% vibe 999% love from jharkhand 😅
youtube,comment,Ugx5-orQsLVg74JB4nt4AaABAg,T7w0Scr1bG8,2026-09-06 06:59:07+00:00,2026-09-22T13:54:33Z,508a7f64f3fe,யார் யாரை பார்த்தா என்னப்பா நாடு நாசமா போனா சரி,0,0,0,https://youtube.com/watch?v=T7w0Scr1bG8&lc=Ugx5-orQsLVg74JB4nt4AaABAg,Vijay Trisha,ta,"No matter who sees whom, the country is ruined"
youtube,comment,UgxKfBn-GsNOCuoRtaJ4AaABAg,LtFVk5EKhJM,2026-09-06 07:18:58+00:00,2026-09-22T04:35:07Z,83d6ff8b9f81,Yes we should stop giving her lime light..She knows we all speak about if the video comes then🫩,33,4,0,https://youtube.com/watch?v=LtFVk5EKhJM&lc=UgxKfBn-GsNOCuoRtaJ4AaABAg,விஜய் திரிஷா,en,Yes we should stop giving her lime light..She knows we all speak about if the video comes then🫩
youtube,comment,Ugzqbkn-xQqddxSvtW14AaABAg,LtFVk5EKhJM,2026-09-06 07:55:55+00:00,2026-09-22T04:35:07Z,07e588a48aba,He is not officially divorced right.,2,0,0,https://youtube.com/watch?v=LtFVk5EKhJM&lc=Ugzqbkn-xQqddxSvtW14AaABAg,விஜய் திரிஷா,en,He is not officially divorced right.
youtube,comment,Ugw788l65Qo7LFAOaOt4AaABAg,LtFVk5EKhJM,2026-09-06 08:24:19+00:00,2026-09-22T04:35:07Z,b20b44c61e22,"I think the vedio was taken with her permission,she's purposefully not seeing towards her left...",3,1,0,https://youtube.com/watch?v=LtFVk5EKhJM&lc=Ugw788l65Qo7LFAOaOt4AaABAg,விஜய் திரிஷா,en,"I think the vedio was taken with her permission,she's purposefully not seeing towards her left..."
youtube,comment,UgwiF7gjVxTBneOhG4x4AaABAg,LtFVk5EKhJM,2026-09-06 08:49:17+00:00,2026-09-22T04:35:07Z,18cbdd94d31d,ஏங்க நீங்க வேற பயமுறுத்துறீங்க. அது எப்படி இப்படி யோசிக்கிறீங்க.,1,0,0,https://youtube.com/watch?v=LtFVk5EKhJM&lc=UgwiF7gjVxTBneOhG4x4AaABAg,விஜய் திரிஷா,ta,Do you want to scare someone else?How can you think like this?
youtube,comment,UgwMPkA-yD6giK0aAbh4AaABAg,i1BqRYMFS08,2026-09-06 09:45:29+00:00,2026-09-22T13:54:26Z,ec5b94e92da9,🥰🥰🥰🥰🥰🥰🥰❤❤❤❤❤❤❤👍👍👌👌,1,0,0,https://youtube.com/watch?v=i1BqRYMFS08&lc=UgwMPkA-yD6giK0aAbh4AaABAg,Vijay Trisha,en,🥰🥰🥰🥰🥰🥰🥰❤❤❤❤❤❤❤👍👍👌👌
youtube,comment,UgzsRR7q24mAtL2PL-14AaABAg,LtFVk5EKhJM,2026-09-06 09:48:41+00:00,2026-09-22T04:35:07Z,67890dfb98a5,Plzz anna nega pasarathu yallama ok but etha video nalla ella yathavathu thapa nadatha naba pasallama onuma nadakalla yathuku etha video 🤦‍♀️🤦‍♀️🤦‍♀️,2,0,0,https://youtube.com/watch?v=LtFVk5EKhJM&lc=UgzsRR7q24mAtL2PL-14AaABAg,விஜய் திரிஷா,tanglish,Plzz anna nega pasarathu yallama ok but etha video nalla ella yathavathu thapa nadatha naba pasallama onuma nadakalla yathuku etha video 🤦‍♀️🤦‍♀️🤦‍♀️
youtube,comment,Ugw8HCZeAEnvTD6RHaF4AaABAg,i1BqRYMFS08,2026-09-06 10:00:35+00:00,2026-09-22T13:54:26Z,469579a41366,My from Kolkata 🫡 all rounder real hero CM 🫡,1,0,0,https://youtube.com/watch?v=i1BqRYMFS08&lc=Ugw8HCZeAEnvTD6RHaF4AaABAg,Vijay Trisha,en,My from Kolkata 🫡 all rounder real hero CM 🫡
youtube,comment,UgyWH1aD78K-b4DR9oF4AaABAg,LtFVk5EKhJM,2026-09-06 10:36:43+00:00,2026-09-22T04:35:07Z,b1f979871a74,Why London..? where Mrs. Sangeetha Vijay is already settled & living there....trisha's only ambition is to break sangeetha's home & seperate vijay from his wife...why London of all places.?..there are so many eligible bachelors available...she can look around & get settled..m,5,1,0,https://youtube.com/watch?v=LtFVk5EKhJM&lc=UgyWH1aD78K-b4DR9oF4AaABAg,விஜய் திரிஷா,en,Why London..? where Mrs. Sangeetha Vijay is already settled & living there....trisha's only ambition is to break sangeetha's home & seperate vijay from his wife...why London of all places.?..there are so many eligible bachelors available...she can look around & get settled..m
youtube,comment,UgxGJ2G4cgfiO-5NRfJ4AaABAg,LtFVk5EKhJM,2026-09-06 11:04:26+00:00,2026-09-22T04:35:07Z,64aa062a440d,Bro evlo pesura nenga sangeethaum angathan erukanga. Y are discussing about this waste of time. Leav it,1,0,0,https://youtube.com/watch?v=LtFVk5EKhJM&lc=UgxGJ2G4cgfiO-5NRfJ4AaABAg,விஜய் திரிஷா,en,Bro evlo pesura nenga sangeethaum angathan erukanga. Y are discussing about this waste of time. Leav it
youtube,comment,UgxX14h6ghql7oJouyp4AaABAg,LtFVk5EKhJM,2026-09-06 12:25:19+00:00,2026-09-22T04:35:07Z,fb87f003f6da,திரிஷா வா திருமணம் செய்தால் விஜய் அரசியல் முடிவுக்கு வரும்.,0,1,0,https://youtube.com/watch?v=LtFVk5EKhJM&lc=UgxX14h6ghql7oJouyp4AaABAg,விஜய் திரிஷா,ta,Vijay's politics will end if Trisha gets married.
youtube,comment,Ugzro_e_2H_b7cITbMN4AaABAg,LtFVk5EKhJM,2026-09-06 12:34:18+00:00,2026-09-22T04:35:07Z,11fd466b56b0,"தாய் கிழவி திரிஷா
விதவைத்தாய் அவங்க அம்மா 
அடிக்கிற லூட்டிய தாங்க முடியல.
இந்தப் பன்னாடைகள் பத்தி நியூஸ் போடுறியே உனக்கு அறிவு இருக்கா",0,0,0,https://youtube.com/watch?v=LtFVk5EKhJM&lc=Ugzro_e_2H_b7cITbMN4AaABAg,விஜய் திரிஷா,ta,"Mother old Trisha
His mother is a widow
I can't stand the pounding.
Do you have any knowledge by posting news about these costumes?"
youtube,comment,UgyQXcYeNqXx8jAlWJR4AaABAg,LtFVk5EKhJM,2026-09-06 12:41:02+00:00,2026-09-22T04:35:07Z,1879de1dfaa7,No shame to trisha,0,0,0,https://youtube.com/watch?v=LtFVk5EKhJM&lc=UgyQXcYeNqXx8jAlWJR4AaABAg,விஜய் திரிஷா,en,No shame to trisha
youtube,comment,UgxSXHtUhOnRIBXBdoN4AaABAg,LtFVk5EKhJM,2026-09-06 12:41:50+00:00,2026-09-22T04:35:07Z,1879de1dfaa7,Trisha is evil minded,0,0,0,https://youtube.com/watch?v=LtFVk5EKhJM&lc=UgxSXHtUhOnRIBXBdoN4AaABAg,விஜய் திரிஷா,en,Trisha is evil minded
youtube,comment,Ugz4G1bxw3wpMVJtzql4AaABAg,i1BqRYMFS08,2026-09-06 13:01:08+00:00,2026-09-22T13:54:26Z,399da1802efe,"Understanding - 0%
Vibe - 100%",2,0,0,https://youtube.com/watch?v=i1BqRYMFS08&lc=Ugz4G1bxw3wpMVJtzql4AaABAg,Vijay Trisha,en,"Understanding - 0%
Vibe - 100%"
youtube,comment,UgxuvZTQSzaCzwwnwhp4AaABAg,LtFVk5EKhJM,2026-09-06 13:21:37+00:00,2026-09-22T04:35:07Z,41cab9fdac41,Kepochii Meeran Valga !!!,0,0,0,https://youtube.com/watch?v=LtFVk5EKhJM&lc=UgxuvZTQSzaCzwwnwhp4AaABAg,விஜய் திரிஷா,en,Kepochii Meeran Valga !!!
youtube,comment,UgxiLqcjDVQLoArSvk94AaABAg,LtFVk5EKhJM,2026-09-06 13:36:02+00:00,2026-09-22T04:35:07Z,de2fbbf9560e,Who cares!vijay is a dash!Trisha is a dash.Both these morons can go to hell😂,0,0,0,https://youtube.com/watch?v=LtFVk5EKhJM&lc=UgxiLqcjDVQLoArSvk94AaABAg,விஜய் திரிஷா,en,Who cares!vijay is a dash!Trisha is a dash.Both these morons can go to hell😂
youtube,comment,Ugy__XpnqaXKuteQ2EZ4AaABAg,LtFVk5EKhJM,2026-09-06 13:40:34+00:00,2026-09-22T04:35:07Z,2bd4ee6a8944,I had some hope that the family will get back together  but gave up,0,0,0,https://youtube.com/watch?v=LtFVk5EKhJM&lc=Ugy__XpnqaXKuteQ2EZ4AaABAg,விஜய் திரிஷா,en,I had some hope that the family will get back together  but gave up
youtube,comment,Ugx4J-rfycdHud7-Ee54AaABAg,LtFVk5EKhJM,2026-09-06 13:46:43+00:00,2026-09-22T04:35:07Z,56acb27d9b72,"tamil nadu people should understand.  Vijay is a clear red flag, not divorcing his wife because he simply doesn't want to pay her or share his wealth acquired during the marriage.  he is not supporting his own children in any sort of ways, not even promoting or helping sanjay's first movie.  Are tamil nadu people still fools ??    it is clear he is not a capable administrator.  with his power and influence, how much he could have done so far.  just telling people his huge fan following not to throw waste on street, make chennai clean, never to go into drugs etc. to children when he knows to manipulate children for votes, why has he not made any positive changes to tamil nadu yet organically??  if other things would take time, why is he not opening his mouth for such positive influences at least ??  if he truly cares about tamil nadu why are we not seeing it in any action?   why is he not saying, don't to aanavakolai if he is against casteism?  why is he not saying people to take care of their health?  sowmya anbumani without much power like him, has made more positive impact than him. 

all he cares is to badmouth DMK.  No progressive developmental policies, only selfishness and trisha.  if tamil nadu people have not figured out vijay is a narcissist and a cult leader yet, they are really fools.",4,0,0,https://youtube.com/watch?v=LtFVk5EKhJM&lc=Ugx4J-rfycdHud7-Ee54AaABAg,விஜய் திரிஷா,en,"tamil nadu people should understand.  Vijay is a clear red flag, not divorcing his wife because he simply doesn't want to pay her or share his wealth acquired during the marriage.  he is not supporting his own children in any sort of ways, not even promoting or helping sanjay's first movie.  Are tamil nadu people still fools ??    it is clear he is not a capable administrator.  with his power and influence, how much he could have done so far.  just telling people his huge fan following not to throw waste on street, make chennai clean, never to go into drugs etc. to children when he knows to manipulate children for votes, why has he not made any positive changes to tamil nadu yet organically??  if other things would take time, why is he not opening his mouth for such positive influences at least ??  if he truly cares about tamil nadu why are we not seeing it in any action?   why is he not saying, don't to aanavakolai if he is against casteism?  why is he not saying people to take care of their health?  sowmya anbumani without much power like him, has made more positive impact than him. 

all he cares is to badmouth DMK.  No progressive developmental policies, only selfishness and trisha.  if tamil nadu people have not figured out vijay is a narcissist and a cult leader yet, they are really fools."
youtube,comment,UgzEtnvrQSg_Hkm_e954AaABAg,LtFVk5EKhJM,2026-09-06 13:59:10+00:00,2026-09-22T04:35:07Z,75072289fa30,"Drama queen Trisha is trying to trigger Sangeetha in London. Vijay & Trisha are going to have a live-in relationship in London, where Sangeetha lives, and that will definitely disturb Sangeetha's peace; she will have no choice but to divorce Vijay. What an idea!",3,0,0,https://youtube.com/watch?v=LtFVk5EKhJM&lc=UgzEtnvrQSg_Hkm_e954AaABAg,விஜய் திரிஷா,en,"Drama queen Trisha is trying to trigger Sangeetha in London. Vijay & Trisha are going to have a live-in relationship in London, where Sangeetha lives, and that will definitely disturb Sangeetha's peace; she will have no choice but to divorce Vijay. What an idea!"
youtube,comment,UgyIRbAoG7BnnFL8Kfh4AaABAg,LtFVk5EKhJM,2026-09-06 14:11:06+00:00,2026-09-22T04:35:07Z,b3fda8ba9009,Yaarum yethum. Nenaikala.. Nee dha yen cm sir pathinpesura.. Cm sir ku respect kodu first.. Pekku maari vijay nu soldra mariyatha ketrum. Paathuko.. Kena p😊,0,0,0,https://youtube.com/watch?v=LtFVk5EKhJM&lc=UgyIRbAoG7BnnFL8Kfh4AaABAg,விஜய் திரிஷா,tanglish,Yaarum wethum.Nenaikala.. Nee dha yen cm sir pathinpesura.. Cm sir ku respect kodu first.. Pekku maari vijay nu soldra mariyatha ketrum.Paathuko.. Kena p😊
youtube,comment,UgxDqBQ4HqlPkLENJ5V4AaABAg,LtFVk5EKhJM,2026-09-06 14:20:36+00:00,2026-09-22T04:35:07Z,56acb27d9b72,"how does it matter where she goes.  Vijay made it 100% clear to everyone trisha is the most important person in his life.  he has made it clear he will not give divorce or even apply because he doesn't want to pay sangeetha.  he has made it clear he is not going to support his son sanjay on his very first movie release even.  he has made it clear he has not invited his own chiildren for the inauguration function of CM.  if people remain stupid, what can be done.  he has in fact made it clear he is extremely selfish and a hardcore narcissist.  if people have no knowledge of narcissism what can be done??  only we need to work at acquiring knowledge to spot them.",26,1,0,https://youtube.com/watch?v=LtFVk5EKhJM&lc=UgxDqBQ4HqlPkLENJ5V4AaABAg,விஜய் திரிஷா,en,"how does it matter where she goes.  Vijay made it 100% clear to everyone trisha is the most important person in his life.  he has made it clear he will not give divorce or even apply because he doesn't want to pay sangeetha.  he has made it clear he is not going to support his son sanjay on his very first movie release even.  he has made it clear he has not invited his own chiildren for the inauguration function of CM.  if people remain stupid, what can be done.  he has in fact made it clear he is extremely selfish and a hardcore narcissist.  if people have no knowledge of narcissism what can be done??  only we need to work at acquiring knowledge to spot them."
youtube,comment,UgzxWve20pM-NG3TLUp4AaABAg,i1BqRYMFS08,2026-09-06 14:56:19+00:00,2026-09-22T13:54:26Z,1a32b4e32a4e,after cm results,1,0,0,https://youtube.com/watch?v=i1BqRYMFS08&lc=UgzxWve20pM-NG3TLUp4AaABAg,Vijay Trisha,en,after cm results
youtube,comment,Ugz-955tvJXjeZl4cZd4AaABAg,LtFVk5EKhJM,2026-09-06 15:03:54+00:00,2026-09-22T04:35:07Z,fd5a0e5c8eba,"So , what got do with you people? 
Hey why you orukarans n orukaris got no better jobs to do is it? 
Why always follows CJV n Trisha's  backside ? 
Whether they got affairs or not their  own families have to worry ok! 
You  ramans n kandagis all , first  watch  your own  spouses  not flirting  with your next door neighbour!",0,0,0,https://youtube.com/watch?v=LtFVk5EKhJM&lc=Ugz-955tvJXjeZl4cZd4AaABAg,விஜய் திரிஷா,en,"So , what got do with you people? 
Hey why you orukarans n orukaris got no better jobs to do is it? 
Why always follows CJV n Trisha's  backside ? 
Whether they got affairs or not their  own families have to worry ok! 
You  ramans n kandagis all , first  watch  your own  spouses  not flirting  with your next door neighbour!"
youtube,comment,UgzbNtVV0h_JZvPgvB54AaABAg,LtFVk5EKhJM,2026-09-06 15:07:02+00:00,2026-09-22T04:35:07Z,528f1054f74d,Who are you intha mathri  pesara how much money you get,0,0,0,https://youtube.com/watch?v=LtFVk5EKhJM&lc=UgzbNtVV0h_JZvPgvB54AaABAg,விஜய் திரிஷா,en,Who are you intha mathri  pesara how much money you get
youtube,comment,UgzPUiA6fhZXRJuJCaV4AaABAg,i1BqRYMFS08,2026-09-06 15:16:43+00:00,2026-09-22T13:54:26Z,66c87703ca7c,Bhai yaar songs badi mast hai but mujhe kuch smahj nhi aa rha hai q ki mai jharkhand se huu 🤭,1,0,0,https://youtube.com/watch?v=i1BqRYMFS08&lc=UgzPUiA6fhZXRJuJCaV4AaABAg,Vijay Trisha,en,Bhai yaar songs badi mast hai but mujhe kuch smahj nhi aa rha hai q ki mai jharkhand se huu 🤭
youtube,comment,UgzUI4rVc3TdDDf6P3t4AaABAg,LtFVk5EKhJM,2026-09-06 15:25:14+00:00,2026-09-22T04:35:07Z,cce178f5e801,",,.she is mad 
Tirisha is not good lady",0,0,0,https://youtube.com/watch?v=LtFVk5EKhJM&lc=UgzUI4rVc3TdDDf6P3t4AaABAg,விஜய் திரிஷா,en,",,.she is mad 
Tirisha is not good lady"
youtube,comment,UgwCawQhx_S-tuR1rfR4AaABAg,LtFVk5EKhJM,2026-09-06 16:00:33+00:00,2026-09-22T04:35:07Z,7d11b2c29094,I have got a question...Why are you so interested in his personal life... you choose him as a CM. Does that mean you can decide how he has to live his personal life...,0,0,0,https://youtube.com/watch?v=LtFVk5EKhJM&lc=UgwCawQhx_S-tuR1rfR4AaABAg,விஜய் திரிஷா,en,I have got a question...Why are you so interested in his personal life... you choose him as a CM. Does that mean you can decide how he has to live his personal life...
youtube,comment,Ugweru8H2LJ5ZwMzOl94AaABAg,LtFVk5EKhJM,2026-09-06 16:41:12+00:00,2026-09-22T04:35:07Z,d6df1189a14a,"Bro, why didn’t you upload a video today?",0,0,0,https://youtube.com/watch?v=LtFVk5EKhJM&lc=Ugweru8H2LJ5ZwMzOl94AaABAg,விஜய் திரிஷா,en,"Bro, why didn’t you upload a video today?"
youtube,comment,UgzmRO98fP2t1jZse4V4AaABAg,i1BqRYMFS08,2026-09-06 16:41:23+00:00,2026-09-22T13:54:26Z,815a07faef2c,2.47 heart break 💔⛓️‍💥,1,0,0,https://youtube.com/watch?v=i1BqRYMFS08&lc=UgzmRO98fP2t1jZse4V4AaABAg,Vijay Trisha,en,2.47 heart break 💔⛓️‍💥
youtube,comment,UgyZ4BKKZC0hnxEW8tt4AaABAg,LtFVk5EKhJM,2026-09-06 16:41:26+00:00,2026-09-22T04:35:07Z,d6df1189a14a,How can I listen to sleep,0,0,0,https://youtube.com/watch?v=LtFVk5EKhJM&lc=UgyZ4BKKZC0hnxEW8tt4AaABAg,விஜய் திரிஷா,en,How can I listen to sleep
youtube,comment,UgxaKBh9vFyWYJazUC54AaABAg,i1BqRYMFS08,2026-09-06 17:15:21+00:00,2026-09-22T13:54:26Z,0e1e85637a58,Gatta kushti 2 sa Kaun kaun iaya has gaane ko sunne 2026 may,0,0,0,https://youtube.com/watch?v=i1BqRYMFS08&lc=UgxaKBh9vFyWYJazUC54AaABAg,Vijay Trisha,en,Gatta kushti 2 sa Kaun kaun iaya has gaane ko sunne 2026 may
youtube,comment,Ugw8M6IXAjBuKAblG_t4AaABAg,LtFVk5EKhJM,2026-09-06 17:29:10+00:00,2026-09-22T04:35:07Z,86ef12d239d0,Neee vaya mudu,0,0,0,https://youtube.com/watch?v=LtFVk5EKhJM&lc=Ugw8M6IXAjBuKAblG_t4AaABAg,விஜய் திரிஷா,en,Neee vaya mudu
youtube,comment,Ugxu0neecMgVbsQOWqh4AaABAg,ElcWEeqqUE0,2026-09-06 18:00:40+00:00,2026-09-22T04:20:22Z,4691e5a467cd,No one beat her in acting,1,0,0,https://youtube.com/watch?v=ElcWEeqqUE0&lc=Ugxu0neecMgVbsQOWqh4AaABAg,Kangana Trisha,en,No one beat her in acting
youtube,comment,Ugy3kHGogAw8oWdd_u94AaABAg,LtFVk5EKhJM,2026-09-06 20:26:10+00:00,2026-09-22T04:35:07Z,4e2d1d610417,"On (23 Dec 2026)
Thalapathy Vijay Will Convert To Islam ☪️",3,0,0,https://youtube.com/watch?v=LtFVk5EKhJM&lc=Ugy3kHGogAw8oWdd_u94AaABAg,விஜய் திரிஷா,en,"On (23 Dec 2026)
Thalapathy Vijay Will Convert To Islam ☪️"
youtube,comment,UgyDVsJuh9VZeOWWk1t4AaABAg,i1BqRYMFS08,2026-09-07 02:55:24+00:00,2026-09-22T13:54:26Z,47a758c98046,1:30 that's 🗣️ oooooo 🫠,1,0,0,https://youtube.com/watch?v=i1BqRYMFS08&lc=UgyDVsJuh9VZeOWWk1t4AaABAg,Vijay Trisha,en,1:30 that's 🗣️ oooooo 🫠
youtube,comment,UgwTQ9g1t_SRu0u_d_R4AaABAg,LtFVk5EKhJM,2026-09-07 03:02:09+00:00,2026-09-22T04:35:07Z,11801d1fda07,அதிகமாக ஆட்டம் போடுபவர்களை பற்றி கவலை வேண்டாம். கடவுள் கொஞ்ச காலம் தான் யாராயிருந்தாலும் ஆட விடுவார்.,3,0,0,https://youtube.com/watch?v=LtFVk5EKhJM&lc=UgwTQ9g1t_SRu0u_d_R4AaABAg,விஜய் திரிஷா,ta,Don't worry about those who play too much.God will let anyone play for a while.
youtube,comment,UgzJ_UxndjO0tFKie7B4AaABAg,i1BqRYMFS08,2026-09-07 03:03:47+00:00,2026-09-22T13:54:26Z,47a758c98046,The male Singer is K K 😮🔥 miss you Legend 😢,2,0,0,https://youtube.com/watch?v=i1BqRYMFS08&lc=UgzJ_UxndjO0tFKie7B4AaABAg,Vijay Trisha,en,The male Singer is K K 😮🔥 miss you Legend 😢
youtube,comment,Ugy9ksllPBT-jXMNnzx4AaABAg,i1BqRYMFS08,2026-09-07 03:07:08+00:00,2026-09-22T13:54:26Z,47a758c98046,"Language understand 0% 
Vibes 9999999+ 
Love from Bangladesh 🇧🇩❤",1,0,0,https://youtube.com/watch?v=i1BqRYMFS08&lc=Ugy9ksllPBT-jXMNnzx4AaABAg,Vijay Trisha,en,"Language understand 0% 
Vibes 9999999+ 
Love from Bangladesh 🇧🇩❤"
youtube,comment,UgyxznJndW6SVj5ZJJt4AaABAg,i1BqRYMFS08,2026-09-07 03:11:17+00:00,2026-09-22T13:54:26Z,3d302f007fa6,हर इंसान को अपनी।मातृभाषा से प्यार होता है लेकिन मैने कई लेंग्वेज मैं सॉन्ग सुने जो भाव हिंदुस्तानी लेंग्वेज से आता है वो किसी मैं महसूस नहीं हुआ.....ये मेरे अपने विचार है।,0,0,0,https://youtube.com/watch?v=i1BqRYMFS08&lc=UgyxznJndW6SVj5ZJJt4AaABAg,Vijay Trisha,en,हर इंसान को अपनी।मातृभाषा से प्यार होता है लेकिन मैने कई लेंग्वेज मैं सॉन्ग सुने जो भाव हिंदुस्तानी लेंग्वेज से आता है वो किसी मैं महसूस नहीं हुआ.....ये मेरे अपने विचार है।
youtube,comment,UgxVYWHjD3BWg4cx5HZ4AaABAg,i1BqRYMFS08,2026-09-07 04:58:41+00:00,2026-09-22T13:54:26Z,a59352c1a345,Kya Vibes hey 😎😎akdom mast 🤗😎🤗🫰💫,1,0,0,https://youtube.com/watch?v=i1BqRYMFS08&lc=UgxVYWHjD3BWg4cx5HZ4AaABAg,Vijay Trisha,en,Kya Vibes hey 😎😎akdom mast 🤗😎🤗🫰💫
youtube,comment,UgwPWKLls7EhNPNv3qR4AaABAg,i1BqRYMFS08,2026-09-07 05:28:33+00:00,2026-09-22T13:54:26Z,23dd92517bf1,"From UP
Understand 0% Vibes 100%",1,0,0,https://youtube.com/watch?v=i1BqRYMFS08&lc=UgwPWKLls7EhNPNv3qR4AaABAg,Vijay Trisha,en,"From UP
Understand 0% Vibes 100%"
youtube,comment,Ugylz317fYiw34sIguZ4AaABAg,LtFVk5EKhJM,2026-09-07 05:30:57+00:00,2026-09-22T04:35:07Z,ac7e56ef2a07,Wow!!!! You are so obsessed about Trisha. Why you are spreading wrong rumours by often saying people are gossiping? It’s only you are gossiping. Are you part of any other party?,0,0,0,https://youtube.com/watch?v=LtFVk5EKhJM&lc=Ugylz317fYiw34sIguZ4AaABAg,விஜய் திரிஷா,en,Wow!!!! You are so obsessed about Trisha. Why you are spreading wrong rumours by often saying people are gossiping? It’s only you are gossiping. Are you part of any other party?
youtube,comment,UgzZVptNTY7ylttYGaV4AaABAg,LtFVk5EKhJM,2026-09-07 05:33:38+00:00,2026-09-22T04:35:07Z,ac7e56ef2a07,Why don’t you go to London to figure out what’s happening? Get the fund from your source and travel.,0,0,0,https://youtube.com/watch?v=LtFVk5EKhJM&lc=UgzZVptNTY7ylttYGaV4AaABAg,விஜய் திரிஷா,en,Why don’t you go to London to figure out what’s happening? Get the fund from your source and travel.
youtube,comment,UgzZbbizf9ffd3AJ52d4AaABAg,LtFVk5EKhJM,2026-09-07 05:43:37+00:00,2026-09-22T04:35:07Z,8b604fd0b532,Ayooooo let them enjoy. All three.,0,0,0,https://youtube.com/watch?v=LtFVk5EKhJM&lc=UgzZbbizf9ffd3AJ52d4AaABAg,விஜய் திரிஷா,en,Ayooooo let them enjoy. All three.
youtube,comment,Ugz1RSv-Dd3qwKk89mt4AaABAg,LtFVk5EKhJM,2026-09-07 06:12:20+00:00,2026-09-22T04:35:07Z,4295e62bc9e8,Good bye Trisha. Don't come to India. People of TM. Very happy,0,0,0,https://youtube.com/watch?v=LtFVk5EKhJM&lc=Ugz1RSv-Dd3qwKk89mt4AaABAg,விஜய் திரிஷா,en,Good bye Trisha. Don't come to India. People of TM. Very happy
youtube,comment,UgxRUKNWfrnwABu1_NJ4AaABAg,LtFVk5EKhJM,2026-09-07 07:29:28+00:00,2026-09-22T04:35:07Z,7b03c9291358,Ahmed bro நீங்க மட்டும் இல்ல வேறெந்த youtube channels um இவங்கள பத்தி பேசாதீங்க சங்கீதா பிரிஞ்சு நல்ல life வாழறாங்க இவங்க என்ன வேணும்னாலும் பண்ணிக்கட்டும் இவங்களை பத்தி பேசி பேசி இவங்களை நாம தான் பெரிய ஆளு ஆக்குறோம் விலைவாசி பத்தி பேசுங்க current bill பத்தி பேசுங்க மற்ற அரசியல் சார்ந்த விஷயங்கள் கூட பேசுங்க இவங்க ரெண்டு பேர பத்தியும் தயவுசெய்து 🙏🏻🙏🏻🙏🏻🙏🏻🙏🏻🙏🏻🙏🏻🙏🏻🙏🏻🙏🏻🙏🏻🙏🏻🙏🏻🙏🏻🙏🏻🙏🏻🙏🏻 பேச வேண்டாம்.,0,0,0,https://youtube.com/watch?v=LtFVk5EKhJM&lc=UgxRUKNWfrnwABu1_NJ4AaABAg,விஜய் திரிஷா,mixed,"Ahmed bro it's not just you, any other youtube channels um don't talk about them Sangeeta Brinju live a good life let them do whatever they want talk about them we will make them big people talk about prices talk about current bill talk about other political matters too please don't talk about these two 🙏🏻🙏🏻🙏🏻🙏🏻🙏🏻🙏🏻🙏🏻🙏🏻🙏🏻🙏🏻🙏🏻🙏🏻🙏🏻🙏🏻🙏🏻🙏🏻"
youtube,comment,Ugzti2Ssgu4biVX-8ON4AaABAg,LtFVk5EKhJM,2026-09-07 07:44:50+00:00,2026-09-22T04:35:07Z,ccd67077ea53,Bro even for clickbait dont use these thumbnails this will still be favorable for her,0,0,0,https://youtube.com/watch?v=LtFVk5EKhJM&lc=Ugzti2Ssgu4biVX-8ON4AaABAg,விஜய் திரிஷா,en,Bro even for clickbait dont use these thumbnails this will still be favorable for her
youtube,comment,UgyFQ-jcoRV2Tl9DM554AaABAg,LtFVk5EKhJM,2026-09-07 08:44:21+00:00,2026-09-22T04:35:07Z,ebef00b3a776,Foolish Ahmed Dont waste ur time...,0,0,0,https://youtube.com/watch?v=LtFVk5EKhJM&lc=UgyFQ-jcoRV2Tl9DM554AaABAg,விஜய் திரிஷா,en,Foolish Ahmed Dont waste ur time...
youtube,comment,UgxnI2bh_2Fcu292O194AaABAg,i1BqRYMFS08,2026-09-07 10:58:41+00:00,2026-09-22T13:54:26Z,392f075b4479,Vijay thalapati ko first citizen of india banaya jay,1,0,0,https://youtube.com/watch?v=i1BqRYMFS08&lc=UgxnI2bh_2Fcu292O194AaABAg,Vijay Trisha,en,Vijay thalapati ko first citizen of india banaya jay
youtube,comment,UgxRdNu-Ozofggme8sx4AaABAg,AA_I1tH4Emk,2026-09-07 12:11:32+00:00,2026-09-22T13:54:39Z,3e3537fb5154,"Someone please translate, I'm not native",0,0,0,https://youtube.com/watch?v=AA_I1tH4Emk&lc=UgxRdNu-Ozofggme8sx4AaABAg,Udhayanidhi Trisha,en,"Someone please translate, I'm not native"
youtube,comment,UgybEJg0cPPBTAJ6uSR4AaABAg,i1BqRYMFS08,2026-09-07 12:13:35+00:00,2026-09-22T13:54:26Z,a216872241bb,who in 07.09.2026,2,0,0,https://youtube.com/watch?v=i1BqRYMFS08&lc=UgybEJg0cPPBTAJ6uSR4AaABAg,Vijay Trisha,en,who in 07.09.2026
youtube,comment,UgwJdpKp5YKqwXDWw0F4AaABAg,LtFVk5EKhJM,2026-09-07 12:17:09+00:00,2026-09-22T04:35:07Z,8ee0a7c31e42,"I follow u for a while .. what’s this title ?? N
Without confirming anything .. don’t do",1,0,0,https://youtube.com/watch?v=LtFVk5EKhJM&lc=UgwJdpKp5YKqwXDWw0F4AaABAg,விஜய் திரிஷா,en,"I follow u for a while .. what’s this title ?? N
Without confirming anything .. don’t do"
youtube,comment,UgzYour1AfLluSvZYad4AaABAg,i1BqRYMFS08,2026-09-07 12:26:38+00:00,2026-09-22T13:54:26Z,41bde66792ad,Anyone from Instagram 😂❤,1,0,0,https://youtube.com/watch?v=i1BqRYMFS08&lc=UgzYour1AfLluSvZYad4AaABAg,Vijay Trisha,en,Anyone from Instagram 😂❤
youtube,comment,UgypfgYBaB7AuFj8f1d4AaABAg,i1BqRYMFS08,2026-09-07 14:00:57+00:00,2026-09-22T13:54:26Z,df39281a06ea,Language samjh me nhi aata h fir gana mas mt lgta h 😂,1,0,0,https://youtube.com/watch?v=i1BqRYMFS08&lc=UgypfgYBaB7AuFj8f1d4AaABAg,Vijay Trisha,en,Language samjh me nhi aata h fir gana mas mt lgta h 😂
youtube,comment,UgzLpq1U7NGrKetB5yl4AaABAg,i1BqRYMFS08,2026-09-07 14:22:16+00:00,2026-09-22T13:54:26Z,533c1a62b8f3,Jab ek chaiwala CM Ban jaega to Desh bech dega dangerous 3,1,0,0,https://youtube.com/watch?v=i1BqRYMFS08&lc=UgzLpq1U7NGrKetB5yl4AaABAg,Vijay Trisha,en,Jab ek chaiwala CM Ban jaega to Desh bech dega dangerous 3
youtube,comment,UgykrjxvNkC4H4wCx1V4AaABAg,i1BqRYMFS08,2026-09-07 14:52:42+00:00,2026-09-22T13:54:26Z,aa59be04300b,Mujhe bahut pasand aaya ye song ❤❤❤,1,0,0,https://youtube.com/watch?v=i1BqRYMFS08&lc=UgykrjxvNkC4H4wCx1V4AaABAg,Vijay Trisha,en,Mujhe bahut pasand aaya ye song ❤❤❤
youtube,comment,Ugw4VUjlpCvo949gVlt4AaABAg,LtFVk5EKhJM,2026-09-07 15:43:46+00:00,2026-09-22T04:35:07Z,29d47c413d03,Eppadiyo Vijay sir Arasiyala.. Thirisha muduchuruva😂,0,0,0,https://youtube.com/watch?v=LtFVk5EKhJM&lc=Ugw4VUjlpCvo949gVlt4AaABAg,விஜய் திரிஷா,en,Eppadiyo Vijay sir Arasiyala.. Thirisha muduchuruva😂
youtube,comment,UgxD56VXLjifSd9accN4AaABAg,LtFVk5EKhJM,2026-09-07 16:49:13+00:00,2026-09-22T04:35:07Z,031fdc0561ab,Bro his family is also in London . Don't spread negativity n rumors.,0,0,0,https://youtube.com/watch?v=LtFVk5EKhJM&lc=UgxD56VXLjifSd9accN4AaABAg,விஜய் திரிஷா,en,Bro his family is also in London . Don't spread negativity n rumors.
youtube,comment,UgyqvwZ3Ay4eotB8_ep4AaABAg,i1BqRYMFS08,2026-09-07 20:04:16+00:00,2026-09-22T13:54:26Z,1adb8c1c3cff,08/09/2026❤ 1.34 from Kolkata,1,0,0,https://youtube.com/watch?v=i1BqRYMFS08&lc=UgyqvwZ3Ay4eotB8_ep4AaABAg,Vijay Trisha,en,08/09/2026❤ 1.34 from Kolkata
youtube,comment,UgwR4owLpasi1XjlyLp4AaABAg,i1BqRYMFS08,2026-09-07 22:47:22+00:00,2026-09-22T13:54:26Z,ef40fe9af39c,i am here for kk,2,0,0,https://youtube.com/watch?v=i1BqRYMFS08&lc=UgwR4owLpasi1XjlyLp4AaABAg,Vijay Trisha,en,i am here for kk
youtube,comment,Ugwxx48j34rLZlCatLp4AaABAg,i1BqRYMFS08,2026-09-08 00:05:28+00:00,2026-09-22T13:54:26Z,5bb8b6ac67a7,Bhai gana samjh nhi but music lajawab ❤,2,0,0,https://youtube.com/watch?v=i1BqRYMFS08&lc=Ugwxx48j34rLZlCatLp4AaABAg,Vijay Trisha,en,Bhai gana samjh nhi but music lajawab ❤
youtube,comment,UgyjoQHCNtPbirpSkfl4AaABAg,LtFVk5EKhJM,2026-09-08 01:15:13+00:00,2026-09-22T04:35:07Z,cae7d51f3dba,Please stop giving her attention,0,0,0,https://youtube.com/watch?v=LtFVk5EKhJM&lc=UgyjoQHCNtPbirpSkfl4AaABAg,விஜய் திரிஷா,en,Please stop giving her attention
youtube,comment,UgykKwi0Bte49lkU3Td4AaABAg,i1BqRYMFS08,2026-09-08 04:05:32+00:00,2026-09-22T13:54:26Z,03e1f3d32507,Vxhddhdbdhfnhfbbfn ndhdh dhbfhfbbdhrbb dhuemvkxhndnxhdndbincjfndjndjdndnkxjndhbdkxkxkxxbxudnjdbjdjhdnjdhdhvbdjxhbdjjdbxnxjxnjxhdnundhdhdkhdkundjdhhdudjjdjhdjdhxjjxhdjhdhdhhudhdhdudhhdhhduxuuxhxxjdududjdhdhhbdjhduybdbhhhhhdhbxhthsggutshtgsyyst udhdyysgtsgghzyggxyxhxghxgxxhd,0,0,0,https://youtube.com/watch?v=i1BqRYMFS08&lc=UgykKwi0Bte49lkU3Td4AaABAg,Vijay Trisha,en,Vxhddhdbdhfnhfbbfn ndhdh dhbfhfbbdhrbb dhuemvkxhndnxhdndbincjfndjndjdndnkxjndhbdkxkxkxxbxudnjdbjdjhdnjdhdhvbdjxhbdjjdbxnxjxnjxhdnundhdhdkhdkundjdhhdudjjdjhdjdhxjjxhdjhdhdhhudhdhdudhhdhhduxuuxhxxjdududjdhdhhbdjhduybdbhhhhhdhbxhthsggutshtgsyyst udhdyysgtsgghzyggxyxhxghxgxxhd
youtube,comment,Ugy_4qZgwke-VIWr3Wp4AaABAg,i1BqRYMFS08,2026-09-08 04:57:00+00:00,2026-09-22T13:54:26Z,d0a64ab8e4f0,Love assam🎉,1,0,0,https://youtube.com/watch?v=i1BqRYMFS08&lc=Ugy_4qZgwke-VIWr3Wp4AaABAg,Vijay Trisha,en,Love assam🎉
youtube,comment,UgzUlM0uwPutODRB5gF4AaABAg,NMCPm7BJsBw,2026-09-08 06:56:02+00:00,2026-09-22T04:20:19Z,876174dcf390,Kangana is right,0,0,0,https://youtube.com/watch?v=NMCPm7BJsBw&lc=UgzUlM0uwPutODRB5gF4AaABAg,Kangana Trisha,en,Kangana is right
youtube,comment,Ugyizt8CkxsuaAHq-654AaABAg,i1BqRYMFS08,2026-09-08 08:00:30+00:00,2026-09-22T13:54:26Z,225f4c7ce1c3,Anyone sep 8,2,0,0,https://youtube.com/watch?v=i1BqRYMFS08&lc=Ugyizt8CkxsuaAHq-654AaABAg,Vijay Trisha,en,Anyone sep 8
youtube,comment,UgzwRIvLKRsJJl_U8jB4AaABAg,w0vq3RlceK0,2026-09-08 10:58:47+00:00,2026-09-22T04:20:26Z,d9869cbfba22,Psychopath,2,1,0,https://youtube.com/watch?v=w0vq3RlceK0&lc=UgzwRIvLKRsJJl_U8jB4AaABAg,Kangana Trisha,en,Psychopath
youtube,comment,Ugx_zutp_2-fbrZJkfh4AaABAg,5B50fq1slcA,2026-09-08 11:22:15+00:00,2026-09-22T04:33:08Z,00b493f212f7,This song made vijay CM😊.,0,0,0,https://youtube.com/watch?v=5B50fq1slcA&lc=Ugx_zutp_2-fbrZJkfh4AaABAg,Thalapathy Vijay Trisha,en,This song made vijay CM😊.
youtube,comment,UgzbIGob-Xc4f9KpkhF4AaABAg,i1BqRYMFS08,2026-09-08 11:45:02+00:00,2026-09-22T13:54:26Z,7ce1a1f75381,🇮🇳🇮🇳🇮🇳🇮🇳🇮🇳🇮🇳🇮🇳🇮🇳🇮🇳🇮🇳🇮🇳🇮🇳🌹🌹🌹🌹🌹🌹🥰🥰🥰🥰,2,0,0,https://youtube.com/watch?v=i1BqRYMFS08&lc=UgzbIGob-Xc4f9KpkhF4AaABAg,Vijay Trisha,en,🇮🇳🇮🇳🇮🇳🇮🇳🇮🇳🇮🇳🇮🇳🇮🇳🇮🇳🇮🇳🇮🇳🇮🇳🌹🌹🌹🌹🌹🌹🥰🥰🥰🥰
youtube,comment,UgxIj0q50s4VdRpIWDl4AaABAg,ldUTAZBarwc,2026-09-08 12:34:49+00:00,2026-09-22T04:33:14Z,2b2f74370b0d,என்ன  எழவு🤢🤮  டா  இது    தளபதி❤️‍🔥  நான்  உங்கள  🫵சொல்லல👋  உங்க  எக்ஸ்🤬😡  சொல்ற 😠,0,0,0,https://youtube.com/watch?v=ldUTAZBarwc&lc=UgxIj0q50s4VdRpIWDl4AaABAg,Thalapathy Vijay Trisha,ta,What's up 🤢🤮 This is Thalapathy ❤️‍🔥 I'm not telling you 🫵👋 Your ex 🤬😡 is telling 😠
youtube,comment,UgzlryzYDpyRxsIH45J4AaABAg,NMCPm7BJsBw,2026-09-08 12:54:20+00:00,2026-09-22T04:20:19Z,c3a716b97716,Right question...why no one is asking it to CM Vijay,0,0,0,https://youtube.com/watch?v=NMCPm7BJsBw&lc=UgzlryzYDpyRxsIH45J4AaABAg,Kangana Trisha,en,Right question...why no one is asking it to CM Vijay
youtube,comment,UgzXhltK0BD-BiEkVG14AaABAg,i1BqRYMFS08,2026-09-08 12:56:29+00:00,2026-09-22T13:54:26Z,cf87a2f4daa0,"Male Part

Hooi
Appudi podu podu podu
Asathi podu kannaalae
Ippudi podu podu podu
Izhuthu podu kaiyaalae

Female Part
Onnoda ooru sutha
Uppu moota yerikkiren
Onnoada kanna pothi
Kannaamoochi aada varen

Female Part
Indha nadai podhuma
Innum konjam venuma
Indha nadai podhuma
Innum konjam venuma
Aye indha nadai podhuma
Innum konjam venuma

Male Part
Appudi podu podu podu
Asathi podu kannaalae
Ippudi podu podu podu
Izhuthu podu kaiyaalae

Female Part
Oh ..hooo..ooo
En manasila nee ninaaikkiriyae
Aye azhaga
En kanavila nee muzhikkiriyae
Aye adada
En udhaatula nee inikkiriyae
Idhu nijamthaanaa

Male Part
En usurula
Nee thudikkiriyae
Aye azhagi
En vayasula nee paduthiriyae
Aye medhuva
En kazhuthula nee manakkiriyae
Idhu adhuthaanaa

Female Part
Unnai paatha santhosathil
Rendu madanga poothirunthen
Unnai thotta achathila
Moonu thadathaan verthirunthen

Male Part
Onnoda kannangalai
Kaakaa kadi naan kadikka
Ennoda kaadhu pakkam
Chella kadi nee kadikka

Male Part
Indha vayasu podhuma
Innum konjam venuma
Indha vayasu podhuma
Innum konjam venuma
Indha vayasu podhuma
Innum konjam venuma

Female Part
Hei appudi podu podu podu
Asathi podu kannaalae
Ippudi podu podu podu
Izhuthu podu kaiyaalae

Whistling : ……………………………..

Male Part
Thikka vekkira
Thinara vekkiriyae
Nee medhuvaa vikka vekkira
Viyarka vekkiriyae
Nee ennathaan vathatha vekkira
Vadhanga vekkiriyae
Ithu sarithaanaa…aaa….

Female Part
Sikka vekkira
Sevakka vekkiriyae
Nee joraa sokka vekkira
Sozhala vekkiriyae
Nee azhagha paththa vekkira
Padhara vekkiriyae
Ithu muraithaanaa

Male Part
Otha paarvai nenjukulla
Oosi noolum korkuthadi
Theththu pallu sirippil ellaam
Pathu nilavu therikkuthadi

Female Part
Thai thai-nu aadikittu
Onnodu naanum varen
Nai nai-nu pesikittu
Onn kooda sernthu varen

Female Part
Indha aatam podhumaa
Innum konjam venumaa
Indha aatam podhumaa
Innum konjam venumaa
Indha aatam podhumaa
Innum konjam venumaa

Male Part
Hoi appudi podu podu podu
Asathi podu kannaalae
Ippudi podu podu podu
Izhuthu podu kaiyaalae

Female Part
Onnoda ooru sutha
Uppu moota yerikkiren
Onnoada kanna pothi
Kannaamoochi aada varen

Female Part
Indha nadai podhuma
Innum konjam venuma
Indha nadai podhuma
Innum konjam venuma
Aye indha nadai podhuma
Innum konjam venuma",1,0,0,https://youtube.com/watch?v=i1BqRYMFS08&lc=UgzXhltK0BD-BiEkVG14AaABAg,Vijay Trisha,tanglish,"Male Part

Hooi
Appudi podu podu podu
Asathi podu kannaalae
Ippudi podu podu podu
Izhuthu podu kaiyaalae

Female Part
Onnoda ooru sutha
Uppu moota yerikkiren
Onnoada kanna pothi
Kannaamoochi aada varen

Female Part
Indha nadai podhuma
Innum konjam venuma
Indha nadai podhuma
Innum konjam venuma
Aye indha nadai podhuma
Innum konjam venuma

Male Part
Appudi podu podu podu
Asathi podu kannaalae
Ippudi podu podu podu
Izhuthu podu kaiyaalae

Female Part
Oh ..hooo..ooo
En manasila nee ninaaikkiriyae
Aye azhaga
En kanavila nee muzhikkiriyae
Aye adada
En udhaatula nee inikkiriyae
Idhu nijamthaanaa

Male Part
En usurula
Nee thudikkiriyae
Aye azhagi
En vayasula nee paduthiriyae
Aye medhuva
En kazhuthula nee manakkiriyae
Idhu adhuthaanaa

Female Part
Unnai paatha santhosathil
Rendu madanga poothirunthen
Unnai thotta achathila
Moonu thadathaan verthirunthen

Male Part
Onnoda kannangalai
Kaakaa kadi naan kadikka
Ennoda kaadhu pakkam
Chella kadi nee kadikka

Male Part
Indha vayasu podhuma
Innum konjam venuma
Indha vayasu podhuma
Innum konjam venuma
Indha vayasu podhuma
Innum konjam venuma

Female Part
Hei appudi podu podu podu
Asathi podu kannaalae
Ippudi podu podu podu
Izhuthu podu kaiyaalae

Whistling : ……………………………..

Male Part
Thikka vekkira
Thinara vekkiriyae
Nee medhuvaa vikka vekkira
Viyarka vekkiriyae
Nee ennathaan vathatha vekkira
Vadhanga vekkiriyae
Ithu sarithaanaa…aaa….

Female Part
Sikka vekkira
Sevakka vekkiriyae
Nee joraa sokka vekkira
Sozhala vekkiriyae
Nee azhagha paththa vekkira
Padhara vekkiriyae
Ithu muraithaanaa

Male Part
Otha paarvai nenjukulla
Oosi noolum korkuthadi
Theththu pallu sirippil ellaam
Pathu nilavu therikkuthadi

Female Part
Thai thai-nu aadikittu
Onnodu naanum varen
Nai nai-nu pesikittu
Onn kooda sernthu varen

Female Part
Indha aatam podhumaa
Innum konjam venumaa
Indha aatam podhumaa
Innum konjam venumaa
Indha aatam podhumaa
Innum konjam venumaa

Male Part
Hoi appudi podu podu podu
Asathi podu kannaalae
Ippudi podu podu podu
Izhuthu podu kaiyaalae

Female Part
Onnoda ooru sutha
Uppu moota yerikkiren
Onnoada kanna pothi
Kannaamoochi aada varen

Female Part
Indha nadai podhuma
Innum konjam venuma
Indha nadai podhuma
Innum konjam venuma
Aye indha nadai podhuma
Innum konjam venuma"
youtube,comment,Ugxl3_duhRCr1yxjFE94AaABAg,i1BqRYMFS08,2026-09-08 13:49:59+00:00,2026-09-22T13:54:26Z,fba81e1ce340,😂😂😂😂😊😊😊😊🎉🎉🎉❤❤❤,1,0,0,https://youtube.com/watch?v=i1BqRYMFS08&lc=Ugxl3_duhRCr1yxjFE94AaABAg,Vijay Trisha,en,😂😂😂😂😊😊😊😊🎉🎉🎉❤❤❤
youtube,comment,UgyaKAVJhJG1npJwpsp4AaABAg,i1BqRYMFS08,2026-09-08 14:03:58+00:00,2026-09-22T13:54:26Z,668234fda4bf,", আমি প্রথম গানটা শুনে আকাশ থেকে পড়লাম",1,0,0,https://youtube.com/watch?v=i1BqRYMFS08&lc=UgyaKAVJhJG1npJwpsp4AaABAg,Vijay Trisha,en,", আমি প্রথম গানটা শুনে আকাশ থেকে পড়লাম"
youtube,comment,Ugz0J5supzTP7tB48yt4AaABAg,i1BqRYMFS08,2026-09-08 15:10:44+00:00,2026-09-22T13:54:26Z,a85f75911b94,Ganesh chathurti ki yaad aa gayi,1,0,0,https://youtube.com/watch?v=i1BqRYMFS08&lc=Ugz0J5supzTP7tB48yt4AaABAg,Vijay Trisha,en,Ganesh chathurti ki yaad aa gayi
youtube,comment,UgyOQ_BLjnY7KL6dt1h4AaABAg,i1BqRYMFS08,2026-09-08 15:21:22+00:00,2026-09-22T13:54:26Z,fa86e1083622,Bhai e gaana mujhe samajh nahi aata phir bhi sunte hai bahut achha lagta hai ❤❤,4,0,0,https://youtube.com/watch?v=i1BqRYMFS08&lc=UgyOQ_BLjnY7KL6dt1h4AaABAg,Vijay Trisha,en,Bhai e gaana mujhe samajh nahi aata phir bhi sunte hai bahut achha lagta hai ❤❤
youtube,comment,Ugx_ZEGzQYIuFNLoSYF4AaABAg,w0vq3RlceK0,2026-09-08 16:20:14+00:00,2026-09-22T04:20:26Z,836e8950e128,What is surprising about it ? Queen always talks sense and is right. It’s people who cannot digest truth served bluntly,1,0,0,https://youtube.com/watch?v=w0vq3RlceK0&lc=Ugx_ZEGzQYIuFNLoSYF4AaABAg,Kangana Trisha,en,What is surprising about it ? Queen always talks sense and is right. It’s people who cannot digest truth served bluntly
youtube,comment,Ugyo9ptfiQhYEownE5J4AaABAg,w0vq3RlceK0,2026-09-08 16:29:58+00:00,2026-09-22T04:20:26Z,1a072afdfe73,What is so surprising about it?,1,0,0,https://youtube.com/watch?v=w0vq3RlceK0&lc=Ugyo9ptfiQhYEownE5J4AaABAg,Kangana Trisha,en,What is so surprising about it?
youtube,comment,UgyiJcmB7bjNeYrsxUx4AaABAg,i1BqRYMFS08,2026-09-08 17:27:20+00:00,2026-09-22T13:54:26Z,27957c584cab,"saya dari indonesia, merasakan tarian dan bahasa kalian memiliki keunikan yg tak dimiliki oleh Negara lain didunia, entah kenapa saya sangat suka itu",3,0,0,https://youtube.com/watch?v=i1BqRYMFS08&lc=UgyiJcmB7bjNeYrsxUx4AaABAg,Vijay Trisha,en,"saya dari indonesia, merasakan tarian dan bahasa kalian memiliki keunikan yg tak dimiliki oleh Negara lain didunia, entah kenapa saya sangat suka itu"
youtube,comment,Ugw_UPWBiSebX0K4cgR4AaABAg,t_VjClMmtLk,2026-09-08 17:33:14+00:00,2026-09-22T13:55:03Z,0c2c4941c715,Kuch din pehle kriti sanon par bol rhi thi yhi sabse pehle😂😂,3,0,0,https://youtube.com/watch?v=t_VjClMmtLk&lc=Ugw_UPWBiSebX0K4cgR4AaABAg,Kangana Trisha,en,Kuch din pehle kriti sanon par bol rhi thi yhi sabse pehle😂😂
youtube,comment,UgzDSrGJnwQqqhqdHkl4AaABAg,t_VjClMmtLk,2026-09-08 17:34:08+00:00,2026-09-22T13:55:03Z,d31e8433b604,Corrupt Udayanidhi Stalin must and will go to jail .,1,0,0,https://youtube.com/watch?v=t_VjClMmtLk&lc=UgzDSrGJnwQqqhqdHkl4AaABAg,Kangana Trisha,en,Corrupt Udayanidhi Stalin must and will go to jail .
youtube,comment,Ugy0ckmYT7F4Zwja2kN4AaABAg,t_VjClMmtLk,2026-09-08 17:44:47+00:00,2026-09-22T13:55:03Z,6fee9ae2791f,कृति सेनन और निशु पर आपकी क्या राय है देवी जी...,0,0,0,https://youtube.com/watch?v=t_VjClMmtLk&lc=Ugy0ckmYT7F4Zwja2kN4AaABAg,Kangana Trisha,en,कृति सेनन और निशु पर आपकी क्या राय है देवी जी...
youtube,comment,UgwbojSFLE0srBa887R4AaABAg,i1BqRYMFS08,2026-09-08 18:02:50+00:00,2026-09-22T13:54:26Z,9c4d576dcebc,“Every line of the song is so attractive. This song is a highlight of every Ganamela.”,4,0,0,https://youtube.com/watch?v=i1BqRYMFS08&lc=UgwbojSFLE0srBa887R4AaABAg,Vijay Trisha,en,“Every line of the song is so attractive. This song is a highlight of every Ganamela.”
youtube,comment,UgzJA4bCyjQ_gLfXBbd4AaABAg,LtFVk5EKhJM,2026-09-08 19:02:45+00:00,2026-09-22T04:35:07Z,bbc800111dda,3 perum London la 😂 Etho nadakkuthu enanu thaan puriyala 😂,0,0,0,https://youtube.com/watch?v=LtFVk5EKhJM&lc=UgzJA4bCyjQ_gLfXBbd4AaABAg,விஜய் திரிஷா,en,3 perum London la 😂 Etho nadakkuthu enanu thaan puriyala 😂
youtube,comment,UgwlHpnJm4s-Tp9wfw94AaABAg,LtFVk5EKhJM,2026-09-08 19:05:00+00:00,2026-09-22T04:35:07Z,bbc800111dda,Avaru Paaka porathey trisha va thaan aprm Vera epo poga mudium😂 3 perum London la 😂 etho nadakka poguthu😂,0,0,0,https://youtube.com/watch?v=LtFVk5EKhJM&lc=UgwlHpnJm4s-Tp9wfw94AaABAg,விஜய் திரிஷா,tanglish,Avaru Paaka porathey trisha va thaan aprm Vera epo poga mudium😂 3 perum London la 😂 etho nadakka pogathu😂
youtube,comment,UgyAaLjrJ2kRJ1EZ29J4AaABAg,i1BqRYMFS08,2026-09-08 19:35:34+00:00,2026-09-22T13:54:26Z,f3fe8023c6b1,Love from Himachal Pradesh ✅😘,3,0,0,https://youtube.com/watch?v=i1BqRYMFS08&lc=UgyAaLjrJ2kRJ1EZ29J4AaABAg,Vijay Trisha,en,Love from Himachal Pradesh ✅😘
youtube,comment,UgwOWCXqXxZPFlsBH4h4AaABAg,t_VjClMmtLk,2026-09-08 20:37:32+00:00,2026-09-22T13:55:03Z,75c785328ded,Well said!,4,0,0,https://youtube.com/watch?v=t_VjClMmtLk&lc=UgwOWCXqXxZPFlsBH4h4AaABAg,Kangana Trisha,en,Well said!
youtube,comment,UgxNoQubjOwpmgreBwl4AaABAg,OPF8IDLg8A4,2026-09-09 01:40:29+00:00,2026-09-22T13:55:01Z,789a601f2aba,"Aapka to cheerharan krne ki jrurt hi nhi h, khud hi "" Chir"" Ka aap "" haran"" krwane ko tayyar h, pta nhi filme haasil krne k lie aapne kitne film producer's ka "" Chirharan "" kia h ek lambi list h
😂😂😂",0,0,0,https://youtube.com/watch?v=OPF8IDLg8A4&lc=UgxNoQubjOwpmgreBwl4AaABAg,Kangana Trisha,en,"Aapka to cheerharan krne ki jrurt hi nhi h, khud hi "" Chir"" Ka aap "" haran"" krwane ko tayyar h, pta nhi filme haasil krne k lie aapne kitne film producer's ka "" Chirharan "" kia h ek lambi list h
😂😂😂"
youtube,comment,UgyyXDC5ifmzUPQTlmR4AaABAg,OPF8IDLg8A4,2026-09-09 01:41:17+00:00,2026-09-22T13:55:01Z,69dd855bb74d,"Kuch bhi, aur jab aise do room mein pakde jate hain to sirf boy ki lynching kyon hoti hai. Tab public ne girl ko bhi kutna chahiye.",0,0,0,https://youtube.com/watch?v=OPF8IDLg8A4&lc=UgyyXDC5ifmzUPQTlmR4AaABAg,Kangana Trisha,en,"Kuch bhi, aur jab aise do room mein pakde jate hain to sirf boy ki lynching kyon hoti hai. Tab public ne girl ko bhi kutna chahiye."
youtube,comment,UgyB_MnGkihvD-DafIp4AaABAg,OPF8IDLg8A4,2026-09-09 02:21:03+00:00,2026-09-22T13:55:01Z,5877c42a6a4d,Kangna Ranaut super hero hai,1,0,0,https://youtube.com/watch?v=OPF8IDLg8A4&lc=UgyB_MnGkihvD-DafIp4AaABAg,Kangana Trisha,en,Kangna Ranaut super hero hai
youtube,comment,Ugx7tFZxhXo0zpqbMuB4AaABAg,OPF8IDLg8A4,2026-09-09 02:36:19+00:00,2026-09-22T13:55:01Z,1cfa538e2b9b,"ye faltu jokar logo ko sarkar me betha rakha h,.",0,0,0,https://youtube.com/watch?v=OPF8IDLg8A4&lc=Ugx7tFZxhXo0zpqbMuB4AaABAg,Kangana Trisha,en,"ye faltu jokar logo ko sarkar me betha rakha h,."
youtube,comment,UgxZW-x0X4FwLXyp0vB4AaABAg,i1BqRYMFS08,2026-09-09 03:15:17+00:00,2026-09-22T13:54:26Z,dbaf43a46139,But why vijay is so cute here 😭🎀✨,3,0,0,https://youtube.com/watch?v=i1BqRYMFS08&lc=UgxZW-x0X4FwLXyp0vB4AaABAg,Vijay Trisha,en,But why vijay is so cute here 😭🎀✨
youtube,comment,UgykHStDQs0i5IPGS654AaABAg,qXPkUMxsKNQ,2026-09-09 03:21:36+00:00,2026-09-22T04:20:24Z,9fb5ffc8dc59,सही बोली हो आप😢,0,0,0,https://youtube.com/watch?v=qXPkUMxsKNQ&lc=UgykHStDQs0i5IPGS654AaABAg,Kangana Trisha,en,सही बोली हो आप😢
youtube,comment,UgzRnMOKb6jGbzutmo94AaABAg,i1BqRYMFS08,2026-09-09 05:44:29+00:00,2026-09-22T13:54:26Z,f88b1bdc88d8,Dance 🎉🎉🎉🎉❤❤,2,0,0,https://youtube.com/watch?v=i1BqRYMFS08&lc=UgzRnMOKb6jGbzutmo94AaABAg,Vijay Trisha,en,Dance 🎉🎉🎉🎉❤❤
youtube,comment,UgwSTvz3NTSGZ7mO5eV4AaABAg,OPF8IDLg8A4,2026-09-09 06:56:02+00:00,2026-09-22T13:55:01Z,920099f5e321,"Second Rani Laxmibai, Kanngana jindabad",2,0,0,https://youtube.com/watch?v=OPF8IDLg8A4&lc=UgwSTvz3NTSGZ7mO5eV4AaABAg,Kangana Trisha,en,"Second Rani Laxmibai, Kanngana jindabad"
youtube,comment,UgwrdyEJ3tMP39euW1p4AaABAg,OPF8IDLg8A4,2026-09-09 07:19:35+00:00,2026-09-22T13:55:01Z,06436b2096c7,Ye tangana ab Vijay ko badnam kar rahi he... Dusra Kam kab karegi...,0,0,0,https://youtube.com/watch?v=OPF8IDLg8A4&lc=UgwrdyEJ3tMP39euW1p4AaABAg,Kangana Trisha,en,Ye tangana ab Vijay ko badnam kar rahi he... Dusra Kam kab karegi...
youtube,comment,UgyT6qJP-w867M6L0CJ4AaABAg,LtFVk5EKhJM,2026-09-09 07:48:11+00:00,2026-09-22T04:35:07Z,a7c3833c3ef6,But they are not divorced no,0,0,0,https://youtube.com/watch?v=LtFVk5EKhJM&lc=UgyT6qJP-w867M6L0CJ4AaABAg,விஜய் திரிஷா,en,But they are not divorced no
youtube,comment,Ugw3HpSqnOiO-InwFtF4AaABAg,OPF8IDLg8A4,2026-09-09 08:00:45+00:00,2026-09-22T13:55:01Z,6e8864d5b9f6,Chal Manoj bhag yahan se,0,0,0,https://youtube.com/watch?v=OPF8IDLg8A4&lc=Ugw3HpSqnOiO-InwFtF4AaABAg,Kangana Trisha,en,Chal Manoj bhag yahan se
youtube,comment,UgyOXZHPFlaDTXqaeHl4AaABAg,OPF8IDLg8A4,2026-09-09 08:04:59+00:00,2026-09-22T13:55:01Z,cd047c0b2da4,Ye desh ke bare me kya janti hai,0,0,0,https://youtube.com/watch?v=OPF8IDLg8A4&lc=UgyOXZHPFlaDTXqaeHl4AaABAg,Kangana Trisha,en,Ye desh ke bare me kya janti hai
youtube,comment,UgzrmOxA1s_mXySrbdx4AaABAg,OPF8IDLg8A4,2026-09-09 08:05:06+00:00,2026-09-22T13:55:01Z,cd047c0b2da4,BJP hatao desh bachao,0,0,0,https://youtube.com/watch?v=OPF8IDLg8A4&lc=UgzrmOxA1s_mXySrbdx4AaABAg,Kangana Trisha,en,BJP hatao desh bachao
youtube,comment,UgzPyH7UvyevP4kiFOd4AaABAg,i1BqRYMFS08,2026-09-09 08:08:00+00:00,2026-09-22T13:54:26Z,ba800af8088c,trisha married?,1,2,0,https://youtube.com/watch?v=i1BqRYMFS08&lc=UgzPyH7UvyevP4kiFOd4AaABAg,Vijay Trisha,en,trisha married?
youtube,comment,Ugw87D6TMfDFYsofm3V4AaABAg,OPF8IDLg8A4,2026-09-09 08:31:50+00:00,2026-09-22T13:55:01Z,a5e4631bccef,"MY LOVELY SISTER, RESPECTED MISS KANGNA JI YOU ARE BRAVE INDIAN DAUGHTER AND WE PROUD OF YOU. YOU ARE OUR RESPECTED SISTER 🙏 AND A PROGRESSIVE BJP LEADER.  GOD BLESS YOU.  ALL INDIAN NATIONALISTS ARE WITH YOU. YOU ARE LIONESS OF BJP.",0,0,0,https://youtube.com/watch?v=OPF8IDLg8A4&lc=Ugw87D6TMfDFYsofm3V4AaABAg,Kangana Trisha,en,"MY LOVELY SISTER, RESPECTED MISS KANGNA JI YOU ARE BRAVE INDIAN DAUGHTER AND WE PROUD OF YOU. YOU ARE OUR RESPECTED SISTER 🙏 AND A PROGRESSIVE BJP LEADER.  GOD BLESS YOU.  ALL INDIAN NATIONALISTS ARE WITH YOU. YOU ARE LIONESS OF BJP."
youtube,comment,UgwMP0fM5JeDvKphlqJ4AaABAg,i1BqRYMFS08,2026-09-09 09:13:43+00:00,2026-09-22T13:54:26Z,c9b80e2b46fa,On 0.25x 😂😂,1,0,0,https://youtube.com/watch?v=i1BqRYMFS08&lc=UgwMP0fM5JeDvKphlqJ4AaABAg,Vijay Trisha,en,On 0.25x 😂😂
youtube,comment,UgyQlqjUuYWkQhrZUNJ4AaABAg,i1BqRYMFS08,2026-09-09 11:10:18+00:00,2026-09-22T13:54:26Z,45f80b4a79f6,Pata nhi kyu ajkal angpradarshan jaruri hai ache khase gano ka kabad bana dete hai jab sadi pahanana ata nhi to kyu pahante hai bollywood ne puri tarah sada diya hai new generation ko,2,0,0,https://youtube.com/watch?v=i1BqRYMFS08&lc=UgyQlqjUuYWkQhrZUNJ4AaABAg,Vijay Trisha,en,Pata nhi kyu ajkal angpradarshan jaruri hai ache khase gano ka kabad bana dete hai jab sadi pahanana ata nhi to kyu pahante hai bollywood ne puri tarah sada diya hai new generation ko
youtube,comment,Ugw92CNkKs9rj8ahVbF4AaABAg,bQWbkUps0v0,2026-09-09 13:03:18+00:00,2026-09-22T13:55:01Z,1335b718aac4,Subscribe to my channel for buzzy updates,1,0,0,https://youtube.com/watch?v=bQWbkUps0v0&lc=Ugw92CNkKs9rj8ahVbF4AaABAg,Kangana Trisha,en,Subscribe to my channel for buzzy updates
youtube,comment,UgxAFm1hCWr0TaOu7TB4AaABAg,i1BqRYMFS08,2026-09-09 13:46:35+00:00,2026-09-22T13:54:26Z,62db3e748707,விஜய் 70🤝 கி ல் லி2 பாட்டு,2,0,0,https://youtube.com/watch?v=i1BqRYMFS08&lc=UgxAFm1hCWr0TaOu7TB4AaABAg,Vijay Trisha,ta,Vijay 70🤝 ki li2 song
youtube,comment,UgyrQx5tQ4czEUNekYd4AaABAg,i1BqRYMFS08,2026-09-09 14:40:44+00:00,2026-09-22T13:54:26Z,a9f0095a5d68,Who has come to watch Gatta Kusthi 2,3,0,0,https://youtube.com/watch?v=i1BqRYMFS08&lc=UgyrQx5tQ4czEUNekYd4AaABAg,Vijay Trisha,en,Who has come to watch Gatta Kusthi 2
youtube,comment,UgzvY7L4qKEeDaDjA5t4AaABAg,i1BqRYMFS08,2026-09-09 16:01:05+00:00,2026-09-22T13:54:26Z,2d1a889d47bf,😂😂😂😂😂😂😂😂👍👍👍👍👍👍👍👍,2,0,0,https://youtube.com/watch?v=i1BqRYMFS08&lc=UgzvY7L4qKEeDaDjA5t4AaABAg,Vijay Trisha,en,😂😂😂😂😂😂😂😂👍👍👍👍👍👍👍👍
youtube,comment,UgxCWJ92AeDkSdPNuf14AaABAg,i1BqRYMFS08,2026-09-09 17:20:20+00:00,2026-09-22T13:54:26Z,7b16a701c273,❤❤❤❤❤❤❤❤❤❤❤❤❤❤❤❤❤❤❤❤❤❤❤❤❤❤❤❤❤❤❤❤❤❤❤❤❤❤❤❤❤❤❤❤❤❤❤❤❤❤❤❤❤❤❤❤❤❤❤❤❤❤❤❤❤❤❤❤❤❤❤,3,0,0,https://youtube.com/watch?v=i1BqRYMFS08&lc=UgxCWJ92AeDkSdPNuf14AaABAg,Vijay Trisha,en,❤❤❤❤❤❤❤❤❤❤❤❤❤❤❤❤❤❤❤❤❤❤❤❤❤❤❤❤❤❤❤❤❤❤❤❤❤❤❤❤❤❤❤❤❤❤❤❤❤❤❤❤❤❤❤❤❤❤❤❤❤❤❤❤❤❤❤❤❤❤❤
youtube,comment,UgyQyq3vTLLpGzEbwqp4AaABAg,4joO_8Ct2tM,2026-09-09 19:51:44+00:00,2026-09-22T13:54:07Z,482d1f84a1b1,Appo danush?,0,0,0,https://youtube.com/watch?v=4joO_8Ct2tM&lc=UgyQyq3vTLLpGzEbwqp4AaABAg,Vijay Trisha,en,Appo danush?
youtube,comment,UgzUeh7dDiQ8is-DS8t4AaABAg,t_VjClMmtLk,2026-09-09 20:35:50+00:00,2026-09-22T13:55:03Z,f4ffb2dccaea,"Kyon ke for years that’s been happening.. and you follow such scriptures too where men are gambling but a woman’s izzat is attack, or a woman is kidnapped but she needs to give agni pariksha.. so it’s been in the psyche of Indian people for a long time to attack only women.",0,0,0,https://youtube.com/watch?v=t_VjClMmtLk&lc=UgzUeh7dDiQ8is-DS8t4AaABAg,Kangana Trisha,en,"Kyon ke for years that’s been happening.. and you follow such scriptures too where men are gambling but a woman’s izzat is attack, or a woman is kidnapped but she needs to give agni pariksha.. so it’s been in the psyche of Indian people for a long time to attack only women."
youtube,comment,Ugwt1X3jJ-3lxGx50Ld4AaABAg,FBIHvQvZY1g,2026-09-09 21:28:20+00:00,2026-09-22T13:54:59Z,9988b92845a7,Nhi india ko azadi 2014 ke baad Mila hain 😂😂,0,0,0,https://youtube.com/watch?v=FBIHvQvZY1g&lc=Ugwt1X3jJ-3lxGx50Ld4AaABAg,Kangana Trisha,en,Nhi india ko azadi 2014 ke baad Mila hain 😂😂
youtube,comment,UgzKM4xW25hvheS3Jw14AaABAg,LtFVk5EKhJM,2026-09-10 01:48:53+00:00,2026-09-22T04:35:07Z,2887021ddf34,Ahmed she wanted people to seeher that she is in London.  Because Sangeetha is from  London so she is jealous of her and wanted to be equally like Sangeetha.  But Sangeetha has a class and this woman is classless.,2,0,0,https://youtube.com/watch?v=LtFVk5EKhJM&lc=UgzKM4xW25hvheS3Jw14AaABAg,விஜய் திரிஷா,en,Ahmed she wanted people to seeher that she is in London.  Because Sangeetha is from  London so she is jealous of her and wanted to be equally like Sangeetha.  But Sangeetha has a class and this woman is classless.
youtube,comment,Ugw2NhoZz8-A2pvWqAt4AaABAg,LtFVk5EKhJM,2026-09-10 05:29:26+00:00,2026-09-22T04:35:07Z,11d9fee07685,Bro... Nee pombala shabam varameh parthakoh😂😂😂😂,0,0,0,https://youtube.com/watch?v=LtFVk5EKhJM&lc=Ugw2NhoZz8-A2pvWqAt4AaABAg,விஜய் திரிஷா,en,Bro... Nee pombala shabam varameh parthakoh😂😂😂😂
youtube,comment,UgwZ1nHoDxeu8pdBLtd4AaABAg,T7w0Scr1bG8,2026-09-10 05:47:04+00:00,2026-09-22T13:54:33Z,f27fea3a2ba6,"In business they generally give one seat between the aisle and window empty so that they sit comfortably, ivanga comfort Vera level, ipo puriyidu 😂",1,0,0,https://youtube.com/watch?v=T7w0Scr1bG8&lc=UgwZ1nHoDxeu8pdBLtd4AaABAg,Vijay Trisha,en,"In business they generally give one seat between the aisle and window empty so that they sit comfortably, ivanga comfort Vera level, ipo puriyidu 😂"
youtube,comment,Ugz5NPauZb7EOqQ0nwt4AaABAg,LtFVk5EKhJM,2026-09-10 09:18:57+00:00,2026-09-22T04:35:07Z,36c37557297a,Enough of CMVijay and Trisha.. Just let him do his job.Let Trisha do what she likes.. so much hype about them .. not necessary,3,0,0,https://youtube.com/watch?v=LtFVk5EKhJM&lc=Ugz5NPauZb7EOqQ0nwt4AaABAg,விஜய் திரிஷா,en,Enough of CMVijay and Trisha.. Just let him do his job.Let Trisha do what she likes.. so much hype about them .. not necessary
youtube,comment,UgygOXoMshLC5G11oD14AaABAg,UBOlPAfxn2Y,2026-09-10 09:44:05+00:00,2026-09-22T13:55:04Z,6c0f45f1272d,Good afternoon ❤,0,0,0,https://youtube.com/watch?v=UBOlPAfxn2Y&lc=UgygOXoMshLC5G11oD14AaABAg,Kangana Trisha,en,Good afternoon ❤
youtube,comment,Ugysns1ZnC8WHoAF_pd4AaABAg,i1BqRYMFS08,2026-09-10 10:02:38+00:00,2026-09-22T13:54:26Z,ff8c13ca51c6,Any one september 10th 🫀💌🤗,1,1,0,https://youtube.com/watch?v=i1BqRYMFS08&lc=Ugysns1ZnC8WHoAF_pd4AaABAg,Vijay Trisha,en,Any one september 10th 🫀💌🤗
youtube,comment,Ugx73WQpbLzgIIkDNLx4AaABAg,LtFVk5EKhJM,2026-09-10 10:22:39+00:00,2026-09-22T04:35:07Z,f3b645a3a61b,Vijay trisha love ❤❤❤❤❤❤❤❤❤❤❤❤❤❤❤❤❤❤,0,0,0,https://youtube.com/watch?v=LtFVk5EKhJM&lc=Ugx73WQpbLzgIIkDNLx4AaABAg,விஜய் திரிஷா,en,Vijay trisha love ❤❤❤❤❤❤❤❤❤❤❤❤❤❤❤❤❤❤
youtube,comment,UgxLezOOaSDbnEdl3jJ4AaABAg,i1BqRYMFS08,2026-09-10 10:30:27+00:00,2026-09-22T13:54:26Z,caa170b2fae5,"Oii, Appudi Podu Podu Podu
Asathi Podu Kannale
Ippadi Podu Podu Podu
Izhuthu Podu Kaiyale

Onnoade Ooru Suthe
Uppu Moote Yerikkiraen
Onnoade Kanne Pothi
Kannaamoochi Aade Varen

Indhe Nadai Poadhuma
Innum Konjam Venuma

Indhe Nadai Poadhuma
Innum Konjam Venuma
Hey Indhe Nadai Pothuma
Innum Konjam Venuma

Appudi Podu Podu Podu
Asathi Podu Kannale
Ippudi Podu Podu Podu
Izhuthu Podu Kaiyyaale

Oh Oh Oh Oh
En Manasile Nee Ninaikkiriyae
Yen Azhagha En Kanavile
Nee Muzhikkiriyae
Hey Adada En Uthattule
Nee Inikkiriyae
Ithu Nejamthaana

En Usurule Nee Thudikkiriye
Hey Azhagi En Vayasule
Nee Paduthiriyae
Hey Methuva En Kazhuthule
Nee Manakkiriyae
Idhu Adhuthaana

Onna Paartha Santhosathil
Rendu Madanga Poothirunthaen
Onna Thotte Achathile
Moonu Kodam Naan Verthirunthaen

Unnode Kannangalai
Kaaka Kadi Naan Kadikke
Ennode Kaadhu Pakkam
Chelle Kadi Nee Kadikke

Inthe Vayasu Poathuma
Innum Konjam Venuma

Inthe Vayasu Poathuma
Innum Konjam Venuma
Inthe Vayasu Poathuma
Innum Konjam Venuma

Oii Appudipodu Podu Podu
Asathipodu Kannaale
Ippudipodu Podu Podu
Izhuthupodu Kaiyaale

Thikke Vekkire Thinare Vekkiriye
Nee Medhuvaa Vikke Vekkire
Viyarka Vekkiriyae

Nee Ennathaan Vatha Vekkire
Padhanga Vekkiriyae
Ithu Sari Thaanaa

Sikke Vekkire, Sevakke Vekkuriyae
Nee Jora Sokka Vekkure
Sozhala Vekkiriyae

Nee Azhagha Paththa Vekkire
Padhara Vekkiriyae
Ithu Murai Thaana

Otha Paarvai Nenjukulle
Oosi Noolum Korkuthadi
Thethu Pallu Sirippil Ellaam
Pathu Nilavu Therikkuthadi

Thai Thai-Nu Aadikittu
Onnoadu Naanum Varen
Nai Nai-Nu Paesikittu
Un Koode Sendhu Varen

Indha Aatam Poadhumaa
Innum Konjam Venuma

Indha Aatam Poadhumaa
Innum Konjam Venuma
Hey, Indha Aatam Poadhumaa
Innum Konjam Venuma

Oii, Appudi Podu Podu Podu
Asathi Podu Kannaale
Ippudi Podu Podu Podu
Izhuthu Podu Kaiyyaale

Unnode Ooru Suthe
Uppu Moote Erikkiraen
Unnode Kanne Pothi
Kannaamoochi Aade Varen

Indhe Nadai Poadhuma
Innum Konjam Venuma

Indhe Nadai Poadhuma
Innum Konjam Venuma
Hey, Indhe Nadai Poadhuma
Innum Konjam Venuma",1,0,0,https://youtube.com/watch?v=i1BqRYMFS08&lc=UgxLezOOaSDbnEdl3jJ4AaABAg,Vijay Trisha,tanglish,"Oii, Appudi Podu Podu Podu
Asathi Podu Kannale
Ippadi Podu Podu Podu
Izhuthu Podu Kaiyale

Onnoade Ooru Suthe
Uppu Moote Yerikkiraen
Onnoade Kanne Pothi
Kannaamoochi Aade Varen

Indhe Nadai Poadhuma
Innum Konjam Venuma

Indhe Nadai Poadhuma
Innum Konjam Venuma
Hey Indhe Nadai Pothuma
Innum Konjam Venuma

Appudi Podu Podu Podu
Asathi Podu Kannale
Ippudi Podu Podu Podu
Izhuthu Podu Kaiyyaale

Oh Oh Oh Oh
En Manasile Nee Ninaikkiriyae
Yen Azhagha En Kanavile
Nee Muzhikkiriyae
Hey Adada En Uthattule
Nee Inikiriyae
Ithu Nejamthaana

En Usurule Nee Thudikkiriya
Hey Azhagi En Vayasule
Nee Paduthiriyae
Hey Methuva En Kazhuthule
Nee Manakkiriyae
Idhu Adhuthaana

Onna Paartha Santhosathil
Rendu Madanga Poothirunthaen
Onna Thotte Achathile
Moonu Kodam Naan Verthirunthaen

Unnode Kannangalai
Kaaka Kadi Naan Kadikke
Ennode Kaadhu Pakkam
Chelle Kadi Nee Kadikke

Inthe Vayasu Poathuma
Innum Konjam Venuma

Inthe Vayasu Poathuma
Innum Konjam Venuma
Inthe Vayasu Poathuma
Innum Konjam Venuma

Oii Appudipodu Podu Podu
Asathipodu Kannaale
Ippudipodu Podu Podu
Izhuthupodu Kaiyaale

Thikke Vekkire Thinare Vekkiree
Nee Medhuvaa Vikke Vekkire
Viyarka Vekkiriyae

Nee Ennathaan Vatha Vekkire
Padhanga Vekkiriyae
Ithu Sari Thaanaa

Sikke Vekkire, Sevakke Vekkuriyae
Nee Jora Sokka Vekkure
Sozhala Vekkiriyae

Nee Azhagha Paththa Vekkire
Padhara Vekkiriyae
Ithu Murai Thaana

Otha Paarvai Nenjukulle
Oosi Noolum Korkuthadi
Thethu Pallu Sirippil Ellaam
Pathu Nilavu Therikkuthadi

Thai Thai-Nu Aadikittu
Onnoadu Naanum Varen
Nai Nai-Nu Paesikittu
Un Koode Sendhu Varen

Indha Aatam Poadhumaa
Innum Konjam Venuma

Indha Aatam Poadhumaa
Innum Konjam Venuma
Hey, Indha Aatam Poadhumaa
Innum Konjam Venuma

Oii, Appudi Podu Podu Podu
Asathi Podu Kannaale
Ippudi Podu Podu Podu
Izhuthu Podu Kaiyyaale

Unnode Ooru Suthe
Uppu Moote Erikkiraen
Unnode Kanne Pothi
Kannaamoochi Aade Varen

Indhe Nadai Poadhuma
Innum Konjam Venuma

Indhe Nadai Poadhuma
Innum Konjam Venuma
Hey, Indhe Nadai Poadhuma
Innum Konjam Venuma"
youtube,comment,UgywTDZW31l57VxzskF4AaABAg,i1BqRYMFS08,2026-09-10 10:35:36+00:00,2026-09-22T13:54:26Z,289aa8726c98,I Love song ❤❤,1,0,0,https://youtube.com/watch?v=i1BqRYMFS08&lc=UgywTDZW31l57VxzskF4AaABAg,Vijay Trisha,en,I Love song ❤❤
youtube,comment,UgzFyOUNDKDIkR4eHIl4AaABAg,OPF8IDLg8A4,2026-09-10 11:53:51+00:00,2026-09-22T13:55:01Z,f4cb393b7107,Durbhgye hai humare desh ka film baye actor produser hai.director ki kami hai.,0,0,0,https://youtube.com/watch?v=OPF8IDLg8A4&lc=UgzFyOUNDKDIkR4eHIl4AaABAg,Kangana Trisha,en,Durbhgye hai humare desh ka film baye actor produser hai.director ki kami hai.
youtube,comment,UgwFJuMMlR-ceYj4lsd4AaABAg,i1BqRYMFS08,2026-09-10 12:23:32+00:00,2026-09-22T13:54:26Z,5daf36c0553c,Kk voice not suits on south song,1,1,0,https://youtube.com/watch?v=i1BqRYMFS08&lc=UgwFJuMMlR-ceYj4lsd4AaABAg,Vijay Trisha,en,Kk voice not suits on south song
youtube,comment,UgzVubpg3hPQi30sbiV4AaABAg,i1BqRYMFS08,2026-09-10 12:35:44+00:00,2026-09-22T13:54:26Z,3086a0ee46c1,"ऋषिकेश
రిసికేస్
ரிசிகேச்",1,0,0,https://youtube.com/watch?v=i1BqRYMFS08&lc=UgzVubpg3hPQi30sbiV4AaABAg,Vijay Trisha,ta,"Rishikesh
risk
RicCache"
youtube,comment,UgwUwA9PT34v8shoJK94AaABAg,DUdl8kGBXkE,2026-09-10 13:00:14+00:00,2026-09-22T04:32:45Z,cef97c27c6a7,கத்தி கத்தி கத்தி கத்தி,0,0,0,https://youtube.com/watch?v=DUdl8kGBXkE&lc=UgwUwA9PT34v8shoJK94AaABAg,Vijay Trisha,ta,Knife Knife Knife Knife
youtube,comment,UgyVuyWRRHqiWnOEDON4AaABAg,i1BqRYMFS08,2026-09-10 13:19:34+00:00,2026-09-22T13:54:26Z,ecb5810865af,1000 vedan not equal to 1/2 MG💯📈✊,1,0,0,https://youtube.com/watch?v=i1BqRYMFS08&lc=UgyVuyWRRHqiWnOEDON4AaABAg,Vijay Trisha,en,1000 vedan not equal to 1/2 MG💯📈✊
youtube,comment,UgzGKlGgFpFBtUKXmMF4AaABAg,i1BqRYMFS08,2026-09-10 15:43:36+00:00,2026-09-22T13:54:26Z,e75a6172fb7e,Me Bihar se sun Raha hu koun koun Bihar se he hajri lagao😂😂,1,0,0,https://youtube.com/watch?v=i1BqRYMFS08&lc=UgzGKlGgFpFBtUKXmMF4AaABAg,Vijay Trisha,en,Me Bihar se sun Raha hu koun koun Bihar se he hajri lagao😂😂
youtube,comment,Ugyl2mJM4EuYzeGApd94AaABAg,i1BqRYMFS08,2026-09-10 16:02:03+00:00,2026-09-22T13:54:26Z,105428d36eb3,my he p you vijay jee,1,0,0,https://youtube.com/watch?v=i1BqRYMFS08&lc=Ugyl2mJM4EuYzeGApd94AaABAg,Vijay Trisha,en,my he p you vijay jee
youtube,comment,UgyTX1WW1jWzSOW5kTl4AaABAg,i1BqRYMFS08,2026-09-10 17:37:18+00:00,2026-09-22T13:54:26Z,84ec82d29c3c,Kk sir❤❤❤❤❤❤❤l,2,0,0,https://youtube.com/watch?v=i1BqRYMFS08&lc=UgyTX1WW1jWzSOW5kTl4AaABAg,Vijay Trisha,en,Kk sir❤❤❤❤❤❤❤l
youtube,comment,Ugz5p4ezm3-k4xATRhN4AaABAg,tZ_dvLRS1_o,2026-09-10 17:38:26+00:00,2026-09-22T13:55:00Z,9cd200406d02,"Yeah, but then she should set an example by not questioning other women's integrity either. I mean, what right does anyone have to question someone else's integrity?""",1,0,0,https://youtube.com/watch?v=tZ_dvLRS1_o&lc=Ugz5p4ezm3-k4xATRhN4AaABAg,Kangana Trisha,en,"Yeah, but then she should set an example by not questioning other women's integrity either. I mean, what right does anyone have to question someone else's integrity?"""
youtube,comment,UgzN7FkJA_DYCET-UtN4AaABAg,i1BqRYMFS08,2026-09-10 19:07:50+00:00,2026-09-22T13:54:26Z,7b03750433c0,I don't know what they are saying but I'm enjoying the vibe of this song❤,1,0,0,https://youtube.com/watch?v=i1BqRYMFS08&lc=UgzN7FkJA_DYCET-UtN4AaABAg,Vijay Trisha,en,I don't know what they are saying but I'm enjoying the vibe of this song❤
youtube,comment,UgyU75HWgb8uKieAlQ94AaABAg,i1BqRYMFS08,2026-09-10 20:06:59+00:00,2026-09-22T13:54:26Z,e2fb0e0968e6,Song speed ah podhu bro,0,0,0,https://youtube.com/watch?v=i1BqRYMFS08&lc=UgyU75HWgb8uKieAlQ94AaABAg,Vijay Trisha,en,Song speed ah podhu bro
youtube,comment,UgxGevYrIyjDy5tPVkd4AaABAg,i1BqRYMFS08,2026-09-10 21:35:05+00:00,2026-09-22T13:54:25Z,bb33d0734d93,Singer 🙏🔥🔥🔥,1,0,0,https://youtube.com/watch?v=i1BqRYMFS08&lc=UgxGevYrIyjDy5tPVkd4AaABAg,Vijay Trisha,en,Singer 🙏🔥🔥🔥
youtube,comment,Ugw5XF8yX_v9wRvZTjR4AaABAg,i1BqRYMFS08,2026-09-11 01:06:01+00:00,2026-09-22T13:54:25Z,ffd0378ddd8a,Vibe toh hai 😅❤,1,0,0,https://youtube.com/watch?v=i1BqRYMFS08&lc=Ugw5XF8yX_v9wRvZTjR4AaABAg,Vijay Trisha,en,Vibe toh hai 😅❤
youtube,comment,UgwRIzKNPOgnqR65GdN4AaABAg,i1BqRYMFS08,2026-09-11 01:42:32+00:00,2026-09-22T13:54:25Z,cea125db34c8,समझ तो नहीं आया लेकिन शानदार❤ है,1,0,0,https://youtube.com/watch?v=i1BqRYMFS08&lc=UgwRIzKNPOgnqR65GdN4AaABAg,Vijay Trisha,en,समझ तो नहीं आया लेकिन शानदार❤ है
youtube,comment,UgzzO7b7LDr0zm0x6Qp4AaABAg,i1BqRYMFS08,2026-09-11 02:00:43+00:00,2026-09-22T13:54:25Z,8d2d18f3250c,Bhai ye song hamko samajh me nhi ata ata haifir bhi sun raha hu song bahut accha hai ❤❤❤,1,0,0,https://youtube.com/watch?v=i1BqRYMFS08&lc=UgzzO7b7LDr0zm0x6Qp4AaABAg,Vijay Trisha,en,Bhai ye song hamko samajh me nhi ata ata haifir bhi sun raha hu song bahut accha hai ❤❤❤
youtube,comment,Ugxe3_Sggw8j2w7j6JN4AaABAg,i1BqRYMFS08,2026-09-11 04:32:53+00:00,2026-09-22T13:54:25Z,238e85e24d6e,He is so cute yaar 😊☺️😅💃💃💃💃🕺🕺🕺,1,0,0,https://youtube.com/watch?v=i1BqRYMFS08&lc=Ugxe3_Sggw8j2w7j6JN4AaABAg,Vijay Trisha,en,He is so cute yaar 😊☺️😅💃💃💃💃🕺🕺🕺
youtube,comment,UgyfHtyXbaEdveDzVy54AaABAg,DnrJui-dXic,2026-09-11 04:36:46+00:00,2026-09-22T04:33:29Z,238e85e24d6e,Ghilli step hits different 😘❤️🙌,1,0,0,https://youtube.com/watch?v=DnrJui-dXic&lc=UgyfHtyXbaEdveDzVy54AaABAg,Thalapathy Vijay Trisha,en,Ghilli step hits different 😘❤️🙌
youtube,comment,UgyU9k0Rp6uhu3-qpxF4AaABAg,LtFVk5EKhJM,2026-09-11 06:19:14+00:00,2026-09-22T04:35:07Z,0a1caf154c3c,Let them marry... Let them do whatever they want,0,0,0,https://youtube.com/watch?v=LtFVk5EKhJM&lc=UgyU9k0Rp6uhu3-qpxF4AaABAg,விஜய் திரிஷா,en,Let them marry... Let them do whatever they want
youtube,comment,Ugz2HE7CaGB60GCmcG54AaABAg,KG-eX3o03ME,2026-09-11 08:13:28+00:00,2026-09-22T04:32:35Z,f193c197a835,Don't encourage this..as sangeetha madame withdraw her petition...till he didn't divorce sangeetha madame...it is such a wild illegal affair...,0,0,0,https://youtube.com/watch?v=KG-eX3o03ME&lc=Ugz2HE7CaGB60GCmcG54AaABAg,Vijay Trisha,en,Don't encourage this..as sangeetha madame withdraw her petition...till he didn't divorce sangeetha madame...it is such a wild illegal affair...
youtube,comment,UgwwLbZFyf_jQqYZF5Z4AaABAg,WWqpFtsoQHE,2026-09-11 10:17:32+00:00,2026-09-22T13:55:02Z,15049064dcaa,5 rupees post by BJP IT cell. 😅😅😅,0,0,0,https://youtube.com/watch?v=WWqpFtsoQHE&lc=UgwwLbZFyf_jQqYZF5Z4AaABAg,Kangana Trisha,en,5 rupees post by BJP IT cell. 😅😅😅
youtube,comment,UgySefJi3cLSSxlZffh4AaABAg,i-zDZkOlUcA,2026-09-11 11:06:53+00:00,2026-09-22T13:55:04Z,1affe31bb172,Subscribe to my channel for latest updates,1,0,0,https://youtube.com/watch?v=i-zDZkOlUcA&lc=UgySefJi3cLSSxlZffh4AaABAg,Kangana Trisha,en,Subscribe to my channel for latest updates
youtube,comment,UgwpIaYkrbXllWpCFEh4AaABAg,LtFVk5EKhJM,2026-09-11 11:10:14+00:00,2026-09-22T04:35:07Z,04eca39d8bf7,Aarambichuttanunga tharkuringa...thooo,0,0,0,https://youtube.com/watch?v=LtFVk5EKhJM&lc=UgwpIaYkrbXllWpCFEh4AaABAg,விஜய் திரிஷா,en,Aarambichuttanunga tharkuringa...thooo
youtube,comment,UgyRlXVyJYXs9SxqJD14AaABAg,i1BqRYMFS08,2026-09-11 11:27:39+00:00,2026-09-22T13:54:25Z,aee3ca5e020d,Picnic / sadi / daru / 💯this  song play,1,0,0,https://youtube.com/watch?v=i1BqRYMFS08&lc=UgyRlXVyJYXs9SxqJD14AaABAg,Vijay Trisha,en,Picnic / sadi / daru / 💯this  song play
youtube,comment,UgyAscv4tGpQBhopMSp4AaABAg,i1BqRYMFS08,2026-09-11 11:29:29+00:00,2026-09-22T13:54:25Z,aee3ca5e020d,2:29😎 vibe,1,0,0,https://youtube.com/watch?v=i1BqRYMFS08&lc=UgyAscv4tGpQBhopMSp4AaABAg,Vijay Trisha,en,2:29😎 vibe
youtube,comment,UgyPC-Nu6Z4gAkEDfiV4AaABAg,i1BqRYMFS08,2026-09-11 13:29:54+00:00,2026-09-22T13:54:25Z,619c44f1229b,From Bangladesh,2,0,0,https://youtube.com/watch?v=i1BqRYMFS08&lc=UgyPC-Nu6Z4gAkEDfiV4AaABAg,Vijay Trisha,en,From Bangladesh
youtube,comment,UgweQlNAa7Nru1pqfB54AaABAg,i1BqRYMFS08,2026-09-11 13:51:47+00:00,2026-09-22T13:54:25Z,087ff0ac95d8,1:31 anyone from reels insta 😅😢😢😢🎉🎉😂😂😂😂❤❤❤,1,0,0,https://youtube.com/watch?v=i1BqRYMFS08&lc=UgweQlNAa7Nru1pqfB54AaABAg,Vijay Trisha,en,1:31 anyone from reels insta 😅😢😢😢🎉🎉😂😂😂😂❤❤❤
youtube,comment,UgwIH17uIrplcHLsBMR4AaABAg,i1BqRYMFS08,2026-09-11 14:22:05+00:00,2026-09-22T13:54:25Z,8c5021eb6d2a,2004 முதல் வெற்றி நடை போடும் ஜோடி 👌,1,0,0,https://youtube.com/watch?v=i1BqRYMFS08&lc=UgwIH17uIrplcHLsBMR4AaABAg,Vijay Trisha,ta,A winning couple since 2004
youtube,comment,UgzOjPK51utUgpemVJV4AaABAg,4joO_8Ct2tM,2026-09-11 14:53:22+00:00,2026-09-22T13:54:07Z,e1ef79fa0564,Trisha  video link iruka,0,0,0,https://youtube.com/watch?v=4joO_8Ct2tM&lc=UgzOjPK51utUgpemVJV4AaABAg,Vijay Trisha,en,Trisha  video link iruka
youtube,comment,Ugx3VVT0c7Lv-j8AHVt4AaABAg,i1BqRYMFS08,2026-09-11 16:35:39+00:00,2026-09-22T13:54:25Z,3f3a233f0331,Super the song❤❤❤❤❤❤❤,2,0,0,https://youtube.com/watch?v=i1BqRYMFS08&lc=Ugx3VVT0c7Lv-j8AHVt4AaABAg,Vijay Trisha,en,Super the song❤❤❤❤❤❤❤
youtube,comment,UgyB3hNbfsgUaBjYn_R4AaABAg,i1BqRYMFS08,2026-09-11 16:38:50+00:00,2026-09-22T13:54:25Z,9b45b1c4361e,Only legends know the singer name ...our beloved KK 😊❤️,8,2,0,https://youtube.com/watch?v=i1BqRYMFS08&lc=UgyB3hNbfsgUaBjYn_R4AaABAg,Vijay Trisha,en,Only legends know the singer name ...our beloved KK 😊❤️
youtube,comment,UgyJfzrevZM-QIUQQ8x4AaABAg,i1BqRYMFS08,2026-09-11 17:36:25+00:00,2026-09-22T13:54:25Z,1fdf53392098,So heart touching ❤,1,0,0,https://youtube.com/watch?v=i1BqRYMFS08&lc=UgyJfzrevZM-QIUQQ8x4AaABAg,Vijay Trisha,en,So heart touching ❤
youtube,comment,Ugyc3_SmzYyHBvWPfxB4AaABAg,i1BqRYMFS08,2026-09-11 17:38:49+00:00,2026-09-22T13:54:25Z,ff00ce8cd4de,Movis name ki,0,0,0,https://youtube.com/watch?v=i1BqRYMFS08&lc=Ugyc3_SmzYyHBvWPfxB4AaABAg,Vijay Trisha,en,Movis name ki
youtube,comment,UgwMzVWT0L-5Uu1wzux4AaABAg,LtFVk5EKhJM,2026-09-11 17:50:41+00:00,2026-09-22T04:35:07Z,0b41657c441e,"TamilNadu got scammed 💯 2026
TamilNadu people has lot of issues. But Vijay wants to chill with affair. TamilNadu gone 💯",0,0,0,https://youtube.com/watch?v=LtFVk5EKhJM&lc=UgwMzVWT0L-5Uu1wzux4AaABAg,விஜய் திரிஷா,en,"TamilNadu got scammed 💯 2026
TamilNadu people has lot of issues. But Vijay wants to chill with affair. TamilNadu gone 💯"
youtube,comment,UgyWFIgmCsR5fBY84aZ4AaABAg,i1BqRYMFS08,2026-09-12 02:24:53+00:00,2026-09-22T13:54:25Z,eed1944c17c9,2026 anonye 🐦‍🔥🐦‍🔥,2,0,0,https://youtube.com/watch?v=i1BqRYMFS08&lc=UgyWFIgmCsR5fBY84aZ4AaABAg,Vijay Trisha,en,2026 anonye 🐦‍🔥🐦‍🔥
youtube,comment,UgwZwGDahWw6Xi_DyaB4AaABAg,i1BqRYMFS08,2026-09-12 03:14:54+00:00,2026-09-22T13:54:25Z,5074bd0c2a19,Very interesting and attractive Ji ki -----jay malayalam pur s salvraju ❤,0,0,0,https://youtube.com/watch?v=i1BqRYMFS08&lc=UgwZwGDahWw6Xi_DyaB4AaABAg,Vijay Trisha,en,Very interesting and attractive Ji ki -----jay malayalam pur s salvraju ❤
youtube,comment,Ugy06mIvkDbLpovrX4Z4AaABAg,i1BqRYMFS08,2026-09-12 03:20:41+00:00,2026-09-22T13:54:25Z,5074bd0c2a19,100%good ji -----jay jagannath 🙏🙏,0,0,0,https://youtube.com/watch?v=i1BqRYMFS08&lc=Ugy06mIvkDbLpovrX4Z4AaABAg,Vijay Trisha,en,100%good ji -----jay jagannath 🙏🙏
youtube,comment,UgzWvl6VhaEBsHMQT1N4AaABAg,LZP01UodlaU,2026-09-12 03:45:04+00:00,2026-09-22T13:54:18Z,6c9c987cd8ca,tbh why are everyone only blaming trisha.vijay is also a full grown adult who needs to have some responsibility and sensibility that he alr has a family nd i think both vijay and trisha should be blamed not solely trisha......maturity is when u realise the real victim is his wife and children(no hate to any of the vj supporters js saying this cuz ive seen a lot of vids potraying trisha as the antagonist and vijay as the victim),0,0,0,https://youtube.com/watch?v=LZP01UodlaU&lc=UgzWvl6VhaEBsHMQT1N4AaABAg,Vijay Trisha,en,tbh why are everyone only blaming trisha.vijay is also a full grown adult who needs to have some responsibility and sensibility that he alr has a family nd i think both vijay and trisha should be blamed not solely trisha......maturity is when u realise the real victim is his wife and children(no hate to any of the vj supporters js saying this cuz ive seen a lot of vids potraying trisha as the antagonist and vijay as the victim)
youtube,comment,Ugy8jCt66jTppU0pm4J4AaABAg,i1BqRYMFS08,2026-09-12 04:53:44+00:00,2026-09-22T13:54:25Z,fab848e39eb7,I am biggest fan of uppendra,0,0,0,https://youtube.com/watch?v=i1BqRYMFS08&lc=Ugy8jCt66jTppU0pm4J4AaABAg,Vijay Trisha,en,I am biggest fan of uppendra
youtube,comment,UgzA4IZcqhUES8738Yt4AaABAg,i1BqRYMFS08,2026-09-12 06:33:33+00:00,2026-09-22T13:54:25Z,5074bd0c2a19,Very beautiful and very interesting ji -----jay jagannath 🙏🙏,0,0,0,https://youtube.com/watch?v=i1BqRYMFS08&lc=UgzA4IZcqhUES8738Yt4AaABAg,Vijay Trisha,en,Very beautiful and very interesting ji -----jay jagannath 🙏🙏
youtube,comment,Ugw5yjtkcjjFQZzcseF4AaABAg,i1BqRYMFS08,2026-09-12 06:38:27+00:00,2026-09-22T13:54:25Z,267e17dcb50a,Indian P.M after vijay Thalapathi❤❤,0,1,0,https://youtube.com/watch?v=i1BqRYMFS08&lc=Ugw5yjtkcjjFQZzcseF4AaABAg,Vijay Trisha,en,Indian P.M after vijay Thalapathi❤❤
youtube,comment,Ugx4v-YMvtbDcI2YQX54AaABAg,ldUTAZBarwc,2026-09-12 08:12:43+00:00,2026-09-22T04:33:14Z,7dc8084041b8,Should not lovers they are friends,0,0,0,https://youtube.com/watch?v=ldUTAZBarwc&lc=Ugx4v-YMvtbDcI2YQX54AaABAg,Thalapathy Vijay Trisha,en,Should not lovers they are friends
youtube,comment,UgwwAV9JZpNnHw057Kx4AaABAg,i1BqRYMFS08,2026-09-12 09:09:02+00:00,2026-09-22T13:54:25Z,a173c48986ea,Wawaha super chief minister❤,0,0,0,https://youtube.com/watch?v=i1BqRYMFS08&lc=UgwwAV9JZpNnHw057Kx4AaABAg,Vijay Trisha,en,Wawaha super chief minister❤
youtube,comment,Ugw_ZhZ2QfPTV7SprJN4AaABAg,LtFVk5EKhJM,2026-09-12 09:14:10+00:00,2026-09-22T04:35:07Z,3eeedeafd781,"dey nee serious vera vella iruntha paruda..padhichi iruka, pattu padra, athellam vitutu ipdi mama vela pakatha..ennamo nee velaku pudicha mari pesitu iruka..",1,0,0,https://youtube.com/watch?v=LtFVk5EKhJM&lc=Ugw_ZhZ2QfPTV7SprJN4AaABAg,விஜய் திரிஷா,tanglish,"Don't you seriously want to win, don't you want to win."
youtube,comment,UgzOzyxcbHDkqmOIu-54AaABAg,DUdl8kGBXkE,2026-09-12 10:38:11+00:00,2026-09-22T04:32:45Z,84766564d16b,Where I can watch this show?,1,0,0,https://youtube.com/watch?v=DUdl8kGBXkE&lc=UgzOzyxcbHDkqmOIu-54AaABAg,Vijay Trisha,en,Where I can watch this show?
youtube,comment,UgxE5U6yuQHXY5IIedx4AaABAg,i1BqRYMFS08,2026-09-12 10:46:01+00:00,2026-09-22T13:54:25Z,5910014616bd,Iam from bihar doesn't understand lyrics but song is crazyyy🎉😂,0,0,0,https://youtube.com/watch?v=i1BqRYMFS08&lc=UgxE5U6yuQHXY5IIedx4AaABAg,Vijay Trisha,en,Iam from bihar doesn't understand lyrics but song is crazyyy🎉😂
youtube,comment,UgzvprsvSpaAsiebcix4AaABAg,i1BqRYMFS08,2026-09-12 10:56:04+00:00,2026-09-22T13:54:25Z,903110456617,Vidyasaagar vijay... 🎬🎹🥁🪕🎻🎸🪗🎺🎤🎧🎼,3,0,0,https://youtube.com/watch?v=i1BqRYMFS08&lc=UgzvprsvSpaAsiebcix4AaABAg,Vijay Trisha,en,Vidyasaagar vijay... 🎬🎹🥁🪕🎻🎸🪗🎺🎤🎧🎼
youtube,comment,Ugy_hq3nWNZngApCM3x4AaABAg,i1BqRYMFS08,2026-09-12 15:54:15+00:00,2026-09-22T13:54:25Z,ec3800eb9f03,Bro in movie 💀☠️ bro in real life ☠️💪,0,0,0,https://youtube.com/watch?v=i1BqRYMFS08&lc=Ugy_hq3nWNZngApCM3x4AaABAg,Vijay Trisha,en,Bro in movie 💀☠️ bro in real life ☠️💪
youtube,comment,Ugy2AbAhRrcLjyZhDBV4AaABAg,i1BqRYMFS08,2026-09-12 16:47:03+00:00,2026-09-22T13:54:25Z,ce72fcddc8c4,From Bangladesh.,0,0,0,https://youtube.com/watch?v=i1BqRYMFS08&lc=Ugy2AbAhRrcLjyZhDBV4AaABAg,Vijay Trisha,en,From Bangladesh.
youtube,comment,UgwfQePRttYzkxm7U_F4AaABAg,i1BqRYMFS08,2026-09-12 17:19:06+00:00,2026-09-22T13:54:25Z,c969ac94469e,Vijay Anna sangeetha anni❤❤❤❤❤❤❤❤❤❤❤,0,0,0,https://youtube.com/watch?v=i1BqRYMFS08&lc=UgwfQePRttYzkxm7U_F4AaABAg,Vijay Trisha,en,Vijay Anna sangeetha anni❤❤❤❤❤❤❤❤❤❤❤
youtube,comment,Ugwyu-NCBn2ABW9jbmN4AaABAg,T7w0Scr1bG8,2026-09-12 19:13:53+00:00,2026-09-22T13:54:33Z,611e2d242d94,This is leo movie crew..... Old video.....,0,0,0,https://youtube.com/watch?v=T7w0Scr1bG8&lc=Ugwyu-NCBn2ABW9jbmN4AaABAg,Vijay Trisha,en,This is leo movie crew..... Old video.....
youtube,comment,UgzgGuqzs5e9OvIbUCl4AaABAg,LZP01UodlaU,2026-09-12 20:20:44+00:00,2026-09-22T13:54:18Z,7296c955e0e7,#resignvijay,0,0,0,https://youtube.com/watch?v=LZP01UodlaU&lc=UgzgGuqzs5e9OvIbUCl4AaABAg,Vijay Trisha,en,#resignvijay
youtube,comment,Ugwqvv7X62N2nTid69J4AaABAg,T7w0Scr1bG8,2026-09-13 02:29:55+00:00,2026-09-22T13:54:33Z,32e8afd8e681,Entha mathiri poi video podathinga vijay anna vera sattai pottirunthar avathuru parappuvargal Nalla family piranthavargalaga erukka mattanga,0,0,0,https://youtube.com/watch?v=T7w0Scr1bG8&lc=Ugwqvv7X62N2nTid69J4AaABAg,Vijay Trisha,tanglish,"Don't post any kind of false video, Vijay was wearing Anna Vera shirt, they will spread slander, they will not be born in a good family."
youtube,comment,UgwbMANRVkobbgExkNl4AaABAg,LZP01UodlaU,2026-09-13 03:08:08+00:00,2026-09-22T13:54:18Z,9c3200edd5fd,Oh is vijay is kid he doesn’t that he is married only trisha should be blamed,0,0,0,https://youtube.com/watch?v=LZP01UodlaU&lc=UgwbMANRVkobbgExkNl4AaABAg,Vijay Trisha,en,Oh is vijay is kid he doesn’t that he is married only trisha should be blamed
youtube,comment,UgwHGXKa2adAzf4YaPx4AaABAg,i1BqRYMFS08,2026-09-13 03:08:19+00:00,2026-09-22T13:54:25Z,781c88c8c478,Uttar Pradesh 100%🥰🥰,1,0,0,https://youtube.com/watch?v=i1BqRYMFS08&lc=UgwHGXKa2adAzf4YaPx4AaABAg,Vijay Trisha,en,Uttar Pradesh 100%🥰🥰
youtube,comment,Ugx2z3Ut0mcIiWtZk294AaABAg,i1BqRYMFS08,2026-09-13 03:27:59+00:00,2026-09-22T13:54:25Z,db61ca7f2528,Understand 0% Vibe 100% ❤❤❤❤❤❤❤❤❤❤❤❤❤❤❤❤❤❤❤❤❤❤,1,0,0,https://youtube.com/watch?v=i1BqRYMFS08&lc=Ugx2z3Ut0mcIiWtZk294AaABAg,Vijay Trisha,en,Understand 0% Vibe 100% ❤❤❤❤❤❤❤❤❤❤❤❤❤❤❤❤❤❤❤❤❤❤
youtube,comment,UgyKHZeVFqC9gkYW6yh4AaABAg,i1BqRYMFS08,2026-09-13 03:46:57+00:00,2026-09-22T13:54:25Z,1d50bea7a8df,సాంగ్ రొడ్డ,0,0,0,https://youtube.com/watch?v=i1BqRYMFS08&lc=UgyKHZeVFqC9gkYW6yh4AaABAg,Vijay Trisha,en,సాంగ్ రొడ్డ
youtube,comment,UgyeRPhfPGs7oySy85h4AaABAg,i1BqRYMFS08,2026-09-13 03:51:35+00:00,2026-09-22T13:54:25Z,7c356317accc,❤❤❤❤❤❤🎉🎉🎉🎉🎉🎉,1,0,0,https://youtube.com/watch?v=i1BqRYMFS08&lc=UgyeRPhfPGs7oySy85h4AaABAg,Vijay Trisha,en,❤❤❤❤❤❤🎉🎉🎉🎉🎉🎉
youtube,comment,UgzxzCxI-HVjvEYDhZp4AaABAg,i1BqRYMFS08,2026-09-13 04:16:35+00:00,2026-09-22T13:54:25Z,432053cc1e38,"Understand _100
Vibe 10000❤❤❤",2,0,0,https://youtube.com/watch?v=i1BqRYMFS08&lc=UgzxzCxI-HVjvEYDhZp4AaABAg,Vijay Trisha,en,"Understand _100
Vibe 10000❤❤❤"
youtube,comment,UgxykrwwWOifDHJLcEZ4AaABAg,w0d_bPb3tz4,2026-09-13 04:42:38+00:00,2026-09-22T13:54:32Z,80b3bb914f7f,தமிழ்நாட்டுக்கு முதலீட்டைஈர்க்கப் போகிறேன் என்று மக்கள் வரிப்பணத்தில்  லண்டனுக்கு திரிஷாவுடன் ஹனி மூன் போயிருக்கிறார் தற்குறி முதல்வர் ... இதுதான் முதலீட்டை  ஈர்க்கும் லட்சணமா????😅😅😅😅😅😅,0,0,0,https://youtube.com/watch?v=w0d_bPb3tz4&lc=UgxykrwwWOifDHJLcEZ4AaABAg,Vijay Trisha,ta,The chief minister said that he is going to attract investment to Tamil Nadu with the people's tax money and went to London with Trisha for a honeymoon... Is this the intention to attract investment????
youtube,comment,UgzfLUnJZad6r3YGX1h4AaABAg,w0d_bPb3tz4,2026-09-13 05:01:53+00:00,2026-09-22T13:54:32Z,ca41fe8216af,கேவலத்தை முன்மாதிரியாக காட்டாதீர்கள்,23,0,0,https://youtube.com/watch?v=w0d_bPb3tz4&lc=UgzfLUnJZad6r3YGX1h4AaABAg,Vijay Trisha,ta,Don't model meanness
youtube,comment,Ugx-Yd38hxcyEXXT9Od4AaABAg,w0d_bPb3tz4,2026-09-13 05:04:06+00:00,2026-09-22T13:54:32Z,dc75e65ef19f,நீ முன்னாலே போனா நான் பின்னாலே வாரேன் பாட்டுக்கு தகுந்த மாதிரி இங்கே நடக்குது,15,1,0,https://youtube.com/watch?v=w0d_bPb3tz4&lc=Ugx-Yd38hxcyEXXT9Od4AaABAg,Vijay Trisha,ta,"If you go in front, I will come behind, it is happening here as befits the song"
youtube,comment,UgwcMLAO3RUsLv3yt1N4AaABAg,w0d_bPb3tz4,2026-09-13 05:05:14+00:00,2026-09-22T13:54:32Z,4beec1ac9fa5,Manam ketta jenmam,9,0,0,https://youtube.com/watch?v=w0d_bPb3tz4&lc=UgwcMLAO3RUsLv3yt1N4AaABAg,Vijay Trisha,en,Manam ketta jenmam
youtube,comment,UgwVwYN6-ZYmOehNSJN4AaABAg,w0d_bPb3tz4,2026-09-13 05:07:57+00:00,2026-09-22T13:54:32Z,df9c44db05c8,ஓட்டு போட்டா அத்தனை பேரும் இத நல்லா பாருங்கப்பா ஒரு கிலோ அரிசி 23 ரூபாய் ஏறி இருக்குது சக்கர ஒரு கிலோக்கு 30 ரூபாய் விலையேறி இருக்குது கரண்ட் பில்லு சொல்லவே வேணாம் இன்னும் சமையல் பொருள்கள் அத்தனையும் விலை ஏறிடுச்சு இந்த விலையேற்றத்தை எப்படி கட்டுப்படுத்துவது என்று லண்டனில் டிஸ்கஸ் பண்ணிக்கிட்டு இருக்கிறோம்,32,9,0,https://youtube.com/watch?v=w0d_bPb3tz4&lc=UgwVwYN6-ZYmOehNSJN4AaABAg,Vijay Trisha,ta,"Everyone has voted, this is good, look papa, one kilo of rice has gone up by 23 rupees, the price of rice has gone up by 30 rupees per kilo."
youtube,comment,Ugx19Y2qlpeRm0PLS994AaABAg,w0d_bPb3tz4,2026-09-13 05:13:44+00:00,2026-09-22T13:54:32Z,8b6bf6fad82d,தமிழ்நாடு மக்களை நினைத்தால் கவலையாக உள்ளது,76,1,0,https://youtube.com/watch?v=w0d_bPb3tz4&lc=Ugx19Y2qlpeRm0PLS994AaABAg,Vijay Trisha,ta,Thinking of the people of Tamilnadu is worrying
youtube,comment,UgyT5kaNbM1vPeswmAt4AaABAg,w0d_bPb3tz4,2026-09-13 05:28:11+00:00,2026-09-22T13:54:32Z,22017751445b,விஜய் அண்ணா லண்டன் அலப்பரைக்கு காரணம். Sangeetha mam க்கு திரிஷா கூடத்தான் இருப்பேன் என்பதை தெளிவாக சொல்ல போய் இருக்கார்.ஆனா ஒண்ணு பொண்டாட்டிக்கு துரோகம் செய்பவருக்கு சரியான தண்டனை கடவுள் கொடுக்கும்.கடவுக்கே தண்டனை அனுபவித்து இருக்காங்க அரசன் முதல் ஆண்டி வரைக்கு நீங்க மனிதன்தானே.காலம் சொல்லும்,72,10,0,https://youtube.com/watch?v=w0d_bPb3tz4&lc=UgyT5kaNbM1vPeswmAt4AaABAg,Vijay Trisha,mixed,"Vijay Anna is the reason for the London riot.He had clearly told Sangeetha mam that Trisha would be there too. But God will give the proper punishment to the one who betrays one's son. From the king to Andy, you are only human. Time will tell."
youtube,comment,UgzqjVdaLejll_bavwh4AaABAg,w0d_bPb3tz4,2026-09-13 05:30:31+00:00,2026-09-22T13:54:32Z,37cf2345e2b7,CM Sir we respect what you are doing for TN people but please take control of the Trisha situation. It is very worrying to see that actress alone all the time being in your presence at your public events instead of your wife. So obviously people will talk and judge. Please dont say its your personal as you mentioned you are a member in every family of TN people. We are very happy that your lovely wife have withdrawn the divorce and that is the correct decision to stay with your children and wife when you are the CM now.  Youths of TN are following your advise and you need to lead by example. Moral for CM is looked upon as the most important leadership quality of a leader. You may lose your vote Sir. Please consider this issue as serious for your political career,4,2,0,https://youtube.com/watch?v=w0d_bPb3tz4&lc=UgzqjVdaLejll_bavwh4AaABAg,Vijay Trisha,en,CM Sir we respect what you are doing for TN people but please take control of the Trisha situation. It is very worrying to see that actress alone all the time being in your presence at your public events instead of your wife. So obviously people will talk and judge. Please dont say its your personal as you mentioned you are a member in every family of TN people. We are very happy that your lovely wife have withdrawn the divorce and that is the correct decision to stay with your children and wife when you are the CM now.  Youths of TN are following your advise and you need to lead by example. Moral for CM is looked upon as the most important leadership quality of a leader. You may lose your vote Sir. Please consider this issue as serious for your political career
youtube,comment,Ugxr3lxcinM6LUaUBwV4AaABAg,w0d_bPb3tz4,2026-09-13 05:34:49+00:00,2026-09-22T13:54:32Z,6c33df13deb3,Rompa kashtama irukku bro neenga yen ippadi pannaringa,7,1,0,https://youtube.com/watch?v=w0d_bPb3tz4&lc=Ugxr3lxcinM6LUaUBwV4AaABAg,Vijay Trisha,tanglish,It is very difficult bro why are you doing this
youtube,comment,Ugx2KwWFHezsOMeiZ414AaABAg,w0d_bPb3tz4,2026-09-13 05:42:47+00:00,2026-09-22T13:54:32Z,e267e6864873,Only Sangeetha,23,1,0,https://youtube.com/watch?v=w0d_bPb3tz4&lc=Ugx2KwWFHezsOMeiZ414AaABAg,Vijay Trisha,en,Only Sangeetha
youtube,comment,UgxUvutStymB3R1wHz94AaABAg,w0d_bPb3tz4,2026-09-13 05:44:23+00:00,2026-09-22T13:54:32Z,6dae4dbb21af,Vapoaddi kalham,2,0,0,https://youtube.com/watch?v=w0d_bPb3tz4&lc=UgxUvutStymB3R1wHz94AaABAg,Vijay Trisha,en,Vapoaddi kalham
youtube,comment,UgzmnYIa_vuJ0MPHpap4AaABAg,w0d_bPb3tz4,2026-09-13 05:45:41+00:00,2026-09-22T13:54:32Z,6dae4dbb21af,Aduthava purusanukku Alaum ———-,1,0,0,https://youtube.com/watch?v=w0d_bPb3tz4&lc=UgzmnYIa_vuJ0MPHpap4AaABAg,Vijay Trisha,en,Aduthava purusanukku Alaum ———-
youtube,comment,UgxwvWCOXnFVEd_Qgf94AaABAg,w0d_bPb3tz4,2026-09-13 05:46:24+00:00,2026-09-22T13:54:32Z,b434ae93b41e,Thalapathy sarilla,7,0,0,https://youtube.com/watch?v=w0d_bPb3tz4&lc=UgxwvWCOXnFVEd_Qgf94AaABAg,Vijay Trisha,en,Thalapathy sarilla
youtube,comment,UgxX61TXmQkwLf0jK4Z4AaABAg,w0d_bPb3tz4,2026-09-13 05:46:44+00:00,2026-09-22T13:54:32Z,cbf22adeb64b,காவிரி தண்ணி லண்டன் வரை பாயுது போல 😅,3,0,0,https://youtube.com/watch?v=w0d_bPb3tz4&lc=UgxX61TXmQkwLf0jK4Z4AaABAg,Vijay Trisha,ta,As if Cauvery water flows to London 😅
youtube,comment,Ugzpsj0saj05Io0xJkF4AaABAg,w0d_bPb3tz4,2026-09-13 05:54:37+00:00,2026-09-22T13:54:32Z,4a3605a20aa3,திரிசாவைக் காணோம்னு தான் செய்கை செய்தாயா,1,0,0,https://youtube.com/watch?v=w0d_bPb3tz4&lc=Ugzpsj0saj05Io0xJkF4AaABAg,Vijay Trisha,ta,Did you just say you'll see Trisha?
youtube,comment,UgwQRgLE7olFiK_V9jN4AaABAg,w0d_bPb3tz4,2026-09-13 05:59:02+00:00,2026-09-22T13:54:32Z,a95865756d3a,Ivaru mathalittai eerka poga villai,0,0,0,https://youtube.com/watch?v=w0d_bPb3tz4&lc=UgwQRgLE7olFiK_V9jN4AaABAg,Vijay Trisha,tanglish,He is not going to attract investment
youtube,comment,UgyfKy5MkWyY2WzXsi94AaABAg,i1BqRYMFS08,2026-09-13 06:04:57+00:00,2026-09-22T13:54:25Z,31bb8b7d1203,Love successful 😄,0,0,0,https://youtube.com/watch?v=i1BqRYMFS08&lc=UgyfKy5MkWyY2WzXsi94AaABAg,Vijay Trisha,en,Love successful 😄
youtube,comment,Ugyt0gQ8P4p2Zibmq1J4AaABAg,i1BqRYMFS08,2026-09-13 06:05:25+00:00,2026-09-22T13:54:25Z,31bb8b7d1203,Waiting vijay trisha marraige,0,0,0,https://youtube.com/watch?v=i1BqRYMFS08&lc=Ugyt0gQ8P4p2Zibmq1J4AaABAg,Vijay Trisha,en,Waiting vijay trisha marraige
youtube,comment,UgwQooyvCZol4rc-uHh4AaABAg,w0d_bPb3tz4,2026-09-13 06:10:34+00:00,2026-09-22T13:54:32Z,83e8eb39ca83,"Koothaadikitta Aatchiyai koduthaal  Aatchiyai koothiyaakitta koduppaan
-- By Annadurai",0,0,0,https://youtube.com/watch?v=w0d_bPb3tz4&lc=UgwQooyvCZol4rc-uHh4AaABAg,Vijay Trisha,en,"Koothaadikitta Aatchiyai koduthaal  Aatchiyai koothiyaakitta koduppaan
-- By Annadurai"
youtube,comment,UgwTurKdoFHEmLAnvyp4AaABAg,w0d_bPb3tz4,2026-09-13 06:10:45+00:00,2026-09-22T13:54:32Z,3fa8b6d3441e,Khodumai daa sami,2,0,0,https://youtube.com/watch?v=w0d_bPb3tz4&lc=UgwTurKdoFHEmLAnvyp4AaABAg,Vijay Trisha,en,Khodumai daa sami
youtube,comment,UgyZjnuL109oNmWPE9B4AaABAg,i1BqRYMFS08,2026-09-13 06:14:16+00:00,2026-09-22T13:54:25Z,85631d43de06,❤❤❤😊😊😊😊😊😊👍👍🤗🤗🤗🤗🤗🤗🤗🤗,1,0,0,https://youtube.com/watch?v=i1BqRYMFS08&lc=UgyZjnuL109oNmWPE9B4AaABAg,Vijay Trisha,en,❤❤❤😊😊😊😊😊😊👍👍🤗🤗🤗🤗🤗🤗🤗🤗
youtube,comment,UgzeNb5FvDkVHiXXxe94AaABAg,w0d_bPb3tz4,2026-09-13 06:24:44+00:00,2026-09-22T13:54:32Z,2c59de3ba17b,Thirusakku kundo poddu shavadinko,0,0,0,https://youtube.com/watch?v=w0d_bPb3tz4&lc=UgzeNb5FvDkVHiXXxe94AaABAg,Vijay Trisha,en,Thirusakku kundo poddu shavadinko
youtube,comment,UgzRqxMll2f3sfagVQJ4AaABAg,CRNza2iMSJE,2026-09-13 06:27:07+00:00,2026-09-22T03:58:46Z,3f925fd013b2,Romba kevalamaa irukku.....tamil nadu nenacha,104,0,0,https://youtube.com/watch?v=CRNza2iMSJE&lc=UgzRqxMll2f3sfagVQJ4AaABAg,Vijay Trisha,tanglish,It's so bad.....I miss Tamil Nadu
youtube,comment,UgxKLdxC5g2HIXfY4AN4AaABAg,LZP01UodlaU,2026-09-13 06:28:12+00:00,2026-09-22T13:54:18Z,764fa8822ff3,👁️👄👁️ Actually caption: He was disrespectfully dating a women being a married man. Disrespecting his wife by his behaviour,0,0,0,https://youtube.com/watch?v=LZP01UodlaU&lc=UgxKLdxC5g2HIXfY4AN4AaABAg,Vijay Trisha,en,👁️👄👁️ Actually caption: He was disrespectfully dating a women being a married man. Disrespecting his wife by his behaviour
youtube,comment,Ugw-sOE_qjL_rsOGstt4AaABAg,w0d_bPb3tz4,2026-09-13 06:42:00+00:00,2026-09-22T13:54:32Z,ad5d12670061,Podattikittaye veppattiye koottittu poee katturar super yanaikkum adi sarukum wait and see ethanyo peru aadi mudichittanga ippothu unga aattam evalavu naal parkalam keezha varamal pokathu inemel yarukum vote kidayathu arasiyavadha kollai kumbal😢,2,0,0,https://youtube.com/watch?v=w0d_bPb3tz4&lc=Ugw-sOE_qjL_rsOGstt4AaABAg,Vijay Trisha,en,Podattikittaye veppattiye koottittu poee katturar super yanaikkum adi sarukum wait and see ethanyo peru aadi mudichittanga ippothu unga aattam evalavu naal parkalam keezha varamal pokathu inemel yarukum vote kidayathu arasiyavadha kollai kumbal😢
youtube,comment,UgwHLkyGiejAv6VOuDV4AaABAg,w0d_bPb3tz4,2026-09-13 06:46:05+00:00,2026-09-22T13:54:32Z,c241ee0c457e,Sangeetha ..divya,7,0,0,https://youtube.com/watch?v=w0d_bPb3tz4&lc=UgwHLkyGiejAv6VOuDV4AaABAg,Vijay Trisha,en,Sangeetha ..divya
youtube,comment,UgxFzwbPzEu2stO0AAV4AaABAg,w0d_bPb3tz4,2026-09-13 06:46:42+00:00,2026-09-22T13:54:32Z,5218cb3ea00c,Makkalukaga etha viduga vijay anna,2,0,0,https://youtube.com/watch?v=w0d_bPb3tz4&lc=UgxFzwbPzEu2stO0AAV4AaABAg,Vijay Trisha,en,Makkalukaga etha viduga vijay anna
youtube,comment,Ugy_YANYPoGnL7hVP8F4AaABAg,w0d_bPb3tz4,2026-09-13 06:46:58+00:00,2026-09-22T13:54:32Z,c241ee0c457e,Daughter in London only,0,0,0,https://youtube.com/watch?v=w0d_bPb3tz4&lc=Ugy_YANYPoGnL7hVP8F4AaABAg,Vijay Trisha,en,Daughter in London only
youtube,comment,UgySEAwcEbrjMIjtmBR4AaABAg,w0d_bPb3tz4,2026-09-13 06:47:11+00:00,2026-09-22T13:54:32Z,c241ee0c457e,5 years waste,7,0,0,https://youtube.com/watch?v=w0d_bPb3tz4&lc=UgySEAwcEbrjMIjtmBR4AaABAg,Vijay Trisha,en,5 years waste
youtube,comment,Ugz-yW5cO9AIgKRFWtd4AaABAg,w0d_bPb3tz4,2026-09-13 06:50:27+00:00,2026-09-22T13:54:32Z,b07d889f1146,உங்களுக்கு ஓட்டு போட்ட மக்களை முட்டாளாக்காதீர் தளபதி விஜய் 😡😡😡😡😡,62,3,0,https://youtube.com/watch?v=w0d_bPb3tz4&lc=Ugz-yW5cO9AIgKRFWtd4AaABAg,Vijay Trisha,ta,Do not fool the people who voted for you Commander Vijay 😡😡😡😡😡
youtube,comment,UgyjrYKHEN2-u-UrGJN4AaABAg,w0d_bPb3tz4,2026-09-13 06:50:31+00:00,2026-09-22T13:54:32Z,125312ad3382,திரிஷா பொண்டாட்டி தானே அதுதான் கூடவே கூட்டிக்கொண்டு போனாரு. சங்கீதா தான் பாவம். சினிமாவுக்காக தானே ஓட்டு போட்டாங்க. எங்க அண்ணா சொல்லுறது தான் நாங்க செய்வோம் அவர் செய்றத பார்த்து தான் நாங்கள் செய்வோம் சொன்னாங்க. இப்போ விஜய் இந்த கேவலத்தை செய்றத எல்லாரும் செய்வார்களா?????,0,0,0,https://youtube.com/watch?v=w0d_bPb3tz4&lc=UgyjrYKHEN2-u-UrGJN4AaABAg,Vijay Trisha,ta,"Trisha Bondati herself took it with her.Sangeeta is sin.Vote for the movie itself.They said that we will do what our brother says, but we will do it after seeing that he did not do it.Now everyone who did not do this vijay will do it?????"
youtube,comment,Ugy8tIup4tGKXSUQ6pN4AaABAg,36UIMG2yRDU,2026-09-13 06:55:34+00:00,2026-09-22T04:19:43Z,a529cd7dae56,"They (both) concubine and parmour) are attracting and fetching foreign investments in Britain, for TAMIL NADU 😂😂😂😂😂😂on govt of TN cost and expenses. Only Happens in TAMIL NADU.",0,0,0,https://youtube.com/watch?v=36UIMG2yRDU&lc=Ugy8tIup4tGKXSUQ6pN4AaABAg,Vijay Trisha,en,"They (both) concubine and parmour) are attracting and fetching foreign investments in Britain, for TAMIL NADU 😂😂😂😂😂😂on govt of TN cost and expenses. Only Happens in TAMIL NADU."
youtube,comment,UgyaiCaPA3y36lYXD494AaABAg,LZP01UodlaU,2026-09-13 07:01:34+00:00,2026-09-22T13:54:18Z,39bb4c0bf31a,Trisha not fine dear,0,0,0,https://youtube.com/watch?v=LZP01UodlaU&lc=UgyaiCaPA3y36lYXD494AaABAg,Vijay Trisha,en,Trisha not fine dear
youtube,comment,UgwjKAqPcBll2kWPpF94AaABAg,w0d_bPb3tz4,2026-09-13 07:02:38+00:00,2026-09-22T13:54:32Z,9ccdfb6e667b,"Nalla tanni varapodhu 
London Bridge sonnepa😂",1,0,0,https://youtube.com/watch?v=w0d_bPb3tz4&lc=UgwjKAqPcBll2kWPpF94AaABAg,Vijay Trisha,en,"Nalla tanni varapodhu 
London Bridge sonnepa😂"
youtube,comment,Ugwh1XA0AzTgMhwIUwJ4AaABAg,36UIMG2yRDU,2026-09-13 07:06:42+00:00,2026-09-22T04:19:43Z,2ff6b64aa892,"FRIENDS WITH BENEFITS, NO STRINGS ATTACHED... PANDI ANNACHIS DESTROYING THE NAME OF INDIA",1,0,0,https://youtube.com/watch?v=36UIMG2yRDU&lc=Ugwh1XA0AzTgMhwIUwJ4AaABAg,Vijay Trisha,en,"FRIENDS WITH BENEFITS, NO STRINGS ATTACHED... PANDI ANNACHIS DESTROYING THE NAME OF INDIA"
youtube,comment,Ugy3RxDbWUEUd3CU1_N4AaABAg,36UIMG2yRDU,2026-09-13 07:07:37+00:00,2026-09-22T04:19:43Z,2ff6b64aa892,ISNT HIS REAL WIFE ACTUALY FROM THE UK.. THIS WAS A LOW BLOW,26,2,0,https://youtube.com/watch?v=36UIMG2yRDU&lc=Ugy3RxDbWUEUd3CU1_N4AaABAg,Vijay Trisha,en,ISNT HIS REAL WIFE ACTUALY FROM THE UK.. THIS WAS A LOW BLOW
youtube,comment,UgwbgrICfXd4dXFoq454AaABAg,36UIMG2yRDU,2026-09-13 07:11:38+00:00,2026-09-22T04:19:43Z,d419f004c3be,😅 The fellow who filmed this will be arrested....,28,1,0,https://youtube.com/watch?v=36UIMG2yRDU&lc=UgwbgrICfXd4dXFoq454AaABAg,Vijay Trisha,en,😅 The fellow who filmed this will be arrested....
youtube,comment,UgwPfODW-116LN4qW-l4AaABAg,w0d_bPb3tz4,2026-09-13 07:11:50+00:00,2026-09-22T13:54:32Z,ee86f3b04dde,ஏண்டா AI கிராபிக்ஸ் போட்டு ஏண்டா உயிரே எடுக்கிறீங்க,1,1,0,https://youtube.com/watch?v=w0d_bPb3tz4&lc=UgwPfODW-116LN4qW-l4AaABAg,Vijay Trisha,mixed,Why don't you put AI graphics and take life?
youtube,comment,UgwFpmYmQI_sP1_wCnp4AaABAg,CRNza2iMSJE,2026-09-13 07:14:26+00:00,2026-09-22T03:58:46Z,fda3aaa6ea47,"ஏன் சென்னையிலே இருந்த தனது மகனை சுதந்திர தின விழாவிற்கு அப்பா அழைத்து இருக்கலாமே
அவர்கள் என்ன தப்பு செய்தார்கள்",322,15,0,https://youtube.com/watch?v=CRNza2iMSJE&lc=UgwFpmYmQI_sP1_wCnp4AaABAg,Vijay Trisha,ta,"Why did the father invite his son who was in Chennai to the Independence Day celebration?
What did they do wrong?"
youtube,comment,UgxaMMb7yS7I0GaVkz94AaABAg,w0d_bPb3tz4,2026-09-13 07:17:07+00:00,2026-09-22T13:54:32Z,0d54eb637538,Vijay worst,6,1,0,https://youtube.com/watch?v=w0d_bPb3tz4&lc=UgxaMMb7yS7I0GaVkz94AaABAg,Vijay Trisha,en,Vijay worst
youtube,comment,UgxvR46pvmn2VSjm1fJ4AaABAg,36UIMG2yRDU,2026-09-13 07:19:27+00:00,2026-09-22T04:19:43Z,bf3ed40a2457,"Will this accelerate Tamil Nadu’s economy? It has already boomed on Instagram, and now the Instagrammers from the North will boom it even further! What will you call this—fascism or payasam?

I expect Mr. Vijay to respect the sentiments of the people of Tamil Nadu. He cannot mock them with such performances. Tamil Nadu is already carrying one of the highest debt burdens among Indian states, crossing ₹10 lakh crore, while enormous amounts of public money continue to be spent on freebies and populist schemes.

Against this financial backdrop, is it really necessary for Mr. Vijay to spend around ₹7 crore on himself and his team to attend a car race, supposedly in the name of attracting investments? If the objective is genuinely to attract investment, there must be a clear economic justification for such expenditure. Otherwise, it is nothing but wasteful spending and a display of poor financial management.

Perhaps such performances are the maximum the people of Tamil Nadu can expect from Mr. Vijay, the actor-turned-Chief Minister.",19,5,0,https://youtube.com/watch?v=36UIMG2yRDU&lc=UgxvR46pvmn2VSjm1fJ4AaABAg,Vijay Trisha,en,"Will this accelerate Tamil Nadu’s economy? It has already boomed on Instagram, and now the Instagrammers from the North will boom it even further! What will you call this—fascism or payasam?

I expect Mr. Vijay to respect the sentiments of the people of Tamil Nadu. He cannot mock them with such performances. Tamil Nadu is already carrying one of the highest debt burdens among Indian states, crossing ₹10 lakh crore, while enormous amounts of public money continue to be spent on freebies and populist schemes.

Against this financial backdrop, is it really necessary for Mr. Vijay to spend around ₹7 crore on himself and his team to attend a car race, supposedly in the name of attracting investments? If the objective is genuinely to attract investment, there must be a clear economic justification for such expenditure. Otherwise, it is nothing but wasteful spending and a display of poor financial management.

Perhaps such performances are the maximum the people of Tamil Nadu can expect from Mr. Vijay, the actor-turned-Chief Minister."
youtube,comment,UgweVO90gVmHJ2fg3ql4AaABAg,w0d_bPb3tz4,2026-09-13 07:21:13+00:00,2026-09-22T13:54:32Z,11801d1fda07,ஏண்டா சினிமா வெறி பிடித்த பைத்தியங்களா? இந்த வீடியோவை பார்த்தீங்களா? உங்களுக்கெல்லாம் அவமானம் எதுவுமே கிடையாதா? நீங்க எல்லாம் நல்ல குடும்பத்தில் தான் பிறந்தவங்களா?,0,0,0,https://youtube.com/watch?v=w0d_bPb3tz4&lc=UgweVO90gVmHJ2fg3ql4AaABAg,Vijay Trisha,ta,Are you crazy movie fanatics?Have you seen this video?Do you all have no shame?Are you all born in a good family?
youtube,comment,UgxeLxF0JXfD9_fLTy54AaABAg,CRNza2iMSJE,2026-09-13 07:22:54+00:00,2026-09-22T03:58:46Z,8b6bf6fad82d,என்ன படம் பெயர் சொல்லலியே,2,0,0,https://youtube.com/watch?v=CRNza2iMSJE&lc=UgxeLxF0JXfD9_fLTy54AaABAg,Vijay Trisha,ta,Don't tell me the name of the movie
youtube,comment,Ugz5SYVye9Tgbfy2BDJ4AaABAg,CRNza2iMSJE,2026-09-13 07:23:23+00:00,2026-09-22T03:58:46Z,6a54ea505ced,Trisha vijay super pair ❤❤❤,5,11,0,https://youtube.com/watch?v=CRNza2iMSJE&lc=Ugz5SYVye9Tgbfy2BDJ4AaABAg,Vijay Trisha,en,Trisha vijay super pair ❤❤❤
youtube,comment,Ugy5QxDwu-AZjhzqMcp4AaABAg,36UIMG2yRDU,2026-09-13 07:25:11+00:00,2026-09-22T04:19:43Z,11801d1fda07,இவனுக்கெல்லாம் கடவுள் ஒரு தண்டனை கூட கொடுக்க மாட்டார் போல. நல்ல குடும்பத்தை நாசமாக்கும் நாசகாரி,0,0,0,https://youtube.com/watch?v=36UIMG2yRDU&lc=Ugy5QxDwu-AZjhzqMcp4AaABAg,Vijay Trisha,ta,As if God will not even give a punishment to all of them.A saboteur who destroys a good family
youtube,comment,Ugw4__NAHEHjENBY-3Z4AaABAg,36UIMG2yRDU,2026-09-13 07:28:16+00:00,2026-09-22T04:19:43Z,6604f02ee003,I wanna slap both of them😡😡😡😡😡😡,0,0,0,https://youtube.com/watch?v=36UIMG2yRDU&lc=Ugw4__NAHEHjENBY-3Z4AaABAg,Vijay Trisha,en,I wanna slap both of them😡😡😡😡😡😡
youtube,comment,Ugx-ZehGQt0uwLGXUyV4AaABAg,w0d_bPb3tz4,2026-09-13 07:33:54+00:00,2026-09-22T13:54:32Z,02177d285e17,விஜய் திரிஷா கூட ஜோடி போட்டுட்டு வந்த மாதிரி பேசறீங்க.,2,4,0,https://youtube.com/watch?v=w0d_bPb3tz4&lc=Ugx-ZehGQt0uwLGXUyV4AaABAg,Vijay Trisha,ta,You are talking as if Vijay Trisha has also paired up.
youtube,comment,UgyNYFGxjfWhwQcaaUd4AaABAg,36UIMG2yRDU,2026-09-13 07:38:17+00:00,2026-09-22T04:19:43Z,d419f004c3be,"😅 These two don't behave themselves, people talk about it and then you arrest everyone...",62,2,0,https://youtube.com/watch?v=36UIMG2yRDU&lc=UgyNYFGxjfWhwQcaaUd4AaABAg,Vijay Trisha,en,"😅 These two don't behave themselves, people talk about it and then you arrest everyone..."
youtube,comment,UgwdlvN_212JekOxq5R4AaABAg,36UIMG2yRDU,2026-09-13 07:45:33+00:00,2026-09-22T04:19:43Z,f3ec3f63388d,சோசப்பு 'தொழில்' முதலீடுகளை ஈர்க்கும் முறை! 😂,10,0,0,https://youtube.com/watch?v=36UIMG2yRDU&lc=UgwdlvN_212JekOxq5R4AaABAg,Vijay Trisha,ta,Sosappu 'business' method of attracting investments!😂
youtube,comment,UgyRIgabfVsLnJSwUoJ4AaABAg,w0d_bPb3tz4,2026-09-13 07:48:53+00:00,2026-09-22T13:54:32Z,8fbc22cbfe9f,Thumbnail image ah enda ipadi create panni vachurukinga,0,0,0,https://youtube.com/watch?v=w0d_bPb3tz4&lc=UgyRIgabfVsLnJSwUoJ4AaABAg,Vijay Trisha,en,Thumbnail image ah enda ipadi create panni vachurukinga
youtube,comment,UgxAHcmK6VjzJoJaBlp4AaABAg,CRNza2iMSJE,2026-09-13 08:00:22+00:00,2026-09-22T03:58:46Z,0a4337c83556,Romba trishavuku muttukodu kathinga bailvan sir,21,0,0,https://youtube.com/watch?v=CRNza2iMSJE&lc=UgxAHcmK6VjzJoJaBlp4AaABAg,Vijay Trisha,en,Romba trishavuku muttukodu kathinga bailvan sir
youtube,comment,UgwDSHJROWtUkGlZ6gJ4AaABAg,w0d_bPb3tz4,2026-09-13 08:04:51+00:00,2026-09-22T13:54:32Z,02177d285e17,ஏஐ வந்தாலும் வந்தது. அட்டகாசம் தாங்க முடியல.,0,1,0,https://youtube.com/watch?v=w0d_bPb3tz4&lc=UgwDSHJROWtUkGlZ6gJ4AaABAg,Vijay Trisha,ta,AI came anyway.Can't stand the hype.
youtube,comment,Ugxt82j9RbR2ERDrtmt4AaABAg,w0d_bPb3tz4,2026-09-13 08:07:27+00:00,2026-09-22T13:54:32Z,276f1a0e907c,Seriously dis is the disgusting side of cm sir always trisha appearance   created the bad impression.... Unhappy 💯,23,1,0,https://youtube.com/watch?v=w0d_bPb3tz4&lc=Ugxt82j9RbR2ERDrtmt4AaABAg,Vijay Trisha,en,Seriously dis is the disgusting side of cm sir always trisha appearance   created the bad impression.... Unhappy 💯
youtube,comment,UgydhRlhu1aIqTFAA9t4AaABAg,w0d_bPb3tz4,2026-09-13 08:08:44+00:00,2026-09-22T13:54:32Z,242cb68643e6,"பொருட்களின் விலைவாசி அதிகரித்துக் கொண்டே இருக்கிறது மக்களின் நிலை மிக மோசமாகிக் கொண்டிருக்கிறது 
மக்களே சினிமா மோகத்தில் இருந்து வெளியே வந்து ரியாலிட்டியை பாருங்கள். No culture",5,1,0,https://youtube.com/watch?v=w0d_bPb3tz4&lc=UgydhRlhu1aIqTFAA9t4AaABAg,Vijay Trisha,mixed,"The prices of goods are increasing and the condition of people is getting worse
People come out of the movie craze and watch reality.No culture"
youtube,comment,UgyPRCT74DPeckuYwHN4AaABAg,w0d_bPb3tz4,2026-09-13 08:20:54+00:00,2026-09-22T13:54:32Z,e32245a00f4b,எனக்கு தெரிந்து விஜய் திரிஷா விட்டு விலகி போற மாதிரி தான் தெரியுது திரிஷா தான் விஜய் பக்கத்துல வந்து நின்ன மாதிரி தெரிது,8,5,0,https://youtube.com/watch?v=w0d_bPb3tz4&lc=UgyPRCT74DPeckuYwHN4AaABAg,Vijay Trisha,ta,"As far as I know, Vijay seems to be leaving Trisha."
youtube,comment,UgzQERPjrzck-uQzQg54AaABAg,w0d_bPb3tz4,2026-09-13 08:23:28+00:00,2026-09-22T13:54:32Z,61136ca489c4,Saniyane enga annan enga ponalum palli mari ottite varuviya vekkam me illaya d saniya,5,1,0,https://youtube.com/watch?v=w0d_bPb3tz4&lc=UgzQERPjrzck-uQzQg54AaABAg,Vijay Trisha,tanglish,"No matter where Saniyane Annan goes, she is proud to be with Mary at school"
youtube,comment,Ugy3S68xwHBvNXzRVtt4AaABAg,w0d_bPb3tz4,2026-09-13 08:24:48+00:00,2026-09-22T13:54:32Z,389d1605f4c2,TVK கட்சிக்கு ஓட்டு போட்ட மக்களை முட்டாள் என்று நினைக்க வைத்து விட்டார் முதல்வர் விஜய் அவர்கள்,145,8,0,https://youtube.com/watch?v=w0d_bPb3tz4&lc=Ugy3S68xwHBvNXzRVtt4AaABAg,Vijay Trisha,mixed,Chief Minister Vijay has made the people who voted for TVK party to be fools
youtube,comment,Ugw16YtURBajY9mLG7d4AaABAg,CRNza2iMSJE,2026-09-13 08:27:08+00:00,2026-09-22T03:58:46Z,da44bc61cf34,Virat kohli kuda anga dhan irukaru,4,3,0,https://youtube.com/watch?v=CRNza2iMSJE&lc=Ugw16YtURBajY9mLG7d4AaABAg,Vijay Trisha,en,Virat kohli kuda anga dhan irukaru
youtube,comment,UgzfikxpuHXOiQEjHP14AaABAg,w0d_bPb3tz4,2026-09-13 08:34:09+00:00,2026-09-22T13:54:32Z,733db07b2316,வெறுப்பா இருக்கு,18,0,0,https://youtube.com/watch?v=w0d_bPb3tz4&lc=UgzfikxpuHXOiQEjHP14AaABAg,Vijay Trisha,ta,There is hatred
youtube,comment,UgzNk3j8h1Ow6YTW2E14AaABAg,CRNza2iMSJE,2026-09-13 08:35:37+00:00,2026-09-22T03:58:46Z,0a56a3589885,இது என்ன கேள்வி விஜய் தமிழ் நாடு CM துணை CM Thrisha தமிழ் நாடு நிலை அய்யோ பாவம்,37,2,0,https://youtube.com/watch?v=CRNza2iMSJE&lc=UgzNk3j8h1Ow6YTW2E14AaABAg,Vijay Trisha,mixed,What is this question Vijay Tamil Nadu CM Deputy CM Thrisha Tamil Nadu Status Oh sorry
youtube,comment,UgwWM32YMlTq9RyQV-h4AaABAg,CRNza2iMSJE,2026-09-13 08:36:28+00:00,2026-09-22T03:58:46Z,0a56a3589885,விஜய் க்கு TVK hoo hoo hoo 😢 சங்கு ஊத வேண்டும் சீக்கிரம் ஊதலாமே😢,86,7,0,https://youtube.com/watch?v=CRNza2iMSJE&lc=UgwWM32YMlTq9RyQV-h4AaABAg,Vijay Trisha,mixed,TVK hoo hoo hoo for Vijay 😢 I want to blow the conch please blow it soon 😢
youtube,comment,Ugz1WjtWikcVPM3CM5t4AaABAg,w0d_bPb3tz4,2026-09-13 08:42:01+00:00,2026-09-22T13:54:32Z,329599c4eb75,என் நெஞ்சில் குடியிருக்கும்..... என் நெஞ்சில் குடியிருந்த.... என ஆகாமல் பார்த்துக் கொள்ளுங்கள் pl,4,0,0,https://youtube.com/watch?v=w0d_bPb3tz4&lc=Ugz1WjtWikcVPM3CM5t4AaABAg,Vijay Trisha,mixed,Please take care not to become like...
youtube,comment,UgwS_Sow6TJmOhvTpOd4AaABAg,CRNza2iMSJE,2026-09-13 08:44:32+00:00,2026-09-22T03:58:46Z,243908b3a754,"Cm vijay sir what you spoke about women is good, ""pengalai thavaraga pesakudathu"". But how  are you treating your wife SANGEETHA. change your attitude otherwise your political carrier will come down. People will teach you. Sanjai was standing on the stage alone for his first film without family (because of this lady trisha). Cm Vijay is giving space to that lady only",17,4,0,https://youtube.com/watch?v=CRNza2iMSJE&lc=UgwS_Sow6TJmOhvTpOd4AaABAg,Vijay Trisha,en,"Cm vijay sir what you spoke about women is good, ""pengalai thavaraga pesakudathu"". But how  are you treating your wife SANGEETHA. change your attitude otherwise your political carrier will come down. People will teach you. Sanjai was standing on the stage alone for his first film without family (because of this lady trisha). Cm Vijay is giving space to that lady only"
youtube,comment,Ugz2PW_l5fLmQROY8Cl4AaABAg,CRNza2iMSJE,2026-09-13 08:44:46+00:00,2026-09-22T03:58:46Z,9a3e7bf4e945,த்ரிஷாவோடு முதலீடு செய்ய...........,29,1,0,https://youtube.com/watch?v=CRNza2iMSJE&lc=Ugz2PW_l5fLmQROY8Cl4AaABAg,Vijay Trisha,ta,Invest with Trisha
youtube,comment,UgyMIay6kSzRGKw3dal4AaABAg,w0d_bPb3tz4,2026-09-13 08:55:50+00:00,2026-09-22T13:54:32Z,8bac41a32db3,Stupid trisha hate her  she will spoil the career of vijay,0,0,0,https://youtube.com/watch?v=w0d_bPb3tz4&lc=UgyMIay6kSzRGKw3dal4AaABAg,Vijay Trisha,en,Stupid trisha hate her  she will spoil the career of vijay
youtube,comment,UgyMM0MgZmSGZ9KYXC94AaABAg,w0d_bPb3tz4,2026-09-13 09:19:31+00:00,2026-09-22T13:54:32Z,23fbe1ebbb3f,"சுதந்திர விழாவில் திரிஷாவை பார்த்து சல்யூட் அடித்து இருக்கிறார் 
விஜய் 
இதற்கு மேல் என்ன செய்ய",34,2,0,https://youtube.com/watch?v=w0d_bPb3tz4&lc=UgyMM0MgZmSGZ9KYXC94AaABAg,Vijay Trisha,ta,"He salutes Trisha at the independence ceremony
Vijay
What more to do"
youtube,comment,UgxBT_dRRV0NZurhx0N4AaABAg,w0d_bPb3tz4,2026-09-13 09:21:10+00:00,2026-09-22T13:54:32Z,76f6a99891e1,மக்கள்  சினிமா  மோகத்தில்  இருந்தால்  தலைவன்  எப்படி,45,0,0,https://youtube.com/watch?v=w0d_bPb3tz4&lc=UgxBT_dRRV0NZurhx0N4AaABAg,Vijay Trisha,ta,"If people are in love with cinema, how about a leader?"
youtube,comment,Ugw3foBB8mJncKWxXu94AaABAg,w0d_bPb3tz4,2026-09-13 09:26:54+00:00,2026-09-22T13:54:32Z,6f1f03a7f7d8,விஜய் ரவி மோகன்  தலைக்கு மேல வளர்ந்த பிள்ளைகள் இருக்கிறார்கள் இது உங்கள மாதிரி கூத்தாடிகளுக்கு புதுசு கிடையாது  பப்ளிக்கில் வரும் போது எங்களுக்கு அசிங்கமா இருக்கு,0,0,0,https://youtube.com/watch?v=w0d_bPb3tz4&lc=Ugw3foBB8mJncKWxXu94AaABAg,Vijay Trisha,ta,"Vijay Ravi Mohan has grown children over his head, this is not new for you guys, we feel ugly when they come out in public."
youtube,comment,Ugw6lHJcoEyvI3tdh7p4AaABAg,36UIMG2yRDU,2026-09-13 09:31:18+00:00,2026-09-22T04:19:43Z,b3fcc4b892f6,She intentionally following him 😢😢,20,2,0,https://youtube.com/watch?v=36UIMG2yRDU&lc=Ugw6lHJcoEyvI3tdh7p4AaABAg,Vijay Trisha,en,She intentionally following him 😢😢
youtube,comment,UgyIT_U9pyyehNIJmM94AaABAg,w0d_bPb3tz4,2026-09-13 09:32:14+00:00,2026-09-22T13:54:32Z,b3fcc4b892f6,She intentionally following him 😢,6,1,0,https://youtube.com/watch?v=w0d_bPb3tz4&lc=UgyIT_U9pyyehNIJmM94AaABAg,Vijay Trisha,en,She intentionally following him 😢
youtube,comment,UgyLmfkXDWwAWUMo1Ix4AaABAg,w0d_bPb3tz4,2026-09-13 09:39:37+00:00,2026-09-22T13:54:32Z,cdafdbcbb4d8,ஊரான்வீட்டுநெய்லலண்டன்பயணம்,0,0,0,https://youtube.com/watch?v=w0d_bPb3tz4&lc=UgyLmfkXDWwAWUMo1Ix4AaABAg,Vijay Trisha,ta,A trip to Uranweet and Naila to London
youtube,comment,UgwYFOkRft5d4eFtlJ14AaABAg,w0d_bPb3tz4,2026-09-13 09:41:38+00:00,2026-09-22T13:54:32Z,f9657e76c194,Don't like trisha,7,0,0,https://youtube.com/watch?v=w0d_bPb3tz4&lc=UgwYFOkRft5d4eFtlJ14AaABAg,Vijay Trisha,en,Don't like trisha
youtube,comment,UgzRy9uTVv5B7QO5D1R4AaABAg,CRNza2iMSJE,2026-09-13 09:44:17+00:00,2026-09-22T03:58:46Z,ecbc51085f60,Trisha sooniya kari,80,1,0,https://youtube.com/watch?v=CRNza2iMSJE&lc=UgzRy9uTVv5B7QO5D1R4AaABAg,Vijay Trisha,en,Trisha sooniya kari
youtube,comment,UgyZ8_-Bk__w86HrLMV4AaABAg,CRNza2iMSJE,2026-09-13 09:45:38+00:00,2026-09-22T03:58:46Z,efd8c2c5a1e5,Prefer Trisha,1,0,0,https://youtube.com/watch?v=CRNza2iMSJE&lc=UgyZ8_-Bk__w86HrLMV4AaABAg,Vijay Trisha,en,Prefer Trisha
youtube,comment,UgwDC07QqVwPbDs5nOx4AaABAg,i1BqRYMFS08,2026-09-13 09:51:39+00:00,2026-09-22T13:54:25Z,e9ef98200c7d,Miss you Thalapathy 🙂💗😭,2,0,0,https://youtube.com/watch?v=i1BqRYMFS08&lc=UgwDC07QqVwPbDs5nOx4AaABAg,Vijay Trisha,en,Miss you Thalapathy 🙂💗😭
youtube,comment,UgzE8OcFE4Jn5APvAkh4AaABAg,w0d_bPb3tz4,2026-09-13 09:56:57+00:00,2026-09-22T13:54:32Z,ab03907ee6f3,உங்க  தலைவர் உங்களுக்கு காட்டும் பாதையில்  தொண்டர்கள்... வீறுநடை போட வேண்டும்..,15,2,0,https://youtube.com/watch?v=w0d_bPb3tz4&lc=UgzE8OcFE4Jn5APvAkh4AaABAg,Vijay Trisha,ta,Volunteers should walk in the path shown by your leader..
youtube,comment,UgzXAMt8Vr6m3E6Y2_54AaABAg,CRNza2iMSJE,2026-09-13 09:59:58+00:00,2026-09-22T03:58:46Z,bcfc6a06f525,நீ தான் தைரியமான ஆளாச்சே….. சொல்லி தான் பாரேன்….,19,1,0,https://youtube.com/watch?v=CRNza2iMSJE&lc=UgzXAMt8Vr6m3E6Y2_54AaABAg,Vijay Trisha,ta,You are a brave person….
youtube,comment,UgwSDT1wvhVwJSqIJLZ4AaABAg,w0d_bPb3tz4,2026-09-13 10:10:45+00:00,2026-09-22T13:54:32Z,404dfc72f873,More than 20 crores crores of rupees may be wasted.....,2,0,0,https://youtube.com/watch?v=w0d_bPb3tz4&lc=UgwSDT1wvhVwJSqIJLZ4AaABAg,Vijay Trisha,en,More than 20 crores crores of rupees may be wasted.....
youtube,comment,UgwD7adwxal3n5mH9oV4AaABAg,CRNza2iMSJE,2026-09-13 10:10:50+00:00,2026-09-22T03:58:46Z,ab98fd4f1d53,"Trisha seems to be psychologically affected by men leaving her, including Rana and Varun refusing to marry her and a few other men walking away. Perhaps this is why she seems determined to ruin Vijay’s family and cannot stand seeing other women being happy.",19,1,0,https://youtube.com/watch?v=CRNza2iMSJE&lc=UgwD7adwxal3n5mH9oV4AaABAg,Vijay Trisha,en,"Trisha seems to be psychologically affected by men leaving her, including Rana and Varun refusing to marry her and a few other men walking away. Perhaps this is why she seems determined to ruin Vijay’s family and cannot stand seeing other women being happy."
youtube,comment,UgzlPT3HaKljqo3GwFN4AaABAg,w0d_bPb3tz4,2026-09-13 10:13:10+00:00,2026-09-22T13:54:32Z,a7e756b13fd9,saniyan of tamil nadu 😢😢😢😢😢,10,0,0,https://youtube.com/watch?v=w0d_bPb3tz4&lc=UgzlPT3HaKljqo3GwFN4AaABAg,Vijay Trisha,en,saniyan of tamil nadu 😢😢😢😢😢
youtube,comment,UgxeoihnQ1_2K2jwJMZ4AaABAg,ldUTAZBarwc,2026-09-13 10:17:02+00:00,2026-09-22T04:33:14Z,0610bf2e067a,கட்டின பொண்டாட்டிக்கு துரோகம் பண்ற,0,0,0,https://youtube.com/watch?v=ldUTAZBarwc&lc=UgxeoihnQ1_2K2jwJMZ4AaABAg,Thalapathy Vijay Trisha,ta,To betray Katina Bondati
youtube,comment,UgzpABi1-qGciK2iye94AaABAg,36UIMG2yRDU,2026-09-13 10:20:57+00:00,2026-09-22T04:19:43Z,a4ce6f53c2cd,"What she is doing is too much.... 
He called you, you came, Enjoy in private no problem, after all one life...",3,0,0,https://youtube.com/watch?v=36UIMG2yRDU&lc=UgzpABi1-qGciK2iye94AaABAg,Vijay Trisha,en,"What she is doing is too much.... 
He called you, you came, Enjoy in private no problem, after all one life..."
youtube,comment,UgwpJt9FD0apw0r9Wk94AaABAg,w0d_bPb3tz4,2026-09-13 10:21:33+00:00,2026-09-22T13:54:32Z,524518721218,கூத்தாடிகளை நம்பி நாட்டைக்கொடுத்த மக்களே பாருங்கள் அவன் மக்கள் பணத்தில் எப்படி உல்லாசமாக  காதலியோடு உலகத்தை சுத்துறான் என்று...,52,3,0,https://youtube.com/watch?v=w0d_bPb3tz4&lc=UgwpJt9FD0apw0r9Wk94AaABAg,Vijay Trisha,ta,"People who gave their country by trusting the swindlers, see how he is frolicking around the world with his girlfriend with people's money..."
youtube,comment,Ugwa9oXgksOTHGn9Eml4AaABAg,w0d_bPb3tz4,2026-09-13 10:22:03+00:00,2026-09-22T13:54:32Z,7808e8ea119b,இந்தாள நம்பியா மக்கள் சிலர் ஓட்டு போட்டாங்க. நாடு நாசமா போச்சி.,15,2,0,https://youtube.com/watch?v=w0d_bPb3tz4&lc=Ugwa9oXgksOTHGn9Eml4AaABAg,Vijay Trisha,ta,Some Indian Nambia people cast their votes.The country is ruined.
youtube,comment,Ugw3ftvOvK3yUBznAU14AaABAg,36UIMG2yRDU,2026-09-13 10:24:57+00:00,2026-09-22T04:19:43Z,5122b4b03dcf,The hero purposely sending message to his fans and to Tamilnadu voters to accept her politically and personally.,15,1,0,https://youtube.com/watch?v=36UIMG2yRDU&lc=Ugw3ftvOvK3yUBznAU14AaABAg,Vijay Trisha,en,The hero purposely sending message to his fans and to Tamilnadu voters to accept her politically and personally.
youtube,comment,UgwcLUgBzQb2IGxn_0d4AaABAg,CRNza2iMSJE,2026-09-13 10:27:34+00:00,2026-09-22T03:58:46Z,d5c9e44a4bc1,Kezhavan kezhuvi tholla thanga mudeyala. Aavana cm a 0.001% kuda yaethukalam but entha kezhuviyoda pakarapa vayla nalla varuthu 🤬🤬🤬🤬,0,0,0,https://youtube.com/watch?v=CRNza2iMSJE&lc=UgwcLUgBzQb2IGxn_0d4AaABAg,Vijay Trisha,en,Kezhavan kezhuvi tholla thanga mudeyala. Aavana cm a 0.001% kuda yaethukalam but entha kezhuviyoda pakarapa vayla nalla varuthu 🤬🤬🤬🤬
youtube,comment,UgzXNkS64zy8pkPYN_t4AaABAg,w0d_bPb3tz4,2026-09-13 10:31:28+00:00,2026-09-22T13:54:32Z,0562072a2bf1,Same Colour Dress 😢,4,0,0,https://youtube.com/watch?v=w0d_bPb3tz4&lc=UgzXNkS64zy8pkPYN_t4AaABAg,Vijay Trisha,en,Same Colour Dress 😢
youtube,comment,UgxRRgH65oCMWnTiPjp4AaABAg,36UIMG2yRDU,2026-09-13 10:34:11+00:00,2026-09-22T04:19:43Z,4996a6275cd8,Trisha is intentionally doing,22,2,0,https://youtube.com/watch?v=36UIMG2yRDU&lc=UgxRRgH65oCMWnTiPjp4AaABAg,Vijay Trisha,en,Trisha is intentionally doing
youtube,comment,Ugwp-TamsRidMft6je14AaABAg,w0d_bPb3tz4,2026-09-13 10:35:42+00:00,2026-09-22T13:54:32Z,4dbde282afec,Drees kodu onnu kevalam,9,0,0,https://youtube.com/watch?v=w0d_bPb3tz4&lc=Ugwp-TamsRidMft6je14AaABAg,Vijay Trisha,en,Drees kodu onnu kevalam
youtube,comment,UgzFnTDBamUOU5AHNol4AaABAg,CRNza2iMSJE,2026-09-13 10:42:49+00:00,2026-09-22T03:58:46Z,e41780d28348,"I think VIJAY is unhappy with Sangeetha because she did not stand with him during his hard times like KARUR incident, instead she brought more stress to him by bringing the divorce case....son is using VIJAY ANNA'S Name for fame... 
 Wife is not giving permission for the  children to communicate with VIJAY,  so he is very hurt I guess..
he is a person who will keep all his sorrow in his mind.. POOR thing😢",6,2,0,https://youtube.com/watch?v=CRNza2iMSJE&lc=UgzFnTDBamUOU5AHNol4AaABAg,Vijay Trisha,en,"I think VIJAY is unhappy with Sangeetha because she did not stand with him during his hard times like KARUR incident, instead she brought more stress to him by bringing the divorce case....son is using VIJAY ANNA'S Name for fame... 
 Wife is not giving permission for the  children to communicate with VIJAY,  so he is very hurt I guess..
he is a person who will keep all his sorrow in his mind.. POOR thing😢"
youtube,comment,UgyQ9kUDnlGh_T8esU14AaABAg,w0d_bPb3tz4,2026-09-13 10:46:00+00:00,2026-09-22T13:54:32Z,ab98fd4f1d53,"Trisha seems to be psychologically affected by men leaving her, including Rana and Varun refusing to marry her and a few other men walking away. Perhaps this is why she seems determined to ruin Vijay’s family and cannot stand seeing other women being happy.",6,0,0,https://youtube.com/watch?v=w0d_bPb3tz4&lc=UgyQ9kUDnlGh_T8esU14AaABAg,Vijay Trisha,en,"Trisha seems to be psychologically affected by men leaving her, including Rana and Varun refusing to marry her and a few other men walking away. Perhaps this is why she seems determined to ruin Vijay’s family and cannot stand seeing other women being happy."
youtube,comment,UgyLA3I4KDl5Lmsc7qp4AaABAg,w0d_bPb3tz4,2026-09-13 10:46:04+00:00,2026-09-22T13:54:32Z,a3bfeddc69eb,கூத்தியாகூட இப்படிவெட்கமேஇல்லாமஜோடிபோட்டுசுத்துறவனமுதலமைச்சராக்குனமக்களையும் கூட்டணிகாரனுகளையும்நினைச்சாதான்பத்திகிட்டுவருது,0,0,0,https://youtube.com/watch?v=w0d_bPb3tz4&lc=UgyLA3I4KDl5Lmsc7qp4AaABAg,Vijay Trisha,ta,"Even Koothiya, such a shameless pair brings to mind the Chief Ministers and their allies."
youtube,comment,Ugwb4vUiM0GwkVgYxaN4AaABAg,w0d_bPb3tz4,2026-09-13 10:48:51+00:00,2026-09-22T13:54:32Z,ff5fca5c11d6,She plan and doing,5,0,0,https://youtube.com/watch?v=w0d_bPb3tz4&lc=Ugwb4vUiM0GwkVgYxaN4AaABAg,Vijay Trisha,en,She plan and doing
youtube,comment,UgwWRQNuii0NCJJJhl54AaABAg,w0d_bPb3tz4,2026-09-13 10:50:09+00:00,2026-09-22T13:54:32Z,b5c3b79781b9,Aval oru pacha,0,0,0,https://youtube.com/watch?v=w0d_bPb3tz4&lc=UgwWRQNuii0NCJJJhl54AaABAg,Vijay Trisha,en,Aval oru pacha
youtube,comment,UgwdrZ1XS0L4-Vh4i1N4AaABAg,CRNza2iMSJE,2026-09-13 10:55:15+00:00,2026-09-22T03:58:46Z,51306e304fff,Both of them teasing sangeetha,128,4,0,https://youtube.com/watch?v=CRNza2iMSJE&lc=UgwdrZ1XS0L4-Vh4i1N4AaABAg,Vijay Trisha,en,Both of them teasing sangeetha
youtube,comment,UgxTSkqEUteIigY8pvF4AaABAg,w0d_bPb3tz4,2026-09-13 10:55:34+00:00,2026-09-22T13:54:32Z,fd3b74a0a03e,Trisha is desperate for attention...,0,0,0,https://youtube.com/watch?v=w0d_bPb3tz4&lc=UgxTSkqEUteIigY8pvF4AaABAg,Vijay Trisha,en,Trisha is desperate for attention...
youtube,comment,Ugybb8KD-PsJ3G-FSft4AaABAg,CRNza2iMSJE,2026-09-13 10:57:42+00:00,2026-09-22T03:58:46Z,2e526dd973c4,Keladan vanthuran,1,0,0,https://youtube.com/watch?v=CRNza2iMSJE&lc=Ugybb8KD-PsJ3G-FSft4AaABAg,Vijay Trisha,en,Keladan vanthuran
youtube,comment,UgylgvrwdbIRcdufUcN4AaABAg,36UIMG2yRDU,2026-09-13 10:58:00+00:00,2026-09-22T04:19:43Z,0d96644af02b,Ndtv has no other job ?,3,1,0,https://youtube.com/watch?v=36UIMG2yRDU&lc=UgylgvrwdbIRcdufUcN4AaABAg,Vijay Trisha,en,Ndtv has no other job ?
youtube,comment,UgzDiNgXItWcBDNB0-V4AaABAg,CRNza2iMSJE,2026-09-13 11:09:45+00:00,2026-09-22T03:58:46Z,a0efedc17a2c,Ivar nalla muttu kuduppar,5,0,0,https://youtube.com/watch?v=CRNza2iMSJE&lc=UgzDiNgXItWcBDNB0-V4AaABAg,Vijay Trisha,en,Ivar nalla muttu kuduppar
youtube,comment,UgxwJvKwb14sekJt2Fd4AaABAg,CRNza2iMSJE,2026-09-13 11:11:48+00:00,2026-09-22T03:58:46Z,ac16aa152d46,Tamil nadu velangeerum... thoooo,0,0,0,https://youtube.com/watch?v=CRNza2iMSJE&lc=UgxwJvKwb14sekJt2Fd4AaABAg,Vijay Trisha,en,Tamil nadu velangeerum... thoooo
youtube,comment,UgzYIiRlIzXCQoxUcVl4AaABAg,w0d_bPb3tz4,2026-09-13 11:13:07+00:00,2026-09-22T13:54:32Z,a6d1c4dd487d,மனைவியை காயபடுத்த திரிஷா விஜயின் திட்டம்.... கண்டிப்பாக இனி எவனும் ஒட்டு போட கூடாது.,84,5,0,https://youtube.com/watch?v=w0d_bPb3tz4&lc=UgzYIiRlIzXCQoxUcVl4AaABAg,Vijay Trisha,ta,Trisha Vijay's plan to hurt his wife.
youtube,comment,UgxjtFn8t18XOuSuciN4AaABAg,w0d_bPb3tz4,2026-09-13 11:15:31+00:00,2026-09-22T13:54:32Z,23bfe45a7422,Intha trisha enganalu varuthu ....,5,0,0,https://youtube.com/watch?v=w0d_bPb3tz4&lc=UgxjtFn8t18XOuSuciN4AaABAg,Vijay Trisha,en,Intha trisha enganalu varuthu ....
youtube,comment,Ugy2Mao1LyU2RoWtPhN4AaABAg,w0d_bPb3tz4,2026-09-13 11:16:25+00:00,2026-09-22T13:54:32Z,e38cf82415e0,சங்கீதாவுக்கு வாழக்கை இல்லை ஆனால் வலி அதிகம் பாவம்தான்,62,4,0,https://youtube.com/watch?v=w0d_bPb3tz4&lc=Ugy2Mao1LyU2RoWtPhN4AaABAg,Vijay Trisha,ta,Sangeeta has no life but pain is too much sin
youtube,comment,Ugy9TSggW84KiFIIPRx4AaABAg,w0d_bPb3tz4,2026-09-13 11:18:05+00:00,2026-09-22T13:54:32Z,ce7b808aa199,TAMIL NAATU MANAM KATRULA PARAKUTHU😢,3,0,0,https://youtube.com/watch?v=w0d_bPb3tz4&lc=Ugy9TSggW84KiFIIPRx4AaABAg,Vijay Trisha,en,TAMIL NAATU MANAM KATRULA PARAKUTHU😢
youtube,comment,UgxK3lAKAn59ZZOizop4AaABAg,CRNza2iMSJE,2026-09-13 11:18:37+00:00,2026-09-22T03:58:46Z,5a1ae917667d,Sangeetha Vijay kuda Trisha vala vida matta,10,1,0,https://youtube.com/watch?v=CRNza2iMSJE&lc=UgxK3lAKAn59ZZOizop4AaABAg,Vijay Trisha,en,Sangeetha Vijay kuda Trisha vala vida matta
youtube,comment,UgwsF-ONIvKg9J6MBRJ4AaABAg,w0d_bPb3tz4,2026-09-13 11:18:50+00:00,2026-09-22T13:54:32Z,ce7b808aa199,NETTAI MAMA PAYA,0,0,0,https://youtube.com/watch?v=w0d_bPb3tz4&lc=UgwsF-ONIvKg9J6MBRJ4AaABAg,Vijay Trisha,en,NETTAI MAMA PAYA
youtube,comment,UgwYerMUqNnHqeXNRnd4AaABAg,w0d_bPb3tz4,2026-09-13 11:20:50+00:00,2026-09-22T13:54:31Z,5cfc513902d0,"Ennu our thimaru .
God save Tamil Nadu
If I had the choice to get back my vote i would  immediately get it back....
Regret for voting for this guy..
How many are like me??",20,2,0,https://youtube.com/watch?v=w0d_bPb3tz4&lc=UgwYerMUqNnHqeXNRnd4AaABAg,Vijay Trisha,en,"Ennu our thimaru .
God save Tamil Nadu
If I had the choice to get back my vote i would  immediately get it back....
Regret for voting for this guy..
How many are like me??"
youtube,comment,Ugx-TVXi2yjp6ksgQuR4AaABAg,w0d_bPb3tz4,2026-09-13 11:20:58+00:00,2026-09-22T13:54:31Z,61f69634d2b0,சங்கீதா 2 குழந்தைகளுக்கு தாய் 25 வருட திருமணவாழ்க்கை அர்த்தம் இல்லாமல்  மிகவும் துயரத்தோடு நிற்கிறது,117,2,0,https://youtube.com/watch?v=w0d_bPb3tz4&lc=Ugx-TVXi2yjp6ksgQuR4AaABAg,Vijay Trisha,ta,"Sangeeta, a mother of 2 children, is very sad that 25 years of married life has no meaning"
youtube,comment,Ugx1KTnGrogO0QeyKa54AaABAg,w0d_bPb3tz4,2026-09-13 11:22:06+00:00,2026-09-22T13:54:31Z,61f69634d2b0,எவ்வளவு அழகான குழந்தைகள் மனைவி இதை எல்லாம் பொறுத்து கொள்ள வேண்டும் நாமும் குடும்பமும்,2,0,0,https://youtube.com/watch?v=w0d_bPb3tz4&lc=Ugx1KTnGrogO0QeyKa54AaABAg,Vijay Trisha,ta,"What beautiful children, wife, we and the family have to put up with all this"
youtube,comment,Ugy1Z_tQF8NCiD7PUVt4AaABAg,w0d_bPb3tz4,2026-09-13 11:23:00+00:00,2026-09-22T13:54:31Z,61f69634d2b0,சுயநலவாதி சைக்கோ என்று சொல்லுவார்கள்,3,0,0,https://youtube.com/watch?v=w0d_bPb3tz4&lc=Ugy1Z_tQF8NCiD7PUVt4AaABAg,Vijay Trisha,ta,A selfish psycho they say
youtube,comment,Ugx5FXli0nHMn-Bhe2B4AaABAg,36UIMG2yRDU,2026-09-13 11:34:17+00:00,2026-09-22T04:19:43Z,30e0b0b0545b,This was  when bro was trying to attract Investments for Tamil.Nadu😂😂😂😂,28,1,0,https://youtube.com/watch?v=36UIMG2yRDU&lc=Ugx5FXli0nHMn-Bhe2B4AaABAg,Vijay Trisha,en,This was  when bro was trying to attract Investments for Tamil.Nadu😂😂😂😂
youtube,comment,UgyvRPz1lyWvPN09XSR4AaABAg,CRNza2iMSJE,2026-09-13 11:40:37+00:00,2026-09-22T03:58:46Z,61115bd66a93,"Mugathai avar thirupala,thirumbi etho solraru,camera,camera watching nnu solraru pole.😅",13,4,0,https://youtube.com/watch?v=CRNza2iMSJE&lc=UgyvRPz1lyWvPN09XSR4AaABAg,Vijay Trisha,en,"Mugathai avar thirupala,thirumbi etho solraru,camera,camera watching nnu solraru pole.😅"
youtube,comment,UgxJuuWZd-GZiZ12mdl4AaABAg,w0d_bPb3tz4,2026-09-13 11:41:14+00:00,2026-09-22T13:54:31Z,6569eeb325e8,ஏன்னப்பா தனித்தனியா அழைத்து வரிங் க ஒன்றாக அழைத்து வந்தால் பாமர தமிழ்மக்கள் படம் பார்த்து கதையை தெரிந்து கொள்வார்கள் லாட்டரி துணை மாப்பிள்ளை புரிந்து கொள்வார்கள்,1,0,0,https://youtube.com/watch?v=w0d_bPb3tz4&lc=UgxJuuWZd-GZiZ12mdl4AaABAg,Vijay Trisha,ta,"Why, if you call them separately and bring them together, ordinary Tamil people will see the film and know the story, they will understand the lottery partner groom."
youtube,comment,UgyWEMm46N7rD4KZJ9p4AaABAg,CRNza2iMSJE,2026-09-13 11:41:25+00:00,2026-09-22T03:58:46Z,7e6f96c116d0,"You were there to see, donot speak and spread fake news. Only speaking about others, like these Indiens never improve in their lives.",0,0,0,https://youtube.com/watch?v=CRNza2iMSJE&lc=UgyWEMm46N7rD4KZJ9p4AaABAg,Vijay Trisha,en,"You were there to see, donot speak and spread fake news. Only speaking about others, like these Indiens never improve in their lives."
youtube,comment,UgzT6AgcETHLidF6xkt4AaABAg,36UIMG2yRDU,2026-09-13 11:43:03+00:00,2026-09-22T04:19:43Z,24d5be4a22e8,Isn't she the wife ?,1,1,0,https://youtube.com/watch?v=36UIMG2yRDU&lc=UgzT6AgcETHLidF6xkt4AaABAg,Vijay Trisha,en,Isn't she the wife ?
youtube,comment,UgyPT59bEXNTJRwkQPh4AaABAg,CRNza2iMSJE,2026-09-13 11:43:58+00:00,2026-09-22T03:58:46Z,e65ab57e0299,லூசு கீர்த்தி சுரேஷ் canada toronto வுக்கு போய் இருக்காங்க எதையாவது அடிச்சிவிடுங்க,4,0,0,https://youtube.com/watch?v=CRNza2iMSJE&lc=UgyPT59bEXNTJRwkQPh4AaABAg,Vijay Trisha,mixed,Lusu Keerthy Suresh has gone to Canada to toronto hit something
youtube,comment,Ugz9-85p0maPJhy41md4AaABAg,CRNza2iMSJE,2026-09-13 11:45:12+00:00,2026-09-22T03:58:46Z,e4512d817af9,அவர் அங்கு யாரை சந்தித்தால் என்ன.. மக்கள் அரசாங்க பணத்தில் சென்று மக்களுக்கு நல்லது செய்ய என்ன செய்ய போகிறார்,9,0,0,https://youtube.com/watch?v=CRNza2iMSJE&lc=Ugz9-85p0maPJhy41md4AaABAg,Vijay Trisha,ta,What if he meets there.. What is he going to do with people's government money and do good to the people
youtube,comment,UgyRY_CB3advzFMfiKx4AaABAg,CRNza2iMSJE,2026-09-13 11:50:58+00:00,2026-09-22T03:58:46Z,c14733fd552d,ஊரான் வீட்டு காசில் இது என்ன கூத்து விஜய்! டயலாக் பேசியே ஆட்சிக்கு வந்து விட்டு இது என்ன ஊரான் காசில் இருந்த ஊதாரி பயண செலவு! ஸ்டாலின் வழியில் விஜய்.... முட்டு சந்து அருகில்,0,0,0,https://youtube.com/watch?v=CRNza2iMSJE&lc=UgyRY_CB3advzFMfiKx4AaABAg,Vijay Trisha,ta,"What is this in Uran's home castle, Vijay!What a wasteful travel expense that was in Uran Castle after coming to power through dialogue!Vijay on Stalin way.... Near Muttu Sandu"
youtube,comment,UgxZFsTrBWV8VYcrKY14AaABAg,CRNza2iMSJE,2026-09-13 11:55:24+00:00,2026-09-22T03:58:46Z,4530bbbbba39,Saguni Trisha,62,2,0,https://youtube.com/watch?v=CRNza2iMSJE&lc=UgxZFsTrBWV8VYcrKY14AaABAg,Vijay Trisha,en,Saguni Trisha
youtube,comment,UgyaBSZfms4nRaEQrlp4AaABAg,CRNza2iMSJE,2026-09-13 11:55:45+00:00,2026-09-22T03:58:46Z,1994914e9a93,தொழில் என்றால் வேலை. வேலை செய்தான் ஆள கூப்புட்டு போயிருக்கிறார்,2,0,0,https://youtube.com/watch?v=CRNza2iMSJE&lc=UgyaBSZfms4nRaEQrlp4AaABAg,Vijay Trisha,ta,Career means work.Worked and called him
youtube,comment,UgwSSSoKoxkihiELLNV4AaABAg,CRNza2iMSJE,2026-09-13 11:56:36+00:00,2026-09-22T03:58:46Z,af339b27a37d,இதெல்லாம் ஒரு வீடியோ?,2,0,0,https://youtube.com/watch?v=CRNza2iMSJE&lc=UgwSSSoKoxkihiELLNV4AaABAg,Vijay Trisha,ta,Is this all a video?
youtube,comment,Ugy0c6auKUrkSnmTFV94AaABAg,CRNza2iMSJE,2026-09-13 12:00:04+00:00,2026-09-22T03:58:46Z,b6d1fc2952c5,Nai nayathana parka poogum.,2,0,0,https://youtube.com/watch?v=CRNza2iMSJE&lc=Ugy0c6auKUrkSnmTFV94AaABAg,Vijay Trisha,en,Nai nayathana parka poogum.
youtube,comment,Ugw8StcJ_H9JD3OXQjJ4AaABAg,CRNza2iMSJE,2026-09-13 12:10:19+00:00,2026-09-22T03:58:46Z,46b591680bd6,"Sir Vijay  trisha  is a trap for you she is working like an agent for someone  who is trying to destroy  you becareful  Sir.  Don't  trust trisha, many kings in ancient  days they lost their kingdom  beca of women.",0,0,0,https://youtube.com/watch?v=CRNza2iMSJE&lc=Ugw8StcJ_H9JD3OXQjJ4AaABAg,Vijay Trisha,en,"Sir Vijay  trisha  is a trap for you she is working like an agent for someone  who is trying to destroy  you becareful  Sir.  Don't  trust trisha, many kings in ancient  days they lost their kingdom  beca of women."
youtube,comment,UgwemRJYUejp6Xa3yEl4AaABAg,w0d_bPb3tz4,2026-09-13 12:11:31+00:00,2026-09-22T13:54:31Z,b51e3a59e7c8,Ennaiya nadakuthu,3,0,0,https://youtube.com/watch?v=w0d_bPb3tz4&lc=UgwemRJYUejp6Xa3yEl4AaABAg,Vijay Trisha,en,Ennaiya nadakuthu
youtube,comment,UgzT3DIfiPpB2lGz6zB4AaABAg,w0d_bPb3tz4,2026-09-13 12:11:32+00:00,2026-09-22T13:54:31Z,b5a661a14afa,லண்டன் அண்ணன் போட்டோ. தெளிவா இருக்கு.,0,0,0,https://youtube.com/watch?v=w0d_bPb3tz4&lc=UgzT3DIfiPpB2lGz6zB4AaABAg,Vijay Trisha,ta,Photo by London Brother.It is clear.
youtube,comment,Ugw9Ls2PSJXzcorJ7zl4AaABAg,w0d_bPb3tz4,2026-09-13 12:13:41+00:00,2026-09-22T13:54:31Z,bb22ac394cc7,இந்த வீடியோவை பார்த்தால். ஏய்  நீ ஏன்எட்டிபார்க்கிறேனு .சொல்றமாதிரிஇருக்கு,4,0,0,https://youtube.com/watch?v=w0d_bPb3tz4&lc=Ugw9Ls2PSJXzcorJ7zl4AaABAg,Vijay Trisha,ta,"If you watch this video.Hey, why are you staring?"
youtube,comment,UgzpV4RErQy6YfDgTXV4AaABAg,CRNza2iMSJE,2026-09-13 12:14:00+00:00,2026-09-22T03:58:46Z,8a41a01ab5f8,People won't believe tvk alliance parties and Admk group since reels.  Only taking diversion  against dmk only. Dmk real party working for tamil nadu people. Dmk Only going to win in all election results.,2,0,0,https://youtube.com/watch?v=CRNza2iMSJE&lc=UgzpV4RErQy6YfDgTXV4AaABAg,Vijay Trisha,en,People won't believe tvk alliance parties and Admk group since reels.  Only taking diversion  against dmk only. Dmk real party working for tamil nadu people. Dmk Only going to win in all election results.
youtube,comment,Ugw4NiiQ6DNMLIOZWf94AaABAg,36UIMG2yRDU,2026-09-13 12:17:28+00:00,2026-09-22T04:19:43Z,bb22ac394cc7,மாட்டிகிட்டியே பங்கு,1,0,0,https://youtube.com/watch?v=36UIMG2yRDU&lc=Ugw4NiiQ6DNMLIOZWf94AaABAg,Vijay Trisha,ta,Matikiti is the share
youtube,comment,Ugwq5cdDDR7PoGTwdd14AaABAg,w0d_bPb3tz4,2026-09-13 12:17:41+00:00,2026-09-22T13:54:31Z,c1e2d8eb9147,manaiviku thurogam panna athukana thandanai kidaithe thirum  karma pathil sollum ivargaluku 🙏🙏🙏,1,0,0,https://youtube.com/watch?v=w0d_bPb3tz4&lc=Ugwq5cdDDR7PoGTwdd14AaABAg,Vijay Trisha,en,manaiviku thurogam panna athukana thandanai kidaithe thirum  karma pathil sollum ivargaluku 🙏🙏🙏
youtube,comment,UgzhJTs5CY5jYGEmE4x4AaABAg,CRNza2iMSJE,2026-09-13 12:20:28+00:00,2026-09-22T03:58:46Z,8966ad7f35ef,"Dei unaku vera velae illiya, un kudumbam epadi Iruku paru da 🤦🏻",2,0,0,https://youtube.com/watch?v=CRNza2iMSJE&lc=UgzhJTs5CY5jYGEmE4x4AaABAg,Vijay Trisha,tanglish,"Dei unaku vera vela illiya, un kudumbam epdi Iruku paru da 🤦🏻"
youtube,comment,UgxsNzh8EHygfYTsrit4AaABAg,CRNza2iMSJE,2026-09-13 12:20:44+00:00,2026-09-22T03:58:46Z,2d229aff23b5,Thala Ajith a paka vantha crowd❤❤,6,0,0,https://youtube.com/watch?v=CRNza2iMSJE&lc=UgxsNzh8EHygfYTsrit4AaABAg,Vijay Trisha,en,Thala Ajith a paka vantha crowd❤❤
youtube,comment,UgzlB-yYCxE0Kc_xEdt4AaABAg,w0d_bPb3tz4,2026-09-13 12:23:32+00:00,2026-09-22T13:54:31Z,e68a37861ce6,நாம் மட்டும் பாவம் இல்லை. லண்டன் தமிழர்களும் தான். ஒடுக்கியை ஒதுக்குவோம்,0,0,0,https://youtube.com/watch?v=w0d_bPb3tz4&lc=UgzlB-yYCxE0Kc_xEdt4AaABAg,Vijay Trisha,ta,We are not the only sinners.London Tamils ​​too.Let's allocate the condenser
youtube,comment,Ugwp2c_31JRfyzaKZeR4AaABAg,CRNza2iMSJE,2026-09-13 12:24:53+00:00,2026-09-22T03:58:46Z,7cbaff2f59c0,உன் குடும்பதபற்றி சொல்லு,5,0,0,https://youtube.com/watch?v=CRNza2iMSJE&lc=Ugwp2c_31JRfyzaKZeR4AaABAg,Vijay Trisha,ta,Tell me about your family
youtube,comment,Ugw9Dz626yKCshYEwZ54AaABAg,w0d_bPb3tz4,2026-09-13 12:25:08+00:00,2026-09-22T13:54:31Z,40d9be2bf6fa,சங்கீதா...ஐயோ நீ இனிமே என்ன பண்ணுவடி,3,0,0,https://youtube.com/watch?v=w0d_bPb3tz4&lc=Ugw9Dz626yKCshYEwZ54AaABAg,Vijay Trisha,ta,"Sangeeta...Oh, what are you going to do next?"
youtube,comment,UgwOALdM8BWl-Eg5LJd4AaABAg,w0d_bPb3tz4,2026-09-13 12:26:48+00:00,2026-09-22T13:54:31Z,71a491bde0e8,Tamil Nadu kuttu London nil super Tamil Nadu vaalga nalamutan,1,0,0,https://youtube.com/watch?v=w0d_bPb3tz4&lc=UgwOALdM8BWl-Eg5LJd4AaABAg,Vijay Trisha,en,Tamil Nadu kuttu London nil super Tamil Nadu vaalga nalamutan
youtube,comment,UgxKCaxQZZqZRP7hSMx4AaABAg,36UIMG2yRDU,2026-09-13 12:28:20+00:00,2026-09-22T04:19:43Z,436cc02d430d,Joseph Vijay is a Curse on Tamil Nadu...,29,9,0,https://youtube.com/watch?v=36UIMG2yRDU&lc=UgxKCaxQZZqZRP7hSMx4AaABAg,Vijay Trisha,en,Joseph Vijay is a Curse on Tamil Nadu...
youtube,comment,UgwNsFJaljPVmrz8Vvx4AaABAg,w0d_bPb3tz4,2026-09-13 12:29:11+00:00,2026-09-22T13:54:31Z,9a03b844d2b6,Trisha vanda cm vijay enna panuvaru ajith sir um irukaru avar patti pesunga papom family patti pesara urimai yarkum ila,1,0,0,https://youtube.com/watch?v=w0d_bPb3tz4&lc=UgwNsFJaljPVmrz8Vvx4AaABAg,Vijay Trisha,en,Trisha vanda cm vijay enna panuvaru ajith sir um irukaru avar patti pesunga papom family patti pesara urimai yarkum ila
youtube,comment,Ugwk_vYjYuDSh74oYux4AaABAg,CRNza2iMSJE,2026-09-13 12:30:08+00:00,2026-09-22T03:58:46Z,e79c12c27bab,கூதாதாடி கூத்தாடியை பார்த்துவிட்டார்,0,0,0,https://youtube.com/watch?v=CRNza2iMSJE&lc=Ugwk_vYjYuDSh74oYux4AaABAg,Vijay Trisha,ta,Gootadadi has seen Gootadadi
youtube,comment,Ugy7EyA8H9MncQzVMG94AaABAg,36UIMG2yRDU,2026-09-13 12:31:16+00:00,2026-09-22T04:19:43Z,e76b3ae1a179,"இந்த கூட்டுக்களவாணி chemistry ஐ முன்னாடியே மக்களுக்கு காட்டு...காட்டு...காட்டு.. ன்னு காட்டியிருந்தால்..., பல இளைஞர்கள் உயிர் fans சண்டையில் போயிருக்காது...

This is a concept of fans maafia, fans addiction kind of life style, all youngsters and children please do concentrate on your studies and bring back the book reading habit.
எல்லா celebrities and cine stars எல்லாரும், படித்த நீட் அனிதா போன்ற aspirants கால் தூசிக்கு கூட சமம் ஆக மாட்டார்கள், film fare award bulid up functions, bhind wood, forward wood, visai uuvaaaqTV award functions, etc etc all are lime light maafia addictions.... Pls don't fall prey to small screen or big screen award functions. All are virtual maafia to spoil our Indians knowledge by westernizers.... Concentrate on studies and develop the basic needs for our future children in agriculture field, medicine field, engineering and scientific fields...., come out from th screen culture and go back to book reading culture please. 
Don't encourage small kids in dance, gymnastic dance and singing..., total waste only greed and  pride increases. . A human needs food and water to survive, so pls do go back to professional studies. Throw this cinema, web series, screen addiction to garbage. 
Your health is your real hero... 
Your parents and grand parents are the real heros... ..",4,0,0,https://youtube.com/watch?v=36UIMG2yRDU&lc=Ugy7EyA8H9MncQzVMG94AaABAg,Vijay Trisha,mixed,"If this collective chemistry was shown to the people earlier... show... show..., many young people would not have gone to fight for their lives...

This is a concept of fans mafia, fans addiction kind of life style, all youngsters and children please do concentrate on your studies and bring back the book reading habit.
All celebrities and cine stars, educated aspirants like Neet Anita will not even be equal to foot dust, film fare award bulid up functions, bhind wood, forward wood, visai uuvaaaqTV award functions, etc etc all are lime light maafia addictions.... Pls don't fall prey to small screen or big screen award functions.All are virtual maafia to spoil our Indians knowledge by westernizers.... Concentrate on studies and develop the basic needs for our future children in agriculture field, medicine field, engineering and scientific fields...., come out from th screen culture and go back to book reading culture please.
Don't encourage small kids in dance, gymnastic dance and singing..., total waste only greed and pride increases..A human needs food and water to survive, so pls do go back to professional studies.Throw this cinema, web series, screen addiction to garbage.
Your health is your real hero...
Your parents and grand parents are the real heroes... .."
youtube,comment,Ugy4q8kUAZWENmJhk4V4AaABAg,CRNza2iMSJE,2026-09-13 12:33:39+00:00,2026-09-22T03:58:46Z,16a02c589fd6,"பாயில்வன் பயங்கர முட்டு, வர வர உண்மை பேசுவதில்லை",22,1,0,https://youtube.com/watch?v=CRNza2iMSJE&lc=Ugy4q8kUAZWENmJhk4V4AaABAg,Vijay Trisha,ta,Boyalvan is a terrible supporter and does not speak the truth
youtube,comment,UgyInCqwEVgJaSWozLd4AaABAg,CRNza2iMSJE,2026-09-13 12:33:53+00:00,2026-09-22T03:58:46Z,ecae185da7a1,Avala pottalum ivala pottalum yarukku yenna😅😅😅😅😅😅,2,0,0,https://youtube.com/watch?v=CRNza2iMSJE&lc=UgyInCqwEVgJaSWozLd4AaABAg,Vijay Trisha,en,Avala pottalum ivala pottalum yarukku yenna😅😅😅😅😅😅
youtube,comment,UgzTTB_izeJHVJobhW94AaABAg,w0d_bPb3tz4,2026-09-13 12:34:35+00:00,2026-09-22T13:54:31Z,e76b3ae1a179,"(Ambedkar and Abdul kalaam are real super heros)
இந்த கூட்டுக்களவாணி chemistry ஐ முன்னாடியே மக்களுக்கு காட்டு...காட்டு...காட்டு.. ன்னு காட்டியிருந்தால்..., பல இளைஞர்கள் உயிர் fans சண்டையில் போயிருக்காது...

This is a concept of fans maafia, fans addiction kind of life style, all youngsters and children please do concentrate on your studies and bring back the book reading habit.
எல்லா celebrities and cine stars எல்லாரும், படித்த நீட் அனிதா போன்ற aspirants கால் தூசிக்கு கூட சமம் ஆக மாட்டார்கள், film fare award bulid up functions, bhind wood, forward wood, visai uuvaaaqTV award functions, etc etc all are lime light maafia addictions.... Pls don't fall prey to small screen or big screen award functions. All are virtual maafia to spoil our Indians knowledge by westernizers.... Concentrate on studies and develop the basic needs for our future children in agriculture field, medicine field, engineering and scientific fields...., come out from th screen culture and go back to book reading culture please. 
Don't encourage small kids in dance, gymnastic dance and singing..., total waste only greed and  pride increases. . A human needs food and water to survive, so pls do go back to professional studies. Throw this cinema, web series, screen addiction to garbage. 
Your health is your real hero... 
Your parents and grand parents are the real heros... ..",0,0,0,https://youtube.com/watch?v=w0d_bPb3tz4&lc=UgzTTB_izeJHVJobhW94AaABAg,Vijay Trisha,mixed,"(Ambedkar and Abdul Kalam are real super heroes)
If this collective chemistry was shown to the people earlier... show... show..., many young people would not have gone to fight for their lives...

This is a concept of fans mafia, fans addiction kind of life style, all youngsters and children please do concentrate on your studies and bring back the book reading habit.
All celebrities and cine stars, educated aspirants like Neet Anita will not even be equal to foot dust, film fare award bulid up functions, bhind wood, forward wood, visai uuvaaaqTV award functions, etc etc all are lime light maafia addictions.... Pls don't fall prey to small screen or big screen award functions.All are virtual maafia to spoil our Indians knowledge by westernizers.... Concentrate on studies and develop the basic needs for our future children in agriculture field, medicine field, engineering and scientific fields...., come out from th screen culture and go back to book reading culture please.
Don't encourage small kids in dance, gymnastic dance and singing..., total waste only greed and pride increases..A human needs food and water to survive, so pls do go back to professional studies.Throw this cinema, web series, screen addiction to garbage.
Your health is your real hero...
Your parents and grand parents are the real heroes... .."
youtube,comment,UgwbVi62xcq0lNrjg1J4AaABAg,CRNza2iMSJE,2026-09-13 12:34:45+00:00,2026-09-22T03:58:46Z,9fee70c7afab,"இவன் ஒரு லூசு, எதுயையும் சரியாக சொல்லமாட்டான்",18,0,0,https://youtube.com/watch?v=CRNza2iMSJE&lc=UgwbVi62xcq0lNrjg1J4AaABAg,Vijay Trisha,ta,He is a loser and never says anything right
youtube,comment,UgyTPTSyHYj_IqQ8PeR4AaABAg,w0d_bPb3tz4,2026-09-13 12:35:05+00:00,2026-09-22T13:54:31Z,06f272f255c6,ஊர் சுத்துறது மக்களோட வரிப்பணத்தில் ஊர் ஊரா சுத்துவாங்க இதுதான் தமிழ்நாட்டு மக்களுக்கு வந்த வழிகேடு இது ஜஸ்ட் ஒரு கிளைமேக்ஸ் சுனாமி மக்களே இன்னும் வரும் உங்களுக்கு அடி ஆப்பு 😡😡😡😡😡🤦,0,0,0,https://youtube.com/watch?v=w0d_bPb3tz4&lc=UgyTPTSyHYj_IqQ8PeR4AaABAg,Vijay Trisha,ta,"This is the disaster that has come to the people of Tamil Nadu. This is just a climax tsunami. People, you will be hit again. 😡😡😡😡😡🤦"
youtube,comment,UgxsqMnKFM20jDm8zQV4AaABAg,i1BqRYMFS08,2026-09-13 12:37:05+00:00,2026-09-22T13:54:25Z,fd99ba4ea5f2,This song sung by the legend KK! 😮😮😮,1,0,0,https://youtube.com/watch?v=i1BqRYMFS08&lc=UgxsqMnKFM20jDm8zQV4AaABAg,Vijay Trisha,en,This song sung by the legend KK! 😮😮😮
youtube,comment,Ugxj4rd2eMrlw8cnOGF4AaABAg,5B50fq1slcA,2026-09-13 12:38:04+00:00,2026-09-22T04:33:08Z,172b2a9632dc,Which song ?,0,1,0,https://youtube.com/watch?v=5B50fq1slcA&lc=Ugxj4rd2eMrlw8cnOGF4AaABAg,Thalapathy Vijay Trisha,en,Which song ?
youtube,comment,UgzekmycKqKETm0rpFB4AaABAg,w0d_bPb3tz4,2026-09-13 12:45:27+00:00,2026-09-22T13:54:31Z,d8c2f8ff5506,உதயநிதி எங்கே தண்ணி வரணுமா அங்க வரணும்னு சொன்னதுக்கு மட்டும் கோவம் வந்துச்சே கைது பண்ணானே சாண்ட குடுக்கி இப்ப என்ன பண்ற இப்ப அவ கிட்ட நான் தானே திரியாறான்,0,0,0,https://youtube.com/watch?v=w0d_bPb3tz4&lc=UgzekmycKqKETm0rpFB4AaABAg,Vijay Trisha,ta,Udhayanithi got angry and arrested her just because she told me where to get water.
youtube,comment,Ugzafw1_t3oQwzn87YB4AaABAg,CRNza2iMSJE,2026-09-13 12:47:27+00:00,2026-09-22T03:58:46Z,3af54b94ce47,Americala ethu sir pirthamar 😂,1,0,0,https://youtube.com/watch?v=CRNza2iMSJE&lc=Ugzafw1_t3oQwzn87YB4AaABAg,Vijay Trisha,en,Americala ethu sir pirthamar 😂
youtube,comment,UgyymCHGkyisxNuTl0t4AaABAg,w0d_bPb3tz4,2026-09-13 12:52:09+00:00,2026-09-22T13:54:31Z,c30aa070d775,Never will vote him again,3,0,0,https://youtube.com/watch?v=w0d_bPb3tz4&lc=UgyymCHGkyisxNuTl0t4AaABAg,Vijay Trisha,en,Never will vote him again
youtube,comment,UgwfQoGXkdastDGDln14AaABAg,CRNza2iMSJE,2026-09-13 13:01:48+00:00,2026-09-22T03:58:46Z,2492ea8e515c,எவன் தடுத்தாலும் நிரந்தர முதலமைச்சர் தளபதி விஜய் அண்ணா ❤ வெற்றி நிச்சயம் நீடிக்கும் 👑💯💐 கடவுளே துணை இருப்பார் 🙏,3,0,0,https://youtube.com/watch?v=CRNza2iMSJE&lc=UgwfQoGXkdastDGDln14AaABAg,Vijay Trisha,ta,"No matter who prevents it, Permanent Chief Minister Thalapathy Vijay Anna ❤ Victory will surely continue 👑💯💐 God will help you 🙏"
youtube,comment,UgxlHi6Q6-RwC_AUZKt4AaABAg,CRNza2iMSJE,2026-09-13 13:02:10+00:00,2026-09-22T03:58:46Z,2492ea8e515c,மக்கள் சப்போர்ட் என்னைக்குமே தளபதி விஜய் அண்ணா ❤ வெற்றி நிச்சயம் நீடிக்கும் 👑💯💐 கடவுளே துணை இருப்பார் 🙏,3,0,0,https://youtube.com/watch?v=CRNza2iMSJE&lc=UgxlHi6Q6-RwC_AUZKt4AaABAg,Vijay Trisha,ta,People support me Thalapathy Vijay Anna ❤ Success will surely last 👑💯💐 God will be with you 🙏
youtube,comment,UgzbkuvZ5LXIjoxaZWd4AaABAg,w0d_bPb3tz4,2026-09-13 13:03:55+00:00,2026-09-22T13:54:31Z,a1ac52bdbad9,I love him soooo much but Trisha matter can't  accept 😢,4,0,0,https://youtube.com/watch?v=w0d_bPb3tz4&lc=UgzbkuvZ5LXIjoxaZWd4AaABAg,Vijay Trisha,en,I love him soooo much but Trisha matter can't  accept 😢
youtube,comment,Ugx6rPgoAADqHvnPvBt4AaABAg,i1BqRYMFS08,2026-09-13 13:04:56+00:00,2026-09-22T13:54:25Z,d5914c4676ca,Cm vjay Thalapathi be like 🎉 -1:55,1,0,0,https://youtube.com/watch?v=i1BqRYMFS08&lc=Ugx6rPgoAADqHvnPvBt4AaABAg,Vijay Trisha,en,Cm vjay Thalapathi be like 🎉 -1:55
youtube,comment,Ugxdjl3Y597SDzgNNcF4AaABAg,CRNza2iMSJE,2026-09-13 13:06:32+00:00,2026-09-22T03:58:46Z,b038877ffed6,"Tirisha rasikar bailvan, how soft touch",13,0,0,https://youtube.com/watch?v=CRNza2iMSJE&lc=Ugxdjl3Y597SDzgNNcF4AaABAg,Vijay Trisha,en,"Tirisha rasikar bailvan, how soft touch"
youtube,comment,UgzN8kchTEeP55PiI0x4AaABAg,w0d_bPb3tz4,2026-09-13 13:06:50+00:00,2026-09-22T13:54:31Z,db731e4cc5df,I hate u tirisha,0,0,0,https://youtube.com/watch?v=w0d_bPb3tz4&lc=UgzN8kchTEeP55PiI0x4AaABAg,Vijay Trisha,en,I hate u tirisha
youtube,comment,UgzYpzW516fNOU1VvIt4AaABAg,w0d_bPb3tz4,2026-09-13 13:09:01+00:00,2026-09-22T13:54:31Z,88ac41286c70,"Indha manamketta makkalai ennanu solla, kallakadhalku ok solluvaanga, vappatiku katchiya Kudupaanga, naalu kalyanam pannalum thalaivan nu solluvaanga, DMK admk tvk all rubbish",0,0,0,https://youtube.com/watch?v=w0d_bPb3tz4&lc=UgzYpzW516fNOU1VvIt4AaABAg,Vijay Trisha,en,"Indha manamketta makkalai ennanu solla, kallakadhalku ok solluvaanga, vappatiku katchiya Kudupaanga, naalu kalyanam pannalum thalaivan nu solluvaanga, DMK admk tvk all rubbish"
youtube,comment,UgxaDz8s8ZApVej3J_F4AaABAg,i1BqRYMFS08,2026-09-13 13:16:01+00:00,2026-09-22T13:54:25Z,d72a33b7c295,Made in Bangladesh 🇧🇩,2,1,0,https://youtube.com/watch?v=i1BqRYMFS08&lc=UgxaDz8s8ZApVej3J_F4AaABAg,Vijay Trisha,en,Made in Bangladesh 🇧🇩
youtube,comment,Ugwom-MWJMuXLtcRv4t4AaABAg,36UIMG2yRDU,2026-09-13 13:18:08+00:00,2026-09-22T04:19:43Z,01717ecce31f,"DMK is not villain to Vijay, but trisha is😂😂😂",52,3,0,https://youtube.com/watch?v=36UIMG2yRDU&lc=Ugwom-MWJMuXLtcRv4t4AaABAg,Vijay Trisha,en,"DMK is not villain to Vijay, but trisha is😂😂😂"
youtube,comment,UgyHpZdALeFfHGIJCYN4AaABAg,CRNza2iMSJE,2026-09-13 13:27:07+00:00,2026-09-22T03:58:46Z,0dd369051f2a,Evan oru ___ .yenna pesuran.,0,0,0,https://youtube.com/watch?v=CRNza2iMSJE&lc=UgyHpZdALeFfHGIJCYN4AaABAg,Vijay Trisha,en,Evan oru ___ .yenna pesuran.
youtube,comment,UgwpZhg3oeILJ_2p1Mp4AaABAg,CRNza2iMSJE,2026-09-13 13:31:49+00:00,2026-09-22T03:58:46Z,1960e1fe2746,Neeyelam oru kizapaya,0,0,0,https://youtube.com/watch?v=CRNza2iMSJE&lc=UgwpZhg3oeILJ_2p1Mp4AaABAg,Vijay Trisha,en,Neeyelam oru kizapaya
youtube,comment,UgzSZrm5V6znwJF5lKV4AaABAg,36UIMG2yRDU,2026-09-13 13:36:01+00:00,2026-09-22T04:19:43Z,b4180319b6ee,Shameless people,10,0,0,https://youtube.com/watch?v=36UIMG2yRDU&lc=UgzSZrm5V6znwJF5lKV4AaABAg,Vijay Trisha,en,Shameless people
youtube,comment,UgyF7DiGHREZ9sDpyEB4AaABAg,36UIMG2yRDU,2026-09-13 13:36:41+00:00,2026-09-22T04:19:43Z,589d47f28015,"Deliberately following him, disgusting 😢",0,0,0,https://youtube.com/watch?v=36UIMG2yRDU&lc=UgyF7DiGHREZ9sDpyEB4AaABAg,Vijay Trisha,en,"Deliberately following him, disgusting 😢"
youtube,comment,Ugz1ipiLX4977FYOWxd4AaABAg,w0d_bPb3tz4,2026-09-13 13:36:55+00:00,2026-09-22T13:54:31Z,13df8bb723ff,தனலட்சுமி முத்துப்பாண்டி ஆளுங்க உன்ன தேடிக்கிட்டு இருக்காங்க உள்ளே போயி ஒளிஞ்சுக்க .,0,0,0,https://youtube.com/watch?v=w0d_bPb3tz4&lc=Ugz1ipiLX4977FYOWxd4AaABAg,Vijay Trisha,ta,"Dhanalakshmi Muthupandi is looking for you to rule, go inside and hide."
youtube,comment,Ugz39zHf-XvoqQng7ZB4AaABAg,CRNza2iMSJE,2026-09-13 13:40:46+00:00,2026-09-22T03:58:46Z,b92014c91405,நீ எல்லாம் ஒரு ஆளு ஒரு மனுஷன் பொது வாழ்க்கையில் இருக்கிறதுனால சோறு திங்க கூடாது சிரிக்க கூடாது அழுக கூடாது தனக்கு பிடிச்சவங்கள பார்க்க கூடாதுன்னு எந்த சுய விருப்பு வெறுப்பும் இவள் இல்லாம வாழக்கூடாது,0,0,0,https://youtube.com/watch?v=CRNza2iMSJE&lc=Ugz39zHf-XvoqQng7ZB4AaABAg,Vijay Trisha,ta,"You are a person, a human being in public life, so you should not eat rice, you should not laugh, you should not cry."
youtube,comment,Ugwoatl6QIVmMDDWqkV4AaABAg,i1BqRYMFS08,2026-09-13 14:01:19+00:00,2026-09-22T13:54:25Z,e6a612e54e00,V.j ❤❤❤❤🎉🎉🎉,2,0,0,https://youtube.com/watch?v=i1BqRYMFS08&lc=Ugwoatl6QIVmMDDWqkV4AaABAg,Vijay Trisha,en,V.j ❤❤❤❤🎉🎉🎉
youtube,comment,Ugwh6XWHYbLz5wVsVoJ4AaABAg,CRNza2iMSJE,2026-09-13 14:06:01+00:00,2026-09-22T03:58:46Z,c4a0356f2e1f,இவ்வளவு முட்டு எதுக்கு பயமா,25,2,0,https://youtube.com/watch?v=CRNza2iMSJE&lc=Ugwh6XWHYbLz5wVsVoJ4AaABAg,Vijay Trisha,ta,Why are you afraid of such a prop?
youtube,comment,Ugw2azkoBJenV6A9gm14AaABAg,CRNza2iMSJE,2026-09-13 14:09:58+00:00,2026-09-22T03:58:46Z,a1c3a8051c12,திரிசா மேடம் தயுவு விஜய் sir விட்டு தள்ளி இருங்கா உங்கனலா ரசிகர்கள் நாங்க தமிழ்நாட்டில் ஏங்க தலைவர் பார்த்து கண்டவங்கா ஏல்லாம் தப்பு தப்பு தப்ப பேசரங்கா உங்களுக்கு ஓன்னும் இல்லை நாங்க ரசிகர்கள்தா மனா உளைச்சளுக்கு ஆளாய் இருக்கின்றோம்,0,1,0,https://youtube.com/watch?v=CRNza2iMSJE&lc=Ugw2azkoBJenV6A9gm14AaABAg,Vijay Trisha,mixed,"Trisha madam Dayuvu Vijay sir, why don't you leave us, we fans in Tamil Nadu long for the leader to see us, why don't we talk wrong wrong wrong wrong, you don't have anything, we fans are suffering."
youtube,comment,Ugz7bk8MKxoq--MIQpR4AaABAg,i1BqRYMFS08,2026-09-13 14:10:18+00:00,2026-09-22T13:54:25Z,0f908196b769,Hindi audience here😊,5,0,0,https://youtube.com/watch?v=i1BqRYMFS08&lc=Ugz7bk8MKxoq--MIQpR4AaABAg,Vijay Trisha,en,Hindi audience here😊
youtube,comment,UgyCc3D6sWG6DV0oc0J4AaABAg,CRNza2iMSJE,2026-09-13 14:12:38+00:00,2026-09-22T03:58:46Z,819c8b232ed4,*utta poilvan,0,0,0,https://youtube.com/watch?v=CRNza2iMSJE&lc=UgyCc3D6sWG6DV0oc0J4AaABAg,Vijay Trisha,en,*utta poilvan
youtube,comment,Ugzc7yt4bBcMmR0r7T54AaABAg,LtFVk5EKhJM,2026-09-13 14:18:09+00:00,2026-09-22T04:35:07Z,12be3e9e7aaf,I hate both of them,0,0,0,https://youtube.com/watch?v=LtFVk5EKhJM&lc=Ugzc7yt4bBcMmR0r7T54AaABAg,விஜய் திரிஷா,en,I hate both of them
youtube,comment,Ugz-S4HRTL3X2IMOZ8l4AaABAg,LtFVk5EKhJM,2026-09-13 14:18:46+00:00,2026-09-22T04:35:07Z,12be3e9e7aaf,Because he is not showing any responsibility to his kids,0,0,0,https://youtube.com/watch?v=LtFVk5EKhJM&lc=Ugz-S4HRTL3X2IMOZ8l4AaABAg,விஜய் திரிஷா,en,Because he is not showing any responsibility to his kids
youtube,comment,UgyyYZiM2I69fzB5aAp4AaABAg,w0d_bPb3tz4,2026-09-13 14:23:27+00:00,2026-09-22T13:54:31Z,af11e80c9158,சீமான் ஆயிரம் முறை படித்து படித்து சொன்னார் அவருக்கு ஓட்டு போடுவதற்கு தமிழக மக்கள் எப்போதும் முயல்கிறதோ அப்பொழுதே தமிழ்நாடு கண்டிப்பாக ஒரு மாற்றத்தை காணும்,8,0,0,https://youtube.com/watch?v=w0d_bPb3tz4&lc=UgyyYZiM2I69fzB5aAp4AaABAg,Vijay Trisha,ta,Seeman read a thousand times and said that if the people of Tamil Nadu always try to vote for him then Tamil Nadu will definitely see a change.
youtube,comment,UgwYBLXG5yS7B9c7BCJ4AaABAg,w0d_bPb3tz4,2026-09-13 14:23:38+00:00,2026-09-22T13:54:31Z,d9ab48b3e9de,அவர்கள் தனிப்பட்ட வாழ்க்கை என்றாலும் தற்போது தமிழ்நாட்டு மக்களின் தலைவர் என்ற முறையில் இதை தவிர்க்க வேண்டும். மீண்டும் மீண்டும் சகித்துக் கொள்ள முடியாத ஒன்று,50,1,0,https://youtube.com/watch?v=w0d_bPb3tz4&lc=UgwYBLXG5yS7B9c7BCJ4AaABAg,Vijay Trisha,ta,"Although his personal life, now as the leader of the people of Tamil Nadu, this should be avoided.Something that cannot be tolerated over and over again"
youtube,comment,UgyZwyLanNY_-pkTfnd4AaABAg,w0d_bPb3tz4,2026-09-13 14:24:37+00:00,2026-09-22T13:54:31Z,b45264a5e571,விஜய்க்கு திரிஷா முக்கியம்???சங்கீத நீங்கள் உங்க வாழ்க்கை பாருங்க,0,0,0,https://youtube.com/watch?v=w0d_bPb3tz4&lc=UgyZwyLanNY_-pkTfnd4AaABAg,Vijay Trisha,ta,Trisha is important to Vijay???Sangeetha you look at your life
youtube,comment,UgxeOCokuFasZZ9WY714AaABAg,CRNza2iMSJE,2026-09-13 14:31:19+00:00,2026-09-22T03:58:46Z,063a17dc1137,pesame actora irunthu maja panni irukkalam .Arasiyal vazhkkai  athukkulla bore adichu irukkum pola,1,0,0,https://youtube.com/watch?v=CRNza2iMSJE&lc=UgxeOCokuFasZZ9WY714AaABAg,Vijay Trisha,en,pesame actora irunthu maja panni irukkalam .Arasiyal vazhkkai  athukkulla bore adichu irukkum pola
youtube,comment,Ugyi8-JkmqpvnM6jpzV4AaABAg,w0d_bPb3tz4,2026-09-13 14:31:44+00:00,2026-09-22T13:54:31Z,40941827b6c2,Iva oruthi kelatdu serukki mudhevi kovama varuthu,0,0,0,https://youtube.com/watch?v=w0d_bPb3tz4&lc=Ugyi8-JkmqpvnM6jpzV4AaABAg,Vijay Trisha,en,Iva oruthi kelatdu serukki mudhevi kovama varuthu
youtube,comment,UgwRBz08cvbU59JLdPZ4AaABAg,36UIMG2yRDU,2026-09-13 14:33:10+00:00,2026-09-22T04:19:43Z,08335dba72e7,Trisha is same kodi movie character she want to spoil CM sir reputation,2,0,0,https://youtube.com/watch?v=36UIMG2yRDU&lc=UgwRBz08cvbU59JLdPZ4AaABAg,Vijay Trisha,en,Trisha is same kodi movie character she want to spoil CM sir reputation
youtube,comment,Ugwnzm7uzVR6KHg2QNR4AaABAg,CRNza2iMSJE,2026-09-13 14:33:57+00:00,2026-09-22T03:58:46Z,99d2aed08db4,Trisha olinja than kudumbam sikiram ondru serum,8,0,0,https://youtube.com/watch?v=CRNza2iMSJE&lc=Ugwnzm7uzVR6KHg2QNR4AaABAg,Vijay Trisha,en,Trisha olinja than kudumbam sikiram ondru serum
youtube,comment,Ugz0CwcF4UTImiBDoWZ4AaABAg,36UIMG2yRDU,2026-09-13 14:34:08+00:00,2026-09-22T04:19:43Z,821b2b17c779,It’s very wrong bro you son respect to you,2,0,0,https://youtube.com/watch?v=36UIMG2yRDU&lc=Ugz0CwcF4UTImiBDoWZ4AaABAg,Vijay Trisha,en,It’s very wrong bro you son respect to you
youtube,comment,UgwgGFBOK3HnlXmqSoN4AaABAg,CRNza2iMSJE,2026-09-13 14:45:43+00:00,2026-09-22T03:58:46Z,3a3b7f94e3ce,அவ ஓழிந்தால் குடும்பமாயிருப்பாங்க,160,8,0,https://youtube.com/watch?v=CRNza2iMSJE&lc=UgwgGFBOK3HnlXmqSoN4AaABAg,Vijay Trisha,ta,"If she dies, they will be a family"
youtube,comment,UgyFZTh3LYU1ruCMIWN4AaABAg,tXF0m9aktp4,2026-09-13 14:51:30+00:00,2026-09-22T04:34:47Z,4d9ef6f84590,என்ன eps உங்க தலைவர் mgr கலைஞ்சர் பண்ணாத ஒன்ன இப்போ விஜய் பண்ணுறார் சொல்லு eps,3,2,0,https://youtube.com/watch?v=tXF0m9aktp4&lc=UgyFZTh3LYU1ruCMIWN4AaABAg,விஜய் திரிஷா,mixed,What eps is your leader mgr kalingar not doing now vijay is doing eps tell me eps
youtube,comment,Ugxx15Zai6SiLGtsFP14AaABAg,w0d_bPb3tz4,2026-09-13 14:51:43+00:00,2026-09-22T13:54:31Z,27ea0de8dd13,ஐயோ பாவம் மனித குலத்திற்கு வந்த அவமானம் கேவலத்தின் உச்சம்,1,0,0,https://youtube.com/watch?v=w0d_bPb3tz4&lc=Ugxx15Zai6SiLGtsFP14AaABAg,Vijay Trisha,ta,"Alas, sin is the shame that has come to mankind, the height of abomination"
youtube,comment,UgwzrSSO7jQF1KOx92B4AaABAg,CRNza2iMSJE,2026-09-13 15:01:45+00:00,2026-09-22T03:58:46Z,030ba48c47fd,பைல்வான் சார் இந்த வேலையே இதுதானா😅 அடுத்த வீட்டுக்குள்ள என்ன நடக்குதுன்னு பார்க்கிறதா வேலையா வயசானாலும் சும்மா இருக்க மாட்டீங்களா இந்த மாதிரி அடுத்த வீட்டில லைட்டை போட்டு பார்க்கிறதா வேலையா,3,0,0,https://youtube.com/watch?v=CRNza2iMSJE&lc=UgwzrSSO7jQF1KOx92B4AaABAg,Vijay Trisha,ta,"Bailwan sir, is this the same job 😅 Do you see what is happening in the next house? Do you not stay idle even if you are old? Do you turn on the light in the next house?"
youtube,comment,Ugz_3VzMsQpUR9eKwRx4AaABAg,w0d_bPb3tz4,2026-09-13 15:05:03+00:00,2026-09-22T13:54:31Z,1d43784638dc,Ajith aa pathathu thirunthanum...,3,0,0,https://youtube.com/watch?v=w0d_bPb3tz4&lc=Ugz_3VzMsQpUR9eKwRx4AaABAg,Vijay Trisha,en,Ajith aa pathathu thirunthanum...
youtube,comment,Ugy_U2CbL9j3U0B3F1p4AaABAg,w0d_bPb3tz4,2026-09-13 15:05:36+00:00,2026-09-22T13:54:31Z,af8b76ab4eaa,Have lost all the respect for him.,3,0,0,https://youtube.com/watch?v=w0d_bPb3tz4&lc=Ugy_U2CbL9j3U0B3F1p4AaABAg,Vijay Trisha,en,Have lost all the respect for him.
youtube,comment,UgwcVaTFMM-mUNwMH0p4AaABAg,CRNza2iMSJE,2026-09-13 15:07:55+00:00,2026-09-22T03:58:46Z,53f889fb5e44,ஜேசன் சஞ்சய் ஒரு வார்த்தை கூட தகப்பனை விட்டுக்கொடுத்து பேசவில்லை. ஆனால் விஜய்😢😢😢😢,201,6,0,https://youtube.com/watch?v=CRNza2iMSJE&lc=UgwcVaTFMM-mUNwMH0p4AaABAg,Vijay Trisha,ta,Jason Sanjay did not say a single word to his father.But Vijay 😢😢😢😢
youtube,comment,UgzKkLoDzMVoL0dUghV4AaABAg,CRNza2iMSJE,2026-09-13 15:08:15+00:00,2026-09-22T03:58:46Z,d68a89979fa4,"Sangeetha money minded paiya padam release aganumnu divorce a thalli potu irukaga so vijay romba pavan avlotha Ippa divorce vanguna paiya padathuku problem vanthudumnu wait panranga ithula vijay mela thappu illa vijay trisha marriage pannanum  he rites to star new life ,we are not disturb persnol life  ok",1,0,0,https://youtube.com/watch?v=CRNza2iMSJE&lc=UgzKkLoDzMVoL0dUghV4AaABAg,Vijay Trisha,tanglish,"Sangeetha money minded paiya padam release aganumnu divorce a thalli potu irukaga so vijay romba pavan avlotha Ippa divorce vanguna paiya padathuku problem vanthudumnu wait panranga ithula vijay mela thappu illa vijay trisha marriage pannanum he rites to star new life ,we are not disturb persnol life ok"
youtube,comment,UgzlvGZAhXHPVKrb0l94AaABAg,i1BqRYMFS08,2026-09-13 15:09:04+00:00,2026-09-22T13:54:25Z,35cd0f7a96b9,My favorite song❤,2,0,0,https://youtube.com/watch?v=i1BqRYMFS08&lc=UgzlvGZAhXHPVKrb0l94AaABAg,Vijay Trisha,en,My favorite song❤
youtube,comment,Ugztmi6wA8TlEtU1hGZ4AaABAg,tXF0m9aktp4,2026-09-13 15:11:25+00:00,2026-09-22T04:34:47Z,cfe96fbaa42a,Neeya pacha durogi enda  eps pool sapi nee kakalama up in,0,0,0,https://youtube.com/watch?v=tXF0m9aktp4&lc=Ugztmi6wA8TlEtU1hGZ4AaABAg,விஜய் திரிஷா,en,Neeya pacha durogi enda  eps pool sapi nee kakalama up in
youtube,comment,UgwLoXZrKJs_UMZL-094AaABAg,w0d_bPb3tz4,2026-09-13 15:14:46+00:00,2026-09-22T13:54:31Z,2357be72507c,Gun vaithu suttu thalunga vijay trishava.sangeetha pavam summa vidathu.tamilnadu nasama pochi.😢😢😢😢😢😢,4,0,0,https://youtube.com/watch?v=w0d_bPb3tz4&lc=UgwLoXZrKJs_UMZL-094AaABAg,Vijay Trisha,en,Gun vaithu suttu thalunga vijay trishava.sangeetha pavam summa vidathu.tamilnadu nasama pochi.😢😢😢😢😢😢
youtube,comment,UgxXq4bI1I0yXsoZ_LR4AaABAg,36UIMG2yRDU,2026-09-13 15:17:35+00:00,2026-09-22T04:19:43Z,d37f059f39ef,TN's Clinton and monika,8,0,0,https://youtube.com/watch?v=36UIMG2yRDU&lc=UgxXq4bI1I0yXsoZ_LR4AaABAg,Vijay Trisha,en,TN's Clinton and monika
youtube,comment,UgwFUabheUq9VhnOsK54AaABAg,CRNza2iMSJE,2026-09-13 15:19:06+00:00,2026-09-22T03:58:46Z,be7f289dd309,தமிழர்களில் பெரும்பாலும் மடையர்கள் என்பது இந்த சினிமா பைத்தியங்கள் நிரூபித்தபடி இருக்கிறார்கள். லண்டனுக்கு பிடுங்க போயிருக்கான். திரிஷா வ அவன் நொட்டுனா புள்ளிங்கோ நொட்டுன மாதிரி. சீ தூ.,0,0,0,https://youtube.com/watch?v=CRNza2iMSJE&lc=UgwFUabheUq9VhnOsK54AaABAg,Vijay Trisha,ta,These movie crazies have proved that most of the Tamils ​​are mad.He has gone to London.Trisha and Avan are like a dot.See you.
youtube,comment,UgygOxPQvvyiTxOEtF14AaABAg,CRNza2iMSJE,2026-09-13 15:20:06+00:00,2026-09-22T03:58:46Z,9bf738a11a6e,திரிஷாக்கு அங்கு என்ன வேலை ஏன் அப்படி செய்கிறார் திரிஷா,119,7,0,https://youtube.com/watch?v=CRNza2iMSJE&lc=UgygOxPQvvyiTxOEtF14AaABAg,Vijay Trisha,ta,What is Trisha's job there and why is Trisha doing that
youtube,comment,UgwP5PomRwmlJPebuLl4AaABAg,w0d_bPb3tz4,2026-09-13 15:22:56+00:00,2026-09-22T13:54:31Z,337c4121fa43,பொண்டாட்டிய உரிமையோடு நாலு பேருக்கு முன்னாடி நிறுத்தி கௌரவப்படுத்திடும் வப்பாட்டிய வீட்டுக்குள்ள வைக்கணும் இதுதான் மாற்றம் விஜய் அண்ணாவோட இனி மக்களை அவரைப் பார்த்து தொடருங்கள்,0,0,0,https://youtube.com/watch?v=w0d_bPb3tz4&lc=UgwP5PomRwmlJPebuLl4AaABAg,Vijay Trisha,ta,"This is the change in Vappattiya house, which honors four people in front of them with the right of pontificate, Vijay Annavoda."
youtube,comment,Ugz1RMnABbMdzGN3axJ4AaABAg,CRNza2iMSJE,2026-09-13 15:24:53+00:00,2026-09-22T03:58:46Z,0919f5257d31,திரிஷாவால் விஜய்க்கு கெட்ட பெயர்தான் அதிகமாக வரும்,311,12,0,https://youtube.com/watch?v=CRNza2iMSJE&lc=Ugz1RMnABbMdzGN3axJ4AaABAg,Vijay Trisha,ta,Vijay gets a bad name because of Trisha
youtube,comment,UgxIAZ2lUl_6T7hLJxZ4AaABAg,w0d_bPb3tz4,2026-09-13 15:25:33+00:00,2026-09-22T13:54:31Z,eb97544c139e,I never ever like Ajith but now a days I start hating vijay aswell,4,1,0,https://youtube.com/watch?v=w0d_bPb3tz4&lc=UgxIAZ2lUl_6T7hLJxZ4AaABAg,Vijay Trisha,en,I never ever like Ajith but now a days I start hating vijay aswell
youtube,comment,UgwqdI_WQnv7LSylme14AaABAg,CRNza2iMSJE,2026-09-13 15:42:45+00:00,2026-09-22T03:58:46Z,2ddebe53c763,அப்போ வாழ்ந்த காமராஜர் ஐயா காலத்தில் (1954-1963) 9-10 வருடங்களில் 9 அணைகள் கட்டப்பட்டன. ஆனால் இப்போ இருக்கும் தலைவர்கள் ( CM)  LIST இந்த வரிசையில் போய்க்கொண்டு இருக்கிறது. மக்களின் தேர்வு எவ்வளவு அருமையாக உள்ளது.,26,1,0,https://youtube.com/watch?v=CRNza2iMSJE&lc=UgwqdI_WQnv7LSylme14AaABAg,Vijay Trisha,mixed,9 dams were built in 9-10 years during the reign of Kamaraj Aya (1954-1963).But now the Chiefs (CM) LIST is going in this order.How wonderful is people's choice.
youtube,comment,UgwkQUyCYL5328Xrjs94AaABAg,w0d_bPb3tz4,2026-09-13 15:43:42+00:00,2026-09-22T13:54:31Z,c0f0b142eda2,Tamilnadu .......😮,1,0,0,https://youtube.com/watch?v=w0d_bPb3tz4&lc=UgwkQUyCYL5328Xrjs94AaABAg,Vijay Trisha,en,Tamilnadu .......😮
youtube,comment,UgyIE0YhDbQbcKyfNIx4AaABAg,CRNza2iMSJE,2026-09-13 15:58:53+00:00,2026-09-22T03:58:46Z,64301eb124f3,இது உனக்கு எப்படி தெரியும்?,1,0,0,https://youtube.com/watch?v=CRNza2iMSJE&lc=UgyIE0YhDbQbcKyfNIx4AaABAg,Vijay Trisha,ta,How do you know this?
youtube,comment,Ugx5522eAaRZO1H0bJ94AaABAg,CRNza2iMSJE,2026-09-13 16:13:52+00:00,2026-09-22T03:58:46Z,d8f8cfef5f81,இந்த விஜய்யும் மக்கள் மன நிலையை புரியவில்லை மதிக்கவும் இல்லை இந்த திரிஷா பொம்பளையம் குடும்பத்தை கெடுப்பத நிறுத்தவில்லை இப்படி இருந்தால் மத்தவங்க தப்பா தான் பேசுவாங்க,35,0,0,https://youtube.com/watch?v=CRNza2iMSJE&lc=Ugx5522eAaRZO1H0bJ94AaABAg,Vijay Trisha,ta,This Vijay also does not understand the state of mind of the people and does not respect it. This Trisha has not stopped spoiling the Pombalayam family.
youtube,comment,UgzIUdhdOtvLpYUYmDl4AaABAg,CRNza2iMSJE,2026-09-13 16:33:58+00:00,2026-09-22T03:58:46Z,f38d134b89f7,திரிஷாவின் நடவடிக்கையை பார்த்தால் திரிஷா தி மு க வால் அனுப்பப்பட்ட ஆளாக இருக்குமோ ஏனென்றால் திரிஷா நானும் விஜயுடன் தான் இருக்கிறேன் என்று .தலையை நீட்டி கொண்டு இருக்கிறாள் விஜய் திரிஷாவை தலை முழுகினால் தான் விஜயின் குடும்ப மற்றும். அரசியல் வாழ்க்கை நன்றாக இருக்கும்,31,7,0,https://youtube.com/watch?v=CRNza2iMSJE&lc=UgzIUdhdOtvLpYUYmDl4AaABAg,Vijay Trisha,ta,"If you see Trisha's action, Trisha is the person sent by The Muga because Trisha is also with Vijay.Political career will be good"
youtube,comment,Ugx8JQXplkfid7kl1TN4AaABAg,CRNza2iMSJE,2026-09-13 16:39:36+00:00,2026-09-22T03:58:46Z,113150f0fc6f,"Viraivil thala cm aganum, thala rajjiyam katchi, TRK TRK, ak cm",1,0,0,https://youtube.com/watch?v=CRNza2iMSJE&lc=Ugx8JQXplkfid7kl1TN4AaABAg,Vijay Trisha,en,"Viraivil thala cm aganum, thala rajjiyam katchi, TRK TRK, ak cm"
youtube,comment,UgyxnOIBEI_ZWGEXV1V4AaABAg,CRNza2iMSJE,2026-09-13 16:41:04+00:00,2026-09-22T03:58:46Z,50034e93675f,த்ரிஷா அங்க வீடு வாங்குனதுனால தான் அவங்க அப்பாசங்கீதாவிற்கு நிரந்தர இந்திய குடியுரிமையை வாங்கி கொடுத்திருக்கிறார்'🎉,8,0,0,https://youtube.com/watch?v=CRNza2iMSJE&lc=UgyxnOIBEI_ZWGEXV1V4AaABAg,Vijay Trisha,ta,It is because Trisha bought a house there that he has bought permanent Indian citizenship for Appasangeeta.'🎉
youtube,comment,Ugw4weulScpXiciJ33V4AaABAg,CRNza2iMSJE,2026-09-13 16:44:17+00:00,2026-09-22T03:58:46Z,8d07b04a2149,அது எப்படி ரஜினி படம் பார்த்து இருப்பாரு????? 😡😡😡😡 நம்புற மாதிரி சொல்லுங்க sir........,3,0,0,https://youtube.com/watch?v=CRNza2iMSJE&lc=Ugw4weulScpXiciJ33V4AaABAg,Vijay Trisha,mixed,How come Rajini is watching the movie?????😡😡😡😡 Tell me sir........
youtube,comment,UgyWI2nLiY4HaouSDmp4AaABAg,w0d_bPb3tz4,2026-09-13 16:52:01+00:00,2026-09-22T13:54:31Z,b9ad79566eb5,Trisha is jealous of Vijay happy family life,1,0,0,https://youtube.com/watch?v=w0d_bPb3tz4&lc=UgyWI2nLiY4HaouSDmp4AaABAg,Vijay Trisha,en,Trisha is jealous of Vijay happy family life
youtube,comment,UgxQVnQpRbXQrF5PuuB4AaABAg,36UIMG2yRDU,2026-09-13 16:53:21+00:00,2026-09-22T04:19:43Z,4826061aef35,They are not spotted together she voluntarily came and gave pose,0,0,0,https://youtube.com/watch?v=36UIMG2yRDU&lc=UgxQVnQpRbXQrF5PuuB4AaABAg,Vijay Trisha,en,They are not spotted together she voluntarily came and gave pose
youtube,comment,Ugx8OtQppRU3gExOUAN4AaABAg,36UIMG2yRDU,2026-09-13 17:02:13+00:00,2026-09-22T04:19:43Z,41fd360b7bb2,A sidechick is a sidechick no matter wat😂😂😂..and a wife is a wife no matter wat..🔥.cm sir should decide if he needs trisha or people..he can't and won't get both i swear on behalf of all tvk'ians..❤,11,2,0,https://youtube.com/watch?v=36UIMG2yRDU&lc=Ugx8OtQppRU3gExOUAN4AaABAg,Vijay Trisha,en,A sidechick is a sidechick no matter wat😂😂😂..and a wife is a wife no matter wat..🔥.cm sir should decide if he needs trisha or people..he can't and won't get both i swear on behalf of all tvk'ians..❤
youtube,comment,Ugzqq09I1mni7VP_wLJ4AaABAg,tXF0m9aktp4,2026-09-13 17:03:03+00:00,2026-09-22T04:34:47Z,4219dc1cf6af,அட ஆண்டவா இந்த வயதில் இது தேவையா,2,0,0,https://youtube.com/watch?v=tXF0m9aktp4&lc=Ugzqq09I1mni7VP_wLJ4AaABAg,விஜய் திரிஷா,ta,Oh lord is this necessary at this age
youtube,comment,Ugx63n8fczWrE0J9Ipt4AaABAg,CRNza2iMSJE,2026-09-13 17:04:22+00:00,2026-09-22T03:58:46Z,7344b517f808,கொளுத்தி போட்டிய  துங்கு,0,0,0,https://youtube.com/watch?v=CRNza2iMSJE&lc=Ugx63n8fczWrE0J9Ipt4AaABAg,Vijay Trisha,ta,A lit match
youtube,comment,UgwcoTRPsjC8xUq_TZt4AaABAg,i1BqRYMFS08,2026-09-13 17:06:18+00:00,2026-09-22T13:54:25Z,2ae57c37f5e5,Any one from 2026 ❤❤❤😅😅😅,3,0,0,https://youtube.com/watch?v=i1BqRYMFS08&lc=UgwcoTRPsjC8xUq_TZt4AaABAg,Vijay Trisha,en,Any one from 2026 ❤❤❤😅😅😅
youtube,comment,UgzGqU70xtKLtDVcxph4AaABAg,w0d_bPb3tz4,2026-09-13 17:15:43+00:00,2026-09-22T13:54:31Z,59978261109d,Very woist vijay activity,1,0,0,https://youtube.com/watch?v=w0d_bPb3tz4&lc=UgzGqU70xtKLtDVcxph4AaABAg,Vijay Trisha,en,Very woist vijay activity
youtube,comment,Ugx6Mjam3BlHaEqJAt54AaABAg,w0d_bPb3tz4,2026-09-13 17:35:31+00:00,2026-09-22T13:54:31Z,960d8ad49f11,Trisha looks older than Vijay quite a bit scraggly look😮,0,0,0,https://youtube.com/watch?v=w0d_bPb3tz4&lc=Ugx6Mjam3BlHaEqJAt54AaABAg,Vijay Trisha,en,Trisha looks older than Vijay quite a bit scraggly look😮
youtube,comment,UgybBxqs4PmUCIqP-x14AaABAg,CRNza2iMSJE,2026-09-13 17:38:46+00:00,2026-09-22T03:58:46Z,3ed8aeb967ea,விஜய் திரிஷா சேர்ந்து இருப்பதற்கு சிலர் சப்போர்ட் செய்கிறார்கள். அவர்கள் எல்லோரும் கள்ள பொண்டாட்டி / கள்ள புருஷன் வைத்து இருக்கிறார்கள். இப்போ உள்ள இளைஞர்கள் ரொம்ப மோசம் . விஜய்க்கு வளர்ந்த பெண் பிள்ளையை வைத்து கொண்டு வப்பாட்டி வைத்திருப்பது கேவலம். அவனது அப்பா பெரிய புரட்சி படங்களை எடுப்பான். கோர்ட் சீன் எல்லாம் வைத்து periya நியாயவாதி போல் வசனம் இருக்கும். அவனது ஒரு பிள்ளையை ஒழுங்கா வளர்க்க தெரியல. தமிழ்நாடு சீர் கெட்டு இருக்கிறது,1,0,0,https://youtube.com/watch?v=CRNza2iMSJE&lc=UgybBxqs4PmUCIqP-x14AaABAg,Vijay Trisha,mixed,"Some people support Vijay Trisha being together.They are all keeping fake son/ fake husband.Today's youth are very bad.It is disgusting for Vijay to keep a grown-up daughter.His father used to make big revolutionary films.With all the court scene, the dialogue will be like periya's lawyer.He does not know how to properly raise a child.Tamilnadu is in bad shape"
youtube,comment,Ugz1E_1HF6e-a7_4piN4AaABAg,CRNza2iMSJE,2026-09-13 17:40:55+00:00,2026-09-22T03:58:46Z,41fd360b7bb2,Trisha needs counselling..she is so obsessed with vijay..I think she ll cry personally to vijay that she was left behind by other men and creating sympathy just fr political benefits..god shld unite vijay wth Sangeetha..❤,15,1,0,https://youtube.com/watch?v=CRNza2iMSJE&lc=Ugz1E_1HF6e-a7_4piN4AaABAg,Vijay Trisha,en,Trisha needs counselling..she is so obsessed with vijay..I think she ll cry personally to vijay that she was left behind by other men and creating sympathy just fr political benefits..god shld unite vijay wth Sangeetha..❤
youtube,comment,UgxJgC5QUzz1plKEJjp4AaABAg,CRNza2iMSJE,2026-09-13 17:44:08+00:00,2026-09-22T03:58:46Z,6658e62469a2,விசம் ரொம்ப நல்லவன்டா.உன் பொண்டாட்டி. நல்ல அழகா இருந்த அவன் கிட்ட காப்பு டு,0,0,0,https://youtube.com/watch?v=CRNza2iMSJE&lc=UgxJgC5QUzz1plKEJjp4AaABAg,Vijay Trisha,ta,Visham is very good. Your son.He was a good beauty
youtube,comment,UgxR2m23oQiuyFNPQEN4AaABAg,w0d_bPb3tz4,2026-09-13 17:44:26+00:00,2026-09-22T13:54:31Z,de15d952de97,विजय थोडीतरी लाज वाटायला पाहिजे आपण आपल्या घराचं वाटोळ करतोय मुलं मोठी झालेत त्यांनी काय तुझ्याविषयी विचार करायचा त्यांना सगळं कळतंय प्रत्येक वेळी तो काहीतरी व्हिडिओ नवा टाकतोस बायकोला मुलांना त्रास देतो व पब्लिकला पण तुझ्या मनात काय आहे ते कर आणि बस गाळात चिखल अंगावर घेऊन त्यातून तुला कोणीही काढणार नाही परमेश्वर सुद्धा तुला साथ देणार नाही घमंडीत राहू नकोस दुसऱ्याला त्रास द्यायचा मुलं मोठी आहेत त्यांच्या मनाचा विचार करा त्यांना सगळं कळतंय बायकोचा तुझ्याबद्दल काय विचार करते माहित नाही बेकार सी एम पीएम माझ्या नादाला लागू नकोस 😔😔😔😢😢😢,1,0,0,https://youtube.com/watch?v=w0d_bPb3tz4&lc=UgxR2m23oQiuyFNPQEN4AaABAg,Vijay Trisha,en,विजय थोडीतरी लाज वाटायला पाहिजे आपण आपल्या घराचं वाटोळ करतोय मुलं मोठी झालेत त्यांनी काय तुझ्याविषयी विचार करायचा त्यांना सगळं कळतंय प्रत्येक वेळी तो काहीतरी व्हिडिओ नवा टाकतोस बायकोला मुलांना त्रास देतो व पब्लिकला पण तुझ्या मनात काय आहे ते कर आणि बस गाळात चिखल अंगावर घेऊन त्यातून तुला कोणीही काढणार नाही परमेश्वर सुद्धा तुला साथ देणार नाही घमंडीत राहू नकोस दुसऱ्याला त्रास द्यायचा मुलं मोठी आहेत त्यांच्या मनाचा विचार करा त्यांना सगळं कळतंय बायकोचा तुझ्याबद्दल काय विचार करते माहित नाही बेकार सी एम पीएम माझ्या नादाला लागू नकोस 😔😔😔😢😢😢
youtube,comment,UgyARaSKKLjU0_Wt8LF4AaABAg,w0d_bPb3tz4,2026-09-13 17:47:11+00:00,2026-09-22T13:54:31Z,aa2d9a88561e,அரிசி விலை ஜினி விலை எண்ணெய் விலை ஏறிபோச்சிச்சின்னு  ஏழை தான் கவலை படுவான்  லண்டன் டூர் போனவர்கள் கவலைபடமாட்டார்கள் ....,0,0,0,https://youtube.com/watch?v=w0d_bPb3tz4&lc=UgyARaSKKLjU0_Wt8LF4AaABAg,Vijay Trisha,ta,"If the price of rice, Gini price, oil price has gone up, only the poor will worry, those who went to London tour will not worry...."
youtube,comment,UgxfW0SY71V9y59dk9t4AaABAg,CRNza2iMSJE,2026-09-13 17:48:09+00:00,2026-09-22T03:58:46Z,0addab68e85c,Adhan 38 la ajith 😂😂😂😂😂😂😂,1,0,0,https://youtube.com/watch?v=CRNza2iMSJE&lc=UgxfW0SY71V9y59dk9t4AaABAg,Vijay Trisha,en,Adhan 38 la ajith 😂😂😂😂😂😂😂
youtube,comment,UgyrZPPcQYyqJ1AuB9B4AaABAg,w0d_bPb3tz4,2026-09-13 17:48:44+00:00,2026-09-22T13:54:31Z,ffbbca787161,"Endha alaa nambi kalyanam katna, sangeetha pavam 😢 ,  trisha suniyakari kelavi 👹👹👹",0,0,0,https://youtube.com/watch?v=w0d_bPb3tz4&lc=UgyrZPPcQYyqJ1AuB9B4AaABAg,Vijay Trisha,en,"Endha alaa nambi kalyanam katna, sangeetha pavam 😢 ,  trisha suniyakari kelavi 👹👹👹"
youtube,comment,Ugw50vSpw_9gi0ijShV4AaABAg,i1BqRYMFS08,2026-09-13 17:48:48+00:00,2026-09-22T13:54:25Z,8acced7d47a5,After ajith car race trisha entry😂😂😂,0,0,0,https://youtube.com/watch?v=i1BqRYMFS08&lc=Ugw50vSpw_9gi0ijShV4AaABAg,Vijay Trisha,en,After ajith car race trisha entry😂😂😂
youtube,comment,UgzHsSaLSuQKLaVRu854AaABAg,w0d_bPb3tz4,2026-09-13 17:49:38+00:00,2026-09-22T13:54:31Z,de15d952de97,पीएम व्हायचा नादाला लागू नको स कारण मुळात बायकोच नाही तुझी तर फार लफडे कोण तुला पीएम करणार बस तिच्या दारात पडून सांगितला कडून एक पट्टा प्रेझेंट घे पट्टा बांधून त्रिशाच्या दारात पडून राहा तुला कोणी विचारणार नाही देव देऊन बघतोय किती घामेंड करतोस ते 😢,0,0,0,https://youtube.com/watch?v=w0d_bPb3tz4&lc=UgzHsSaLSuQKLaVRu854AaABAg,Vijay Trisha,en,पीएम व्हायचा नादाला लागू नको स कारण मुळात बायकोच नाही तुझी तर फार लफडे कोण तुला पीएम करणार बस तिच्या दारात पडून सांगितला कडून एक पट्टा प्रेझेंट घे पट्टा बांधून त्रिशाच्या दारात पडून राहा तुला कोणी विचारणार नाही देव देऊन बघतोय किती घामेंड करतोस ते 😢
youtube,comment,UgwtR6UxSmhja878Yd94AaABAg,36UIMG2yRDU,2026-09-13 17:50:13+00:00,2026-09-22T04:19:43Z,ffbbca787161,"Endha alaa nambi kalyanam katna, sangeetha pavam 😢 ,  trisha suniyakari kelavi 👹👹👹",1,0,0,https://youtube.com/watch?v=36UIMG2yRDU&lc=UgwtR6UxSmhja878Yd94AaABAg,Vijay Trisha,en,"Endha alaa nambi kalyanam katna, sangeetha pavam 😢 ,  trisha suniyakari kelavi 👹👹👹"
youtube,comment,UgzPl_XGDBv9p2MrV_d4AaABAg,CRNza2iMSJE,2026-09-13 17:51:22+00:00,2026-09-22T03:58:46Z,304486a662a9,பயில்வான் விஜய்க்கு ரொம்ப முட்டு கொடுக்கிறார் ஏன் பயமா,24,1,0,https://youtube.com/watch?v=CRNza2iMSJE&lc=UgzPl_XGDBv9p2MrV_d4AaABAg,Vijay Trisha,ta,"Bailwan is giving a lot of support to Vijay, why is he afraid?"
youtube,comment,UgyZQwud6cv2ciEPcv54AaABAg,CRNza2iMSJE,2026-09-13 17:53:56+00:00,2026-09-22T03:58:46Z,639b8a116171,Vijay is unfit to become CM,15,0,0,https://youtube.com/watch?v=CRNza2iMSJE&lc=UgyZQwud6cv2ciEPcv54AaABAg,Vijay Trisha,en,Vijay is unfit to become CM
youtube,comment,UgzPwHPFb-fnur6CSWF4AaABAg,CRNza2iMSJE,2026-09-13 17:56:28+00:00,2026-09-22T03:58:46Z,3affa4e7cb50,Vijay and sangeetha are good humans.,3,0,0,https://youtube.com/watch?v=CRNza2iMSJE&lc=UgzPwHPFb-fnur6CSWF4AaABAg,Vijay Trisha,en,Vijay and sangeetha are good humans.
youtube,comment,Ugx93l23SgmIJFqPjDF4AaABAg,CRNza2iMSJE,2026-09-13 17:56:49+00:00,2026-09-22T03:58:46Z,9c00fa2c97cb,"CM Vijay sir 
Hero va irunthal eppadi vendum nalum irukalam
But CM  ippo romba careful ah irukanum 
?????",2,0,0,https://youtube.com/watch?v=CRNza2iMSJE&lc=Ugx93l23SgmIJFqPjDF4AaABAg,Vijay Trisha,tanglish,"Sir Sim Vijay
If there is a hero, how can there be four?
But Sim is now very carabiul ah
?????"
youtube,comment,UgwcIh0RQtiotZNExGB4AaABAg,36UIMG2yRDU,2026-09-13 18:01:08+00:00,2026-09-22T04:19:43Z,ba6d966183ca,She purposely wanted the press to see her with him,7,0,0,https://youtube.com/watch?v=36UIMG2yRDU&lc=UgwcIh0RQtiotZNExGB4AaABAg,Vijay Trisha,en,She purposely wanted the press to see her with him
youtube,comment,Ugz6F6Kk5n6W6CTHMDZ4AaABAg,w0d_bPb3tz4,2026-09-13 18:11:23+00:00,2026-09-22T13:54:31Z,1849f171f99d,Naanum vijayku than vote poten  ippo enda pottenu irukku thoo,0,0,0,https://youtube.com/watch?v=w0d_bPb3tz4&lc=Ugz6F6Kk5n6W6CTHMDZ4AaABAg,Vijay Trisha,en,Naanum vijayku than vote poten  ippo enda pottenu irukku thoo
youtube,comment,Ugy7Np0jBOEPrG1Z-2l4AaABAg,w0d_bPb3tz4,2026-09-13 18:17:41+00:00,2026-09-22T13:54:31Z,73222d747e32,விஜய் சார் நீங்கள் தமிழ்நாட்டின் CM பொது இடத்தில் இப்படி பண்ணாதீர்கள் உங்களை பார்த்துதான் நம் நாட்டின் அடுத்த தலை முறைகள் ஒழுக்கங்களை பின்பற்ற வேண்டும்,5,1,0,https://youtube.com/watch?v=w0d_bPb3tz4&lc=Ugy7Np0jBOEPrG1Z-2l4AaABAg,Vijay Trisha,mixed,Vijay sir you CM of Tamilnadu don't do this in public place the next generation of our country should follow the morals just by looking at you
youtube,comment,UgyZEm6ZX0G705MqmGd4AaABAg,w0d_bPb3tz4,2026-09-13 18:39:47+00:00,2026-09-22T13:54:31Z,53a9c06fe13b,Vijay anna indha oru reason kaga ungaluku nan eni vote pana matan nenga thirundha matingla 😢,0,0,0,https://youtube.com/watch?v=w0d_bPb3tz4&lc=UgyZEm6ZX0G705MqmGd4AaABAg,Vijay Trisha,tanglish,Vijay anna indha oru reason kaga ungaluku nan eni vote pana matan nenga thirundha matingla 😢
youtube,comment,Ugz_8uD-S_Mv2mYVZgp4AaABAg,tXF0m9aktp4,2026-09-13 18:40:54+00:00,2026-09-22T04:34:47Z,40d9da1768b8,"Vote potavangala sollanum...tharkuris... Evlo periya position kedachiruku  atha use panni tami nadu ku nallathu pannama....
Ipdi chi  intha vayasla ...",6,3,0,https://youtube.com/watch?v=tXF0m9aktp4&lc=Ugz_8uD-S_Mv2mYVZgp4AaABAg,விஜய் திரிஷா,en,"Vote potavangala sollanum...tharkuris... Evlo periya position kedachiruku  atha use panni tami nadu ku nallathu pannama....
Ipdi chi  intha vayasla ..."
youtube,comment,Ugwuof9AVHAMFn_gSQx4AaABAg,T7w0Scr1bG8,2026-09-13 18:45:20+00:00,2026-09-22T13:54:33Z,1ed9f04e777d,Vijay looks like 65 yrs old,1,0,0,https://youtube.com/watch?v=T7w0Scr1bG8&lc=Ugwuof9AVHAMFn_gSQx4AaABAg,Vijay Trisha,en,Vijay looks like 65 yrs old
youtube,comment,UgxKstQqbXAb4WurrH14AaABAg,LtFVk5EKhJM,2026-09-13 18:58:14+00:00,2026-09-22T04:35:07Z,f9ec5f245f04,"Don't go into another person's life, then we have to  go deep in Ex-CM life personal life and there characters...Who is perfect in personal life. What we are expecting needs to change the system. No brokers and no corruption in any service. He has to focus on law and order, drugs, and no corruption policy with basic needs to all tamil people.If anyone digs him then everyone plays with this issue. No solution for TN people. No option we have to wait for the next election then you can vote for him or change if not done his job properly.",0,0,0,https://youtube.com/watch?v=LtFVk5EKhJM&lc=UgxKstQqbXAb4WurrH14AaABAg,விஜய் திரிஷா,en,"Don't go into another person's life, then we have to  go deep in Ex-CM life personal life and there characters...Who is perfect in personal life. What we are expecting needs to change the system. No brokers and no corruption in any service. He has to focus on law and order, drugs, and no corruption policy with basic needs to all tamil people.If anyone digs him then everyone plays with this issue. No solution for TN people. No option we have to wait for the next election then you can vote for him or change if not done his job properly."
youtube,comment,Ugw6KrHQwa5xdvEKg0t4AaABAg,CRNza2iMSJE,2026-09-13 19:02:46+00:00,2026-09-22T03:58:46Z,063a17dc1137,assemblyla pengalai pesakoodathinnu advancea oruvai sowdal vittathu itharkudhana?Ippo puriyuthu kumar.,1,0,0,https://youtube.com/watch?v=CRNza2iMSJE&lc=Ugw6KrHQwa5xdvEKg0t4AaABAg,Vijay Trisha,en,assemblyla pengalai pesakoodathinnu advancea oruvai sowdal vittathu itharkudhana?Ippo puriyuthu kumar.
youtube,comment,UgxtMoJ8l8_CFAhxZzB4AaABAg,w0d_bPb3tz4,2026-09-13 19:06:23+00:00,2026-09-22T13:54:31Z,b038276c50e8,Please ..anybody please marry her and get her out of Vijay.,2,0,0,https://youtube.com/watch?v=w0d_bPb3tz4&lc=UgxtMoJ8l8_CFAhxZzB4AaABAg,Vijay Trisha,en,Please ..anybody please marry her and get her out of Vijay.
youtube,comment,Ugzr_ip3FA4_bQyUgnh4AaABAg,w0d_bPb3tz4,2026-09-13 19:20:59+00:00,2026-09-22T13:54:31Z,820e6efaf39c,Na srilanka vijey rasigai...but vijey en eppudi nadathukurar thirishavai onnu mery pannanum Ella vidanu ethu Enna uravu,1,1,0,https://youtube.com/watch?v=w0d_bPb3tz4&lc=Ugzr_ip3FA4_bQyUgnh4AaABAg,Vijay Trisha,tanglish,Na sri lanka vijay fan...but how does vij treat me when he marries trisha and what is the relationship with ella vidnu?
youtube,comment,UgxnnO8J4oCDGTXbuKF4AaABAg,w0d_bPb3tz4,2026-09-13 19:21:50+00:00,2026-09-22T13:54:31Z,a59f39ee5893,Super film,0,0,0,https://youtube.com/watch?v=w0d_bPb3tz4&lc=UgxnnO8J4oCDGTXbuKF4AaABAg,Vijay Trisha,en,Super film
youtube,comment,UgzPsrcCNRJ5qepCwOZ4AaABAg,CRNza2iMSJE,2026-09-13 19:30:32+00:00,2026-09-22T03:58:46Z,3b25dba5ea33,😂😂😂😂😂😂😂😂😂😂😂😂😂😂😂😂😂😂😂😂😂😂😂😂😂😂😂😂😂,1,0,0,https://youtube.com/watch?v=CRNza2iMSJE&lc=UgzPsrcCNRJ5qepCwOZ4AaABAg,Vijay Trisha,en,😂😂😂😂😂😂😂😂😂😂😂😂😂😂😂😂😂😂😂😂😂😂😂😂😂😂😂😂😂
youtube,comment,UgyPIxoMMIVt6Pe4W-B4AaABAg,CRNza2iMSJE,2026-09-13 19:56:56+00:00,2026-09-22T03:58:46Z,04eca39d8bf7,mugatha thirupatti yarukum theriyatha athu Vijay nnu....nera thane nintriruntharu,1,0,0,https://youtube.com/watch?v=CRNza2iMSJE&lc=UgyPIxoMMIVt6Pe4W-B4AaABAg,Vijay Trisha,en,mugatha thirupatti yarukum theriyatha athu Vijay nnu....nera thane nintriruntharu
youtube,comment,UgznB6U9sHuvzUS3YIF4AaABAg,36UIMG2yRDU,2026-09-13 20:38:49+00:00,2026-09-22T04:19:43Z,a4ce6f53c2cd,"Trisha is really evil.... Trisha should not insult Vijay(TN-CM- 2026) like this in public, 
 She is repeatedly showing  up in public and embarassing Vijay, which is completely wrong. She is clearly doing it without Vijay consent..... 
Any ways one life, enjoy... ❤❤
But at not the cost of a ""Vijay -Sangeetha family"" 
Trisha is thinking she is New ""Jayalalithaa ""
Absolutely not- That generation is different and this generation is different.",17,3,0,https://youtube.com/watch?v=36UIMG2yRDU&lc=UgznB6U9sHuvzUS3YIF4AaABAg,Vijay Trisha,en,"Trisha is really evil.... Trisha should not insult Vijay(TN-CM- 2026) like this in public, 
 She is repeatedly showing  up in public and embarassing Vijay, which is completely wrong. She is clearly doing it without Vijay consent..... 
Any ways one life, enjoy... ❤❤
But at not the cost of a ""Vijay -Sangeetha family"" 
Trisha is thinking she is New ""Jayalalithaa ""
Absolutely not- That generation is different and this generation is different."
youtube,comment,Ugy8Wgx2BF2nG4ByH2F4AaABAg,w0d_bPb3tz4,2026-09-13 21:23:32+00:00,2026-09-22T13:54:31Z,88456189b6dc,"விஜய்க்கும் திரிஷாவுக்கும் உள்ள பழக்கம் எப்படிபட்டது என்று இரண்டு பேருமே அதிகாரபூர்வமா சொல்லல,  ஆனா விஜய் ஒரு சி.எம் ஆயிடாரு பொது வாழ்கைக்கு வந்துட்டாரு அதனால ஒழுக்கமா இருக்கனும் இப்படி திரிஷா கூட சுத்தலாமா என்று கேவலமா கமெண்ட் போடுறீங்களேடா
சி.எம்னா என்ன சாமியரா இல்ல துறவியா? பொண்டாட்டி விலகிட்ட வேற துணை ஏற்படுத்திக்க கூடாதா? சரி இங்க யாரு உத்தமன்? யாருக்கு சி.எம் ஆக தகுதி இருக்கு?
 இந்த 60 வருஷமா நாம் ஓட்டு போட்டு சி.எம் ஆனவிங்க எல்லாம் உத்தமர்களா? 
தன்னுடைய கூத்தியாளை பொது மேடையில் தன் இரண்டாவது மனைவிக்கு நகைச்சுவையோடு அறிமுகம் செய்தவர் காமூகன் கருனாநிதி அதை கேட்டு கை தட்டி சிரித்தவர்கள் தான் நாம்... 
M.G.R. தன் படத்தில் நடிக்கும் நடிகைகளை எப்படி ஒப்பந்தம் செய்வர் என்று அனைவருக்கும் தெரியும் அப்படி பட்டவர் உத்தமரா?
சோமன் பாபு என்ற நடிகருடன் ரகசிய உறவு வைத்திருந்தார் பின்பு அரசியல் ஆதாயம் தேடி M.G.R ரிடம் வந்தவர் தான் ஜெயலலிதா அம்மா அந்த அம்மா கல்யாணமே பண்ணாத பத்தினியா?
பாலியல் மன்னன் ஸ்டாலின், போலீஸ் அதிகாரியின் உறவு பெண் முதல் செய்தி வாசிக்கும் பெண் என பல பெண்களை நாசம் பண்ணாரு ஆனா ஒரே பொண்டாட்டி யோட மட்டும் வாழ்றாரு அதுக்காக அவர் உத்தமன்னு சொல்ல முடியுமா?
சின்ன தத்தி உதவாநிதி யாருக்காக பாலிடாயில் குடித்தான்? கள்ள காதலிக்காக தூபாயில் ரகசிய வில்லா, கார் ரேஸ் நடத்தியவன், பத்தாததுக்கு இரவு 12  மணிக்கு எவ கால்லயோ பார்த்து ரசித்து ரீ ட்வீட் போட்டவன் இவன் உத்தமனா? சரி 15 வருஷமா பயிற்ச்சி மட்டுமே பண்ற சீமானுக்கு ஓட்டு போடலாம்ன்னா விஜயலட்சுமி கோபப்படுவாங்க....
இப்ப யாரு தான் உத்தமன் சொல்லுங்கடா ஓட்டு போட்டு சி.எம் ஆக்கலாம்.....",0,0,0,https://youtube.com/watch?v=w0d_bPb3tz4&lc=Ugy8Wgx2BF2nG4ByH2F4AaABAg,Vijay Trisha,mixed,"Both of them have not officially said what the relationship between Vijay and Trisha was like, but Vijay is a CM and has come into public life, so it is moral, so please don't make nasty comments about whether Trisha can spit like this.
What CM is a preacher or a saint?Shouldn't you make another partner who is away from Bondati?Well, who is good here?Who is eligible to be CM?
Are these 60 years good enough for us to vote and become CM?
We are the ones who clapped our hands and laughed when Kamugan Karunanidhi introduced his daughter-in-law to his second wife on public stage with a joke...
M.G.R.Everyone knows how to sign the actresses who will act in his film.
Jayalalitha's mother was the one who had a secret relationship with an actor named Soman Babu and then came to M.G.R in search of political gain.Is that mother never married?
Stalin, the king of sex, ruined many women, from a police officer's girlfriend to a woman who reads the news, but can you say that he is good for only one Bontati Yoda?
For whom did Chinna Datta Asthantanidhi drink Palidail?Is he the one who has a secret villa in Dubai, held a car race for a fake girlfriend, retweeted and retweeted at 12 midnight on the 10th?Well, let's vote for Seaman, who has only done education for 15 years, Vijayalakshmi will be angry....
Now don't tell me who is the best, let's vote and make him CM....."
youtube,comment,Ugz8cwNVhroW10s7fdJ4AaABAg,36UIMG2yRDU,2026-09-13 21:36:38+00:00,2026-09-22T04:19:43Z,e0e0e513e40a,Horrible. Get this guy out of cm post. Has nothing useful to contribute but go everywhere with Trisha,2,0,0,https://youtube.com/watch?v=36UIMG2yRDU&lc=Ugz8cwNVhroW10s7fdJ4AaABAg,Vijay Trisha,en,Horrible. Get this guy out of cm post. Has nothing useful to contribute but go everywhere with Trisha
youtube,comment,UgznJa6I3QW0jKdR4cZ4AaABAg,tXF0m9aktp4,2026-09-13 21:44:41+00:00,2026-09-22T04:34:47Z,aca289022d91,"மக்களுக்கான உணமையான எதிர் கட்சியாக அண்ணா திமுக சட்ட மன்றத்திலும் ,மக்கள் மன்றத்திலும் செயல்படுகிறது

தமிழகத்தில் தனிமனித வருமானம் உயர அண்ணா திமுக கொண்டுவந்த திட்டங்களே அடித்தளமிட்டன .

தமிழகத்தை வழி நடத்தும் தொலைநோக்கு பார்வை அண்ணா திமுகவிற்கு மட்டுமே உண்டு  . 

EPS  ஆட்சி காலத்தில் விலைவாசி உயராமல் , அனைத்து திட்டங்களும் நேர்த்தியாக குறித்த நேரத்தில் செயல்படுத்தத்ப்பட்டன 

கடந்த ஐம்பது ஆண்டுகளில் தமிழகத்தில் மிகச்சிறந்த ஆட்சிகாலம் என்றால் அது EPS தலைமையிலான அண்ணா திமுக அரசாங்கமே 

காலத்திற்கேற்றாற்போல் தன்னை தானே தகவைமைத்துகொள்ளும் இயக்கம் அண்ணா திமுக

உங்களில்  ஒருவர்.
மக்கள் முதல்வர் 
தொண்டர்களின் தொண்டர் 
நல்லாட்சி நாயகன் 
இயக்கத்தின் நாடித் துடிப்பு 
EPS தலைமையில் அண்ணா திமுக ஆட்சி மீண்டும் அமைக்கும்
மீண்டும் வெல்வோம் 
மீண்டும் மீண்டும் வெல்வோம் 

மதுராந்தகம் மற்றும் தாராபுரம் தொகுதியில் அண்ணா திமுக  இமாலய வெற்றி பெரும்",1,0,0,https://youtube.com/watch?v=tXF0m9aktp4&lc=UgznJa6I3QW0jKdR4cZ4AaABAg,விஜய் திரிஷா,mixed,"Anna DMK works as a real opposition party for the people in the Legislature and the People's Forum

The plans brought by Anna DMK to increase the personal income in Tamil Nadu laid the foundation.

Only Anna DMK has the vision to lead Tamil Nadu.

During the EPS regime, all the projects were executed neatly on time without any price hike

The best rule in Tamil Nadu in the last fifty years was the Anna DMK government led by EPS

Anna DMK is a movement that adapts itself with the times

One of you.
People's Chief Minister
A volunteer of volunteers
Good governance hero
The pulse of movement
Anna DMK will reconstitute the government under the leadership of EPS
We will win again
We will win again and again

Anna DMK Himalaya won big in Madhurantagam and Tarapuram constituencies"
youtube,comment,UgxsGWdoaBt-4pRcG8Z4AaABAg,CRNza2iMSJE,2026-09-13 22:04:27+00:00,2026-09-22T03:58:46Z,966567550b94,I don't like thiirisja😡,1,0,0,https://youtube.com/watch?v=CRNza2iMSJE&lc=UgxsGWdoaBt-4pRcG8Z4AaABAg,Vijay Trisha,en,I don't like thiirisja😡
youtube,comment,UgwdHeCy5vKeFQ6xk3Z4AaABAg,CRNza2iMSJE,2026-09-13 22:26:13+00:00,2026-09-22T03:58:46Z,f7c4d324423f,Saniyan trisha eppa seththu ponal enru poduvinga. summa tension panni kondu.,1,0,0,https://youtube.com/watch?v=CRNza2iMSJE&lc=UgwdHeCy5vKeFQ6xk3Z4AaABAg,Vijay Trisha,en,Saniyan trisha eppa seththu ponal enru poduvinga. summa tension panni kondu.
youtube,comment,Ugw3Yn6zCNU0x-wzH-54AaABAg,w0d_bPb3tz4,2026-09-13 23:36:55+00:00,2026-09-22T13:54:31Z,ef7a92017d91,"Tamil people REALLY need this ......you deserve this!!....History will record the HEIGHT OF STUPIDITY of Tamil society: Voting for a KOOTHAADI..

Vijay is a TYPICAL high-class ,born with silver spoon...SPOILT KID...",0,0,0,https://youtube.com/watch?v=w0d_bPb3tz4&lc=Ugw3Yn6zCNU0x-wzH-54AaABAg,Vijay Trisha,en,"Tamil people REALLY need this ......you deserve this!!....History will record the HEIGHT OF STUPIDITY of Tamil society: Voting for a KOOTHAADI..

Vijay is a TYPICAL high-class ,born with silver spoon...SPOILT KID..."
youtube,comment,UgwT8sZXZU-GXqN51BZ4AaABAg,CRNza2iMSJE,2026-09-13 23:50:10+00:00,2026-09-22T03:58:46Z,7382eb6918a4,Trisha Krishnan aval nalavee irukathu,1,0,0,https://youtube.com/watch?v=CRNza2iMSJE&lc=UgwT8sZXZU-GXqN51BZ4AaABAg,Vijay Trisha,en,Trisha Krishnan aval nalavee irukathu
youtube,comment,UgztOAVbRsRZKJf9oo94AaABAg,36UIMG2yRDU,2026-09-13 23:59:46+00:00,2026-09-22T04:19:43Z,4a74bdf14411,Trisha in London for shopping,0,0,0,https://youtube.com/watch?v=36UIMG2yRDU&lc=UgztOAVbRsRZKJf9oo94AaABAg,Vijay Trisha,en,Trisha in London for shopping
youtube,comment,Ugxv2FBef0qzJm9wwS94AaABAg,CRNza2iMSJE,2026-09-14 00:01:55+00:00,2026-09-22T03:58:46Z,6359b9b964a9,"சங்கீதா பிள்ளைகள் பாவம் , நல்லபண்பான அழகான மனைவி பிள்ளைகள் இருந்தும் ஆட்டாக்காரி வப்பாட்டியுடன் மாறு வேடத்தில் சுற்றி திரிகிறான் அதுவும் லண்டனில் கூட நிம்மதியை வாழவிடாமல் இந்த பாவம் கர்மா சும்மா விடாது வயது போகத்தான் விஐயைக்கு புத்தி வரும், எதற்கு பொண்ணாட்டி என்னை சுற்றி வப்பாட்டி என தமிழ்நாடு வப்பாட்டி மாநிலம்",2,0,0,https://youtube.com/watch?v=CRNza2iMSJE&lc=Ugxv2FBef0qzJm9wwS94AaABAg,Vijay Trisha,ta,"Sangeeta's children are a sin, despite being a good-natured, beautiful wife and children, Attakari is going around in disguise with Vappati, and even in London, this bad karma will not be idle."
youtube,comment,UgybxE5j4zgZfNh3CYZ4AaABAg,LZP01UodlaU,2026-09-14 00:37:23+00:00,2026-09-22T13:54:18Z,26aef88b8a7b,"sangeetha was very dominating so thier realtion would have gone bad 
they don't care for people comments",0,0,0,https://youtube.com/watch?v=LZP01UodlaU&lc=UgybxE5j4zgZfNh3CYZ4AaABAg,Vijay Trisha,en,"sangeetha was very dominating so thier realtion would have gone bad 
they don't care for people comments"
youtube,comment,UgxRzMwVRm1pCnU4CSd4AaABAg,DUdl8kGBXkE,2026-09-14 00:44:50+00:00,2026-09-22T04:32:45Z,26aef88b8a7b,"very flirty lady ...has dated many guys 
Maybe suchi has rightly said about her",3,0,0,https://youtube.com/watch?v=DUdl8kGBXkE&lc=UgxRzMwVRm1pCnU4CSd4AaABAg,Vijay Trisha,en,"very flirty lady ...has dated many guys 
Maybe suchi has rightly said about her"
youtube,comment,Ugz8MDY8-g2t9PBSPlF4AaABAg,pkgE8ZqLoAY,2026-09-14 01:21:21+00:00,2026-09-22T04:33:20Z,feacfcd26f74,Vijay the CM??,0,0,0,https://youtube.com/watch?v=pkgE8ZqLoAY&lc=Ugz8MDY8-g2t9PBSPlF4AaABAg,Thalapathy Vijay Trisha,en,Vijay the CM??
youtube,comment,UgzZc2VSUmER7OZ9Z8V4AaABAg,CRNza2iMSJE,2026-09-14 01:34:57+00:00,2026-09-22T03:58:46Z,8478cef16b29,edhe continue achina en vote annamalai or any newcomer or nota,1,0,0,https://youtube.com/watch?v=CRNza2iMSJE&lc=UgzZc2VSUmER7OZ9Z8V4AaABAg,Vijay Trisha,en,edhe continue achina en vote annamalai or any newcomer or nota
youtube,comment,Ugy0RNPIp5uq1r4D4vF4AaABAg,T7w0Scr1bG8,2026-09-14 01:35:47+00:00,2026-09-22T13:54:33Z,205ac404600e,"Stupid this is old picture...
U all what problem....
Involve another person personal issue",0,0,0,https://youtube.com/watch?v=T7w0Scr1bG8&lc=Ugy0RNPIp5uq1r4D4vF4AaABAg,Vijay Trisha,en,"Stupid this is old picture...
U all what problem....
Involve another person personal issue"
youtube,comment,UgyxklhjkwVTOwtMLeJ4AaABAg,w0d_bPb3tz4,2026-09-14 01:44:49+00:00,2026-09-22T13:54:31Z,e782d34521f0,Thevaillama pesathinga avaravathu aayiravath poduranga neenga thimuka katchiyil irunthu oru unmai padam matringa keram seiya pathi pesathinga,0,0,0,https://youtube.com/watch?v=w0d_bPb3tz4&lc=UgyxklhjkwVTOwtMLeJ4AaABAg,Vijay Trisha,en,Thevaillama pesathinga avaravathu aayiravath poduranga neenga thimuka katchiyil irunthu oru unmai padam matringa keram seiya pathi pesathinga
youtube,comment,UgzOhYEAg7F-ux-45NR4AaABAg,w0d_bPb3tz4,2026-09-14 01:45:59+00:00,2026-09-22T13:54:31Z,e782d34521f0,P ungaluku nalla theriyuma? vijay salyut adikiranganu thevaillama vijay pathi muthalamaichar commendla yaru eppadi pesathinga,0,0,0,https://youtube.com/watch?v=w0d_bPb3tz4&lc=UgzOhYEAg7F-ux-45NR4AaABAg,Vijay Trisha,tanglish,B Do you know better?No need to talk about Vijay saluting the chief minister's comment.
youtube,comment,Ugwh0yoEAQMsw65L_QR4AaABAg,w0d_bPb3tz4,2026-09-14 01:46:55+00:00,2026-09-22T13:54:31Z,e782d34521f0,Yen enaku oru puriyala thevaillama ethuku vijay annana pathi pesitu irukinga ellarum avanga pesuvanga namma pesakudathu namma ippo vanthu muthalamaichar vanthu vijaythu avaruku namma support than pannanum avar enna pannuvaru thrisha antha mathiri iruku,0,0,0,https://youtube.com/watch?v=w0d_bPb3tz4&lc=Ugwh0yoEAQMsw65L_QR4AaABAg,Vijay Trisha,tanglish,Yen enaku oru puriyala thevaillama ethuku vijay annana pathi pesitu irukinga ellarum avanga pesuvanga namma pesakudathu namma ippo vanthu muthalamaichar vanthu vijaythu avaruku namma support than pannanum avar enna pannuvaru thrisha antha mathiri iruku
youtube,comment,UgzqzzlrZsdCjtEubQd4AaABAg,w0d_bPb3tz4,2026-09-14 01:47:49+00:00,2026-09-22T13:54:31Z,e782d34521f0,Vijay illa oru kupdakudathu,0,0,0,https://youtube.com/watch?v=w0d_bPb3tz4&lc=UgzqzzlrZsdCjtEubQd4AaABAg,Vijay Trisha,en,Vijay illa oru kupdakudathu
youtube,comment,UgzabNRbZgWwLcwMJnZ4AaABAg,tXF0m9aktp4,2026-09-14 02:10:45+00:00,2026-09-22T04:34:47Z,75dbaa35242c,Eps yenba kizhichar,0,0,0,https://youtube.com/watch?v=tXF0m9aktp4&lc=UgzabNRbZgWwLcwMJnZ4AaABAg,விஜய் திரிஷா,en,Eps yenba kizhichar
youtube,comment,UgwOHphbKZboySHlw0B4AaABAg,tXF0m9aktp4,2026-09-14 02:12:39+00:00,2026-09-22T04:34:47Z,75dbaa35242c,"Eps sir why r u talking like this.vayasuku yetha madiri pesungha.unga aatchiyum mosam dan
Wait pannungha vijay aatchi nalla erukum",1,1,0,https://youtube.com/watch?v=tXF0m9aktp4&lc=UgwOHphbKZboySHlw0B4AaABAg,விஜய் திரிஷா,tanglish,"X sir we r u dulking like this
Wait pannung Vijay regime will be good"
youtube,comment,Ugzrn9yBNRLr76scf394AaABAg,CRNza2iMSJE,2026-09-14 02:26:33+00:00,2026-09-22T03:58:46Z,82e717596c18,Why Vijay sir ithellam overa illa?,2,1,0,https://youtube.com/watch?v=CRNza2iMSJE&lc=Ugzrn9yBNRLr76scf394AaABAg,Vijay Trisha,en,Why Vijay sir ithellam overa illa?
youtube,comment,UgxAsJhO1PXBUD96m1t4AaABAg,CRNza2iMSJE,2026-09-14 02:29:53+00:00,2026-09-22T03:58:46Z,e20e89666102,"டேய் ஏன்டா இப்படி, விஜய் விஷயத்தை விட்டு வேற விஷயமே இல்லையாடா?",2,0,0,https://youtube.com/watch?v=CRNza2iMSJE&lc=UgxAsJhO1PXBUD96m1t4AaABAg,Vijay Trisha,ta,"Hey, why is it like this, is there nothing else to do except for Vijay?"
youtube,comment,UgztKOv2gAIyOOMqyGh4AaABAg,CRNza2iMSJE,2026-09-14 02:37:29+00:00,2026-09-22T03:58:46Z,7e386ab9feac,Trisha ❤❤❤❤❤,1,0,0,https://youtube.com/watch?v=CRNza2iMSJE&lc=UgztKOv2gAIyOOMqyGh4AaABAg,Vijay Trisha,en,Trisha ❤❤❤❤❤
youtube,comment,UgxGJCh0UbvFbndhOEx4AaABAg,CRNza2iMSJE,2026-09-14 02:37:43+00:00,2026-09-22T03:58:46Z,74ca814fd777,கூத்தாடி கூட்டம்,2,0,0,https://youtube.com/watch?v=CRNza2iMSJE&lc=UgxGJCh0UbvFbndhOEx4AaABAg,Vijay Trisha,ta,Crowd
youtube,comment,Ugz0FcXTiRWTi6qndS14AaABAg,CRNza2iMSJE,2026-09-14 03:02:49+00:00,2026-09-22T03:58:46Z,10feeea8031e,"ஊரான் ஊட்டு நெய்யில இப்படி ஊதாரி தனமா,, ஊர் சுத்தலாமா ,, மகாபிரபு🕺🕺,,,,இவ்வளவு நாள் எங்களை ,,ஏமாற்றி ரெண்டு பேரும்,,🎥📽️படம் ஓட்டிருக்கீங்க",38,0,0,https://youtube.com/watch?v=CRNza2iMSJE&lc=Ugz0FcXTiRWTi6qndS14AaABAg,Vijay Trisha,ta,"Are you such a prodigal in feeding ghee to the village,, can the town be wasted,, Mahaprabhu🕺🕺,,,, both of you have cheated us for so long,,,🎥📽️play the movie"
youtube,comment,UgzE-HHhIC4GOiV3GB54AaABAg,CRNza2iMSJE,2026-09-14 03:07:26+00:00,2026-09-22T03:58:46Z,a799c04c806a,Trisha.  Have. Strongest. Evidence.  That's. Why.  Vejey. Scared. About. Trisha. He. Can't. Open. His. Mouth.   Original. Original. Than.  Naduvila. Vanthathu   oodipogum.,2,0,0,https://youtube.com/watch?v=CRNza2iMSJE&lc=UgzE-HHhIC4GOiV3GB54AaABAg,Vijay Trisha,en,Trisha.  Have. Strongest. Evidence.  That's. Why.  Vejey. Scared. About. Trisha. He. Can't. Open. His. Mouth.   Original. Original. Than.  Naduvila. Vanthathu   oodipogum.
youtube,comment,UgxV7HkKiGZiqgDCgFZ4AaABAg,CRNza2iMSJE,2026-09-14 03:08:56+00:00,2026-09-22T03:58:46Z,a799c04c806a,Both. Are. Mental crazy.,1,0,0,https://youtube.com/watch?v=CRNza2iMSJE&lc=UgxV7HkKiGZiqgDCgFZ4AaABAg,Vijay Trisha,en,Both. Are. Mental crazy.
youtube,comment,UgzURPIBWEQtphlFqKR4AaABAg,CRNza2iMSJE,2026-09-14 03:16:56+00:00,2026-09-22T03:58:46Z,f63cdf3f8cfb,இவ்வளவுக்கும் எட,1,0,0,https://youtube.com/watch?v=CRNza2iMSJE&lc=UgzURPIBWEQtphlFqKR4AaABAg,Vijay Trisha,ta,Even so
youtube,comment,UgyrdlSBVpRCoId7LdF4AaABAg,CRNza2iMSJE,2026-09-14 03:28:02+00:00,2026-09-22T03:58:46Z,83b68f46bf99,Londan Vijay film teaser super. Vijay film theatre la house full. Any Time croud cm vijay ku. Super tvk❤. But tamil Nadu people all deporment (eb office.busstand heavy croud),1,0,0,https://youtube.com/watch?v=CRNza2iMSJE&lc=UgyrdlSBVpRCoId7LdF4AaABAg,Vijay Trisha,en,Londan Vijay film teaser super. Vijay film theatre la house full. Any Time croud cm vijay ku. Super tvk❤. But tamil Nadu people all deporment (eb office.busstand heavy croud)
youtube,comment,Ugw_Cu-zH4LXtiH_1lB4AaABAg,ZAsIkct2WpI,2026-09-14 03:32:11+00:00,2026-09-22T13:55:05Z,1400b1561625,கத்திரிக்காய் முத்திரை திருக்குள் கடைக்கு வந்து விடு பொறுத்துக் கொண்டிருந்த இருங்கள்,0,0,0,https://youtube.com/watch?v=ZAsIkct2WpI&lc=Ugw_Cu-zH4LXtiH_1lB4AaABAg,Kangana Trisha,ta,Go to the store with the eggplant seal and be patient
youtube,comment,UgzhvREORDpKmrBsmRJ4AaABAg,i1BqRYMFS08,2026-09-14 03:37:48+00:00,2026-09-22T13:54:25Z,a2ec9c319c57,🎉🎉🎉🎉🎉🎉🎉🎉🎉🎉🎉🎉🎉,0,0,0,https://youtube.com/watch?v=i1BqRYMFS08&lc=UgzhvREORDpKmrBsmRJ4AaABAg,Vijay Trisha,en,🎉🎉🎉🎉🎉🎉🎉🎉🎉🎉🎉🎉🎉
youtube,comment,UgxIbwiNPLKaDRVa-3d4AaABAg,i1BqRYMFS08,2026-09-14 03:56:57+00:00,2026-09-22T13:54:25Z,518d28d35c47,விஐய்கலக்கல்என்றுமே❤❤❤❤❤❤❤,1,0,0,https://youtube.com/watch?v=i1BqRYMFS08&lc=UgxIbwiNPLKaDRVa-3d4AaABAg,Vijay Trisha,ta,Viiikalakkal is called ❤❤❤❤❤❤❤❤
youtube,comment,UgxkyGbE45NmUIJQ2mp4AaABAg,w0d_bPb3tz4,2026-09-14 04:41:10+00:00,2026-09-22T13:54:31Z,3e3698f3b56d,Tharkuri nayekale thirunthungada,1,0,0,https://youtube.com/watch?v=w0d_bPb3tz4&lc=UgxkyGbE45NmUIJQ2mp4AaABAg,Vijay Trisha,en,Tharkuri nayekale thirunthungada
youtube,comment,Ugy1GMoasq2HvaDH77F4AaABAg,CRNza2iMSJE,2026-09-14 05:16:56+00:00,2026-09-22T03:58:46Z,4f0ceea5f334,Moodu varumbodhu nadakkum 😂,3,0,0,https://youtube.com/watch?v=CRNza2iMSJE&lc=Ugy1GMoasq2HvaDH77F4AaABAg,Vijay Trisha,en,Moodu varumbodhu nadakkum 😂
youtube,comment,UgwigEPdVZzXzQEHoX54AaABAg,CRNza2iMSJE,2026-09-14 06:08:15+00:00,2026-09-22T03:58:46Z,2b690f25c60a,தற்குறிகள் எங்கும் இருப்பார்கள் 😅 நீயே அவன் தானே,1,0,0,https://youtube.com/watch?v=CRNza2iMSJE&lc=UgwigEPdVZzXzQEHoX54AaABAg,Vijay Trisha,ta,People are everywhere 😅 You are him
youtube,comment,UgzhkvBbhF5ZcoGTmux4AaABAg,w0d_bPb3tz4,2026-09-14 06:25:15+00:00,2026-09-22T13:54:31Z,96fc34da1e48,திரிஷா  . என்ன அழகு. விஜய்க்கு ஜோடியாக சூப்பர்.  அதிமுக திமுக ஒழிக,0,0,0,https://youtube.com/watch?v=w0d_bPb3tz4&lc=UgzhkvBbhF5ZcoGTmux4AaABAg,Vijay Trisha,ta,Trisha.What a beauty.Super paired with Vijay.Get rid of AIADMK and DMK
youtube,comment,Ugw4t10wF625JRHAbmp4AaABAg,36UIMG2yRDU,2026-09-14 06:29:40+00:00,2026-09-22T04:19:43Z,d37f059f39ef,"Tamil nadu CM is Unique in India, Very Daring 😂 bcz no one have guts to roam with their Side Chik publicly like this😂😂 bcz he know what ever he do TN ppl will support him, this is not new to TN politicians, Multiple Marraiges and Open Relationship are common in TN from MGR to Vijay. Just thinking 🤔 in divorce Petition his wife clearly mentioned,Vijay has Affair with an Actress and that Actress post pics with Vijay social media account which is making sangeetha uncomfortable, but still Vijay and Trisha roam like this and trisha continue to post photos, it means they are doing to irritate and hurt sangeetha, feeling sorry for sangeetha. Vijay and Trisha are Sadists.",14,1,0,https://youtube.com/watch?v=36UIMG2yRDU&lc=Ugw4t10wF625JRHAbmp4AaABAg,Vijay Trisha,en,"Tamil nadu CM is Unique in India, Very Daring 😂 bcz no one have guts to roam with their Side Chik publicly like this😂😂 bcz he know what ever he do TN ppl will support him, this is not new to TN politicians, Multiple Marraiges and Open Relationship are common in TN from MGR to Vijay. Just thinking 🤔 in divorce Petition his wife clearly mentioned,Vijay has Affair with an Actress and that Actress post pics with Vijay social media account which is making sangeetha uncomfortable, but still Vijay and Trisha roam like this and trisha continue to post photos, it means they are doing to irritate and hurt sangeetha, feeling sorry for sangeetha. Vijay and Trisha are Sadists."
youtube,comment,UgxPGUbei1XkN4OVoyJ4AaABAg,tXF0m9aktp4,2026-09-14 06:54:10+00:00,2026-09-22T04:34:47Z,2b67c0c2ea2c,"This is called a well balanced life. Multitasking... You can't do it ,... Too bad for you 😂... 

Shame on you guys for talking shit about a man who is doing an amazing job. 

Go and do your job man .. 😂",1,2,0,https://youtube.com/watch?v=tXF0m9aktp4&lc=UgxPGUbei1XkN4OVoyJ4AaABAg,விஜய் திரிஷா,en,"This is called a well balanced life. Multitasking... You can't do it ,... Too bad for you 😂... 

Shame on you guys for talking shit about a man who is doing an amazing job. 

Go and do your job man .. 😂"
youtube,comment,Ugzz_K0EasQRVeOgt254AaABAg,yDTSQAzA2SQ,2026-09-14 06:55:02+00:00,2026-09-22T04:34:46Z,68c0880bb5cc,First comment,1,2,0,https://youtube.com/watch?v=yDTSQAzA2SQ&lc=Ugzz_K0EasQRVeOgt254AaABAg,விஜய் திரிஷா,en,First comment
youtube,comment,UgxZxlSGR2kVrPPl_jx4AaABAg,w0d_bPb3tz4,2026-09-14 06:58:20+00:00,2026-09-22T13:54:31Z,073d75d62a86,❤விஜய். சிசி,0,0,0,https://youtube.com/watch?v=w0d_bPb3tz4&lc=UgxZxlSGR2kVrPPl_jx4AaABAg,Vijay Trisha,ta,❤ Vijay.CC
youtube,comment,UgyQh7xu9GFBTBA3i3l4AaABAg,yDTSQAzA2SQ,2026-09-14 06:58:28+00:00,2026-09-22T04:34:46Z,2f03762ab225,விஜய் அண்ணா சங்கீத அணியை உயிரோட வாழ விடுங்க அவங்க கண்ணு முன்னாடி திரிஷாவை கூப்டின்னு சுத்துனா அவங்க உயிரோடு இருப்பாங்களா புத்தி இருக்கா,112,5,0,https://youtube.com/watch?v=yDTSQAzA2SQ&lc=UgyQh7xu9GFBTBA3i3l4AaABAg,விஜய் திரிஷா,ta,"Let Vijay Anna Sangeetha team live, if they call Trisha in front of their eyes, will they be alive?"
youtube,comment,UgwYXnVWZ2UnkFwtmMF4AaABAg,yDTSQAzA2SQ,2026-09-14 06:59:41+00:00,2026-09-22T04:34:46Z,2f03762ab225,இந்தக் கர்மத்தை தமிழ்நாட்டில் தான் ஊர சுத்த நாங்க லண்டன்லயும் போய் ஊர சுத்தி சங்கீதா நீ உயிரை வாங்குவதற்கு போயிருக்கிறார்கள்,112,1,0,https://youtube.com/watch?v=yDTSQAzA2SQ&lc=UgwYXnVWZ2UnkFwtmMF4AaABAg,விஜய் திரிஷா,ta,Ura Suddha Nanga has gone to London to take this shit in Tamil Nadu.
youtube,comment,Ugz2nbZtmwNW2j-sHi54AaABAg,tXF0m9aktp4,2026-09-14 07:02:03+00:00,2026-09-22T04:34:47Z,6e61b33bd0fd,EPS is correct Tamil person,21,1,0,https://youtube.com/watch?v=tXF0m9aktp4&lc=Ugz2nbZtmwNW2j-sHi54AaABAg,விஜய் திரிஷா,en,EPS is correct Tamil person
youtube,comment,Ugzkgp5eYvSftFusRzp4AaABAg,yDTSQAzA2SQ,2026-09-14 07:02:12+00:00,2026-09-22T04:34:46Z,08a1f1aaef31,Next odu kedaiyatgu,6,0,0,https://youtube.com/watch?v=yDTSQAzA2SQ&lc=Ugzkgp5eYvSftFusRzp4AaABAg,விஜய் திரிஷா,en,Next odu kedaiyatgu
youtube,comment,Ugy_1gBYOqzjGkSqkZZ4AaABAg,yDTSQAzA2SQ,2026-09-14 07:03:01+00:00,2026-09-22T04:34:46Z,6a2c52d387f5,Idulaya walagudu iwaga rendu peruda relationship anna anu Kewalm mulu indiyawke,2,0,0,https://youtube.com/watch?v=yDTSQAzA2SQ&lc=Ugy_1gBYOqzjGkSqkZZ4AaABAg,விஜய் திரிஷா,en,Idulaya walagudu iwaga rendu peruda relationship anna anu Kewalm mulu indiyawke
youtube,comment,UgzmbGyRZ5fg3OflIlJ4AaABAg,CRNza2iMSJE,2026-09-14 07:03:47+00:00,2026-09-22T03:58:46Z,f747d05725de,Give respect to CM Sir,1,0,0,https://youtube.com/watch?v=CRNza2iMSJE&lc=UgzmbGyRZ5fg3OflIlJ4AaABAg,Vijay Trisha,en,Give respect to CM Sir
youtube,comment,UgxIrosuPMMR7d7aA4h4AaABAg,yDTSQAzA2SQ,2026-09-14 07:05:16+00:00,2026-09-22T04:34:46Z,6a2c52d387f5,Unmelaya sangitha divorce panradu nallam anda kelavi nalla wechi saiya un udaya husband da,1,0,0,https://youtube.com/watch?v=yDTSQAzA2SQ&lc=UgxIrosuPMMR7d7aA4h4AaABAg,விஜய் திரிஷா,tanglish,"Sangeet Divorce is done on you, good lady, good old lady."
youtube,comment,Ugwb1tIMogw8kzU5eAN4AaABAg,36UIMG2yRDU,2026-09-14 07:07:19+00:00,2026-09-22T04:19:43Z,4153955cfe6e,This is not right Mr. CM😢.,1,0,0,https://youtube.com/watch?v=36UIMG2yRDU&lc=Ugwb1tIMogw8kzU5eAN4AaABAg,Vijay Trisha,en,This is not right Mr. CM😢.
youtube,comment,UgzGGbb_9db-luRUzJZ4AaABAg,yDTSQAzA2SQ,2026-09-14 07:08:29+00:00,2026-09-22T04:34:46Z,8a41a01ab5f8,Taking diversions  reels  சினிமா only people won't believe tvk alliance parties and Admk group since dual role. Dmk Only working for tamil nadu people,1,0,0,https://youtube.com/watch?v=yDTSQAzA2SQ&lc=UgzGGbb_9db-luRUzJZ4AaABAg,விஜய் திரிஷா,mixed,Taking diversions  reels  சினிமா only people won't believe tvk alliance parties and Admk group since dual role. Dmk Only working for tamil nadu people
youtube,comment,UgxqxfOZQNAcRrHh0Et4AaABAg,yDTSQAzA2SQ,2026-09-14 07:11:13+00:00,2026-09-22T04:34:46Z,d9832844f3c8,"திருமணத்திற்கு மீறிய உறவு சங்கீதா சொன்னது த்ரிஷா தான் , இன்னும் அவங்க 2 பெரும் friends nu சொல்லாதீங்க",133,3,0,https://youtube.com/watch?v=yDTSQAzA2SQ&lc=UgxqxfOZQNAcRrHh0Et4AaABAg,விஜய் திரிஷா,mixed,"It was Trisha who said that Sangeeta had an extramarital relationship, but they are still great friends, don't say that."
youtube,comment,Ugynx64mNcfN1BoWnSh4AaABAg,yDTSQAzA2SQ,2026-09-14 07:11:35+00:00,2026-09-22T04:34:46Z,c4e85c6ebbb1,"Ippo avanuku ennaanga da, Trisha gillila irunthu kooda nadichavanga.. Rendu perum onnaa meet pannina enna thappu",2,3,0,https://youtube.com/watch?v=yDTSQAzA2SQ&lc=Ugynx64mNcfN1BoWnSh4AaABAg,விஜய் திரிஷா,tanglish,"Now what about him, Trisha even acted in Gill."
youtube,comment,Ugx0am-rKJ1d95Xtibx4AaABAg,yDTSQAzA2SQ,2026-09-14 07:12:08+00:00,2026-09-22T04:34:46Z,88ca81374705,Ruin his fans,3,0,0,https://youtube.com/watch?v=yDTSQAzA2SQ&lc=Ugx0am-rKJ1d95Xtibx4AaABAg,விஜய் திரிஷா,en,Ruin his fans
youtube,comment,UgwN9BBAfMqZIRWfVH54AaABAg,yDTSQAzA2SQ,2026-09-14 07:18:07+00:00,2026-09-22T04:34:46Z,f95baa7abf4a,Karma கண்டிப்பா சும்மா விடாது oru wife பாக்கும் போது அவங்களுக்கு எப்டி இருக்கும்னு தெரியாது இல்ல அந்த வலி ரொம்ப தப்பு பண்றிங்க,198,11,0,https://youtube.com/watch?v=yDTSQAzA2SQ&lc=UgwN9BBAfMqZIRWfVH54AaABAg,விஜய் திரிஷா,mixed,"Karma will not leave it alone, they don't know how they feel when they see their wife, that pain is very wrong."
youtube,comment,Ugz20ADPXjgGeGqc6SN4AaABAg,yDTSQAzA2SQ,2026-09-14 07:19:27+00:00,2026-09-22T04:34:46Z,a56fec021572,"Vijay. You. wong. Your  behaviour,",34,0,0,https://youtube.com/watch?v=yDTSQAzA2SQ&lc=Ugz20ADPXjgGeGqc6SN4AaABAg,விஜய் திரிஷா,en,"Vijay. You. wong. Your  behaviour,"
youtube,comment,Ugwhj9nY17JHkeurIxZ4AaABAg,yDTSQAzA2SQ,2026-09-14 07:20:08+00:00,2026-09-22T04:34:46Z,1.32508E+11,Vijay dont act. Fraud. U r thinking tamil nadu people r fools,113,1,0,https://youtube.com/watch?v=yDTSQAzA2SQ&lc=Ugwhj9nY17JHkeurIxZ4AaABAg,விஜய் திரிஷா,en,Vijay dont act. Fraud. U r thinking tamil nadu people r fools
youtube,comment,UgxPuYBI7eSEu3-nndJ4AaABAg,yDTSQAzA2SQ,2026-09-14 07:23:06+00:00,2026-09-22T04:34:46Z,4ee9046f59ce,I don't like Vijay sir,66,3,0,https://youtube.com/watch?v=yDTSQAzA2SQ&lc=UgxPuYBI7eSEu3-nndJ4AaABAg,விஜய் திரிஷா,en,I don't like Vijay sir
youtube,comment,UgzvAOWsrLi8aivw_2x4AaABAg,CRNza2iMSJE,2026-09-14 07:24:35+00:00,2026-09-22T03:58:45Z,1.32508E+11,Dont support Vijay. Vijay fraud. No more tvk. Tvk closed.,4,0,0,https://youtube.com/watch?v=CRNza2iMSJE&lc=UgzvAOWsrLi8aivw_2x4AaABAg,Vijay Trisha,en,Dont support Vijay. Vijay fraud. No more tvk. Tvk closed.
youtube,comment,UgxC5rMcgII1G0L53_R4AaABAg,yDTSQAzA2SQ,2026-09-14 07:27:00+00:00,2026-09-22T04:34:46Z,1a98c08c7871,Manam ketta saniyan,48,0,0,https://youtube.com/watch?v=yDTSQAzA2SQ&lc=UgxC5rMcgII1G0L53_R4AaABAg,விஜய் திரிஷா,en,Manam ketta saniyan
youtube,comment,Ugx-7smw6Q8CGfL99Hd4AaABAg,yDTSQAzA2SQ,2026-09-14 07:28:47+00:00,2026-09-22T04:34:44Z,ac9358d26057,Election munnadiye onna dhaana vanthanga edho pudusa podura maari podureega 😂😂😂,1,0,0,https://youtube.com/watch?v=yDTSQAzA2SQ&lc=Ugx-7smw6Q8CGfL99Hd4AaABAg,விஜய் திரிஷா,en,Election munnadiye onna dhaana vanthanga edho pudusa podura maari podureega 😂😂😂
youtube,comment,UgwCIiaiMjhLlndbOzR4AaABAg,CRNza2iMSJE,2026-09-14 07:29:44+00:00,2026-09-22T03:58:45Z,db9a4e80bbba,சங்கீதாவை அஜித் சேர்த்துக் கொள்ளாத அல்லது திரிஷாவை சேர்த்துக் கொண்டாரா யாரு யாரு கூட வாழ்கிறான்,0,0,0,https://youtube.com/watch?v=CRNza2iMSJE&lc=UgwCIiaiMjhLlndbOzR4AaABAg,Vijay Trisha,ta,Who knows whether Sangeeta is not married to Ajith or Trisha is married to him
youtube,comment,UgzuzP_CVz7eg0xNntB4AaABAg,yDTSQAzA2SQ,2026-09-14 07:30:24+00:00,2026-09-22T04:34:44Z,40fa99fc796e,We have to see this karumamn daily thuuu,0,0,0,https://youtube.com/watch?v=yDTSQAzA2SQ&lc=UgzuzP_CVz7eg0xNntB4AaABAg,விஜய் திரிஷா,en,We have to see this karumamn daily thuuu
youtube,comment,Ugz9cEq-pg6S91yOl2p4AaABAg,yDTSQAzA2SQ,2026-09-14 07:31:22+00:00,2026-09-22T04:34:44Z,995c3b31569d,Kedi nayga porikiha,2,0,0,https://youtube.com/watch?v=yDTSQAzA2SQ&lc=Ugz9cEq-pg6S91yOl2p4AaABAg,விஜய் திரிஷா,en,Kedi nayga porikiha
youtube,comment,UgzBe6N0-gCxfkbD4lJ4AaABAg,yDTSQAzA2SQ,2026-09-14 07:31:31+00:00,2026-09-22T04:34:44Z,eeb6fc9d5b7d,"London culture 
😂",2,2,0,https://youtube.com/watch?v=yDTSQAzA2SQ&lc=UgzBe6N0-gCxfkbD4lJ4AaABAg,விஜய் திரிஷா,en,"London culture 
😂"
youtube,comment,UgzuxLcY74SE3pOpbWN4AaABAg,yDTSQAzA2SQ,2026-09-14 07:31:50+00:00,2026-09-22T04:34:44Z,a6d1c4dd487d,இப்போ எல்லாம் சேர்ந்து விசில் ஊதுங்க.....,36,1,0,https://youtube.com/watch?v=yDTSQAzA2SQ&lc=UgzuxLcY74SE3pOpbWN4AaABAg,விஜய் திரிஷா,ta,Now let's all blow the whistle together.....
youtube,comment,UgzMsZSWFXI1ZIPt5Wl4AaABAg,yDTSQAzA2SQ,2026-09-14 07:37:33+00:00,2026-09-22T04:34:44Z,2e49c39cbbac,Vijai. Sir உங்களுக்கு ஓட்டுபோட்டது தப்பா போச்சு குடும்பத்தை விட்டு கூத்தாடுவது,391,9,0,https://youtube.com/watch?v=yDTSQAzA2SQ&lc=UgzMsZSWFXI1ZIPt5Wl4AaABAg,விஜய் திரிஷா,mixed,"Vijay.Sir, what made you vote was to leave the Tappa Pochu family"
youtube,comment,Ugys4dmTvCrE9CbKR0x4AaABAg,yDTSQAzA2SQ,2026-09-14 07:39:56+00:00,2026-09-22T04:34:44Z,9ad21cd75870,Evaka plz thirisha simpuva marriage pannuka,1,1,0,https://youtube.com/watch?v=yDTSQAzA2SQ&lc=Ugys4dmTvCrE9CbKR0x4AaABAg,விஜய் திரிஷா,en,Evaka plz thirisha simpuva marriage pannuka
youtube,comment,Ugwyc84gWFEQvt6Dmgx4AaABAg,yDTSQAzA2SQ,2026-09-14 07:41:00+00:00,2026-09-22T04:34:44Z,9ad21cd75870,Tamil Nadu manathavakatheka Jajah. Ravi kannis mathere pannuka,5,1,0,https://youtube.com/watch?v=yDTSQAzA2SQ&lc=Ugwyc84gWFEQvt6Dmgx4AaABAg,விஜய் திரிஷா,en,Tamil Nadu manathavakatheka Jajah. Ravi kannis mathere pannuka
youtube,comment,Ugz-hkuF06WCdMw2I7B4AaABAg,CRNza2iMSJE,2026-09-14 07:46:47+00:00,2026-09-22T03:58:45Z,86111c8fce89,Trisha is not giving space between vijay and his wife Sangeetha. Any wife willnot  accept this behaviour..,8,0,0,https://youtube.com/watch?v=CRNza2iMSJE&lc=Ugz-hkuF06WCdMw2I7B4AaABAg,Vijay Trisha,en,Trisha is not giving space between vijay and his wife Sangeetha. Any wife willnot  accept this behaviour..
youtube,comment,Ugwi-SFiNRqRkUpLj8F4AaABAg,yDTSQAzA2SQ,2026-09-14 07:47:11+00:00,2026-09-22T04:34:44Z,51f8cd35c4e1,Yappa ore bedroom la irrukanganu naanga solrom nee eannana carla irrukkanganu solra 😂😂😂😂,1,0,0,https://youtube.com/watch?v=yDTSQAzA2SQ&lc=Ugwi-SFiNRqRkUpLj8F4AaABAg,விஜய் திரிஷா,tanglish,Yappa ore bedroom la irrukkanganu naanga solrom nee eannana carla irrukkanganu solra 😂😂😂😂
youtube,comment,UgxJZalO2ToeHZbVq-B4AaABAg,yDTSQAzA2SQ,2026-09-14 07:51:16+00:00,2026-09-22T04:34:44Z,7b719b7e5c4b,ரெண்டு புறம்போக்கு பற்றி தான் நமக்கு தெரியுமே. இது  ங்க குஜால் பண்ண நம் வரிப்பணம் தான் வீணாகிறது 😢,0,0,0,https://youtube.com/watch?v=yDTSQAzA2SQ&lc=UgxJZalO2ToeHZbVq-B4AaABAg,விஜய் திரிஷா,ta,We only know about two outliers.Our tax money is being wasted to do this
youtube,comment,UgzsPiBrN4oR_RndMLx4AaABAg,yDTSQAzA2SQ,2026-09-14 07:53:37+00:00,2026-09-22T04:34:44Z,14fc506aae78,Idhula unakena prachana,0,0,0,https://youtube.com/watch?v=yDTSQAzA2SQ&lc=UgzsPiBrN4oR_RndMLx4AaABAg,விஜய் திரிஷா,en,Idhula unakena prachana
youtube,comment,UgzTW2sY694UF31GLRZ4AaABAg,yDTSQAzA2SQ,2026-09-14 07:53:48+00:00,2026-09-22T04:34:44Z,d03b52333a76,"On one side, he is betraying his wife and playing with his children’s emotions, while on the other side he keeps saying I am for the people.He has a lot to learn from his son. My respect for his wife’s patience and this thrisha seems to have no emotions or guilt -only greed. She is simply using a famous person to fulfill her own selfish desires.For a woman like this, he left his precious wife and children. God only can save him from this lady.😔",235,26,0,https://youtube.com/watch?v=yDTSQAzA2SQ&lc=UgzTW2sY694UF31GLRZ4AaABAg,விஜய் திரிஷா,en,"On one side, he is betraying his wife and playing with his children’s emotions, while on the other side he keeps saying I am for the people.He has a lot to learn from his son. My respect for his wife’s patience and this thrisha seems to have no emotions or guilt -only greed. She is simply using a famous person to fulfill her own selfish desires.For a woman like this, he left his precious wife and children. God only can save him from this lady.😔"
youtube,comment,Ugw-OYfpfezFaasGQ0l4AaABAg,yDTSQAzA2SQ,2026-09-14 07:54:53+00:00,2026-09-22T04:34:44Z,e4856a0918fd,Thooooooo idhugala pathalae kaduppa irukku,0,0,0,https://youtube.com/watch?v=yDTSQAzA2SQ&lc=Ugw-OYfpfezFaasGQ0l4AaABAg,விஜய் திரிஷா,en,Thooooooo idhugala pathalae kaduppa irukku
youtube,comment,Ugw8sRdMfF_jbntHUCR4AaABAg,yDTSQAzA2SQ,2026-09-14 07:55:26+00:00,2026-09-22T04:34:44Z,9830bc62bba8,சீக்கிரமா marriage date சொல்லுங்க முதல்வரே😂😂😂😂😂😂😂,22,0,0,https://youtube.com/watch?v=yDTSQAzA2SQ&lc=Ugw8sRdMfF_jbntHUCR4AaABAg,விஜய் திரிஷா,mixed,Please tell me the marriage date asap 😂😂😂😂😂😂😂
youtube,comment,Ugw7tBoYvgk8OlU70rd4AaABAg,tXF0m9aktp4,2026-09-14 07:55:30+00:00,2026-09-22T04:34:47Z,23d7cad1865b,Nothing better to talk. Cheap politic.,0,0,0,https://youtube.com/watch?v=tXF0m9aktp4&lc=Ugw7tBoYvgk8OlU70rd4AaABAg,விஜய் திரிஷா,en,Nothing better to talk. Cheap politic.
youtube,comment,UgwGxAVWMZdRqS06Irx4AaABAg,yDTSQAzA2SQ,2026-09-14 07:56:48+00:00,2026-09-22T04:34:44Z,d86c54f9894c,புள்ள பொண்டாட்டி இருக்கும் ஊரில் இது சைக்கோ இரத்த கண்ணீர் எம் ஆர் இராதா நிலை வரணும்,236,3,0,https://youtube.com/watch?v=yDTSQAzA2SQ&lc=UgwGxAVWMZdRqS06Irx4AaABAg,விஜய் திரிஷா,ta,"In the town where Bulla Bondati exists, this should come to the level of psycho blood tears Mr. Rada"
youtube,comment,UgwZP0Bm31nT7HPjo3p4AaABAg,yDTSQAzA2SQ,2026-09-14 08:00:40+00:00,2026-09-22T04:34:44Z,b2556eba8d7e,விஜய் சார் உங்களை நம்பி ஓட்டு போட்டது மட்டும் இல்லை வீட்டில் இருக்கிறவங்க கூட தினம் வாக்குவாதம் தான். ஆட்சி கவிழும் போது தெரியும் எதை இழந்து இருக்கீங்க னு? அஜித் சார் அட்வைஸ் பண்ணுங்க இவருக்கு..,382,28,0,https://youtube.com/watch?v=yDTSQAzA2SQ&lc=UgwZP0Bm31nT7HPjo3p4AaABAg,விஜய் திரிஷா,ta,"Not only did Vijay sir vote for you, but even those at home are arguing every day.When the regime falls, what do you lose?Ajith sir advise him.."
youtube,comment,Ugy3EFJ166lul3HWcal4AaABAg,tXF0m9aktp4,2026-09-14 08:06:04+00:00,2026-09-22T04:34:47Z,0b7c24dd389e,வயசுக்கு நீ பேச வேண்டிய பேச்சா டா இதெல்லாம் உன் மேல எவ்வளவு மதிப்பு மரியாதை இருந்தது நீயும் திமுக காரங்க மாதிரி தரம் தாழ்ந்து தான் பேசுற,0,0,0,https://youtube.com/watch?v=tXF0m9aktp4&lc=Ugy3EFJ166lul3HWcal4AaABAg,விஜய் திரிஷா,ta,This is the kind of talk you should be talking about at your age. How much respect did you have?
youtube,comment,UgxrNuAnr0NrSbTb5sZ4AaABAg,tXF0m9aktp4,2026-09-14 08:06:20+00:00,2026-09-22T04:34:47Z,0b7c24dd389e,கடந்த அஞ்சு வருஷத்துல எதுக்கெல்லாம் சார் குரல் கொடுத்து இருக்கீங்க,1,0,0,https://youtube.com/watch?v=tXF0m9aktp4&lc=UgxrNuAnr0NrSbTb5sZ4AaABAg,விஜய் திரிஷா,ta,"In the last five years, you have given your voice to everything"
youtube,comment,UgywVk66o6TFtgvZoAR4AaABAg,i1BqRYMFS08,2026-09-14 08:07:12+00:00,2026-09-22T13:54:25Z,e58158d87bf6,"Legendary Song 
Legendary Hero Thalapati Vijay
& Beauty Trisha 
overall Mindblowing Song ❤❤❤",1,0,0,https://youtube.com/watch?v=i1BqRYMFS08&lc=UgywVk66o6TFtgvZoAR4AaABAg,Vijay Trisha,en,"Legendary Song 
Legendary Hero Thalapati Vijay
& Beauty Trisha 
overall Mindblowing Song ❤❤❤"
youtube,comment,UgxNNP9STQy2THnDt3J4AaABAg,yDTSQAzA2SQ,2026-09-14 08:07:26+00:00,2026-09-22T04:34:44Z,0887c1a41a84,Ajith ஷாலினி சூர்யா ஜோதிகா பாத்து கத்துக்கோங்க,335,11,0,https://youtube.com/watch?v=yDTSQAzA2SQ&lc=UgxNNP9STQy2THnDt3J4AaABAg,விஜய் திரிஷா,mixed,Ajith Shalini Surya Jyotika Bathu Scream
youtube,comment,Ugy8MJxHgGh7UnfEVGp4AaABAg,yDTSQAzA2SQ,2026-09-14 08:08:50+00:00,2026-09-22T04:34:44Z,60200ddd3795,விஜய் சார் உங்களுக்கு ஓட்டு போட்டது தப்போ நினைக்க வைக்கிறீங்க பொண்டாட்டிக்கு துரோகம் பண்ண எவனும் நல்லா இருக்க முடியாது அது சிஎம் ஆயிருந்தா என்ன ஆண்டவனா இருந்தா என்ன,0,0,0,https://youtube.com/watch?v=yDTSQAzA2SQ&lc=Ugy8MJxHgGh7UnfEVGp4AaABAg,விஜய் திரிஷா,ta,"Vijay sir, you are making me think that it is wrong to vote for you. No one can be good enough to betray Bondati, whether it is the CM or the Lord."
youtube,comment,UgxQlu75dRo00RhFSKF4AaABAg,w0d_bPb3tz4,2026-09-14 08:09:57+00:00,2026-09-22T13:54:31Z,0d4a3047d623,நல்ல தொழில் முதலீடு😂,0,0,0,https://youtube.com/watch?v=w0d_bPb3tz4&lc=UgxQlu75dRo00RhFSKF4AaABAg,Vijay Trisha,ta,Good business investment
youtube,comment,UgxextRbJ1o3fM_wCzJ4AaABAg,CRNza2iMSJE,2026-09-14 08:11:47+00:00,2026-09-22T03:58:45Z,60200ddd3795,ஏன்யா கமெண்ட் எல்லாம் பார்த்தா ரொம்ப மோசமா இருக்கு நீங்க விஜய்க்கு சொம்பு தூக்குறீங்களா இல்ல உண்மைய பேசுறீங்களா சொல்லுங்க நானும் விஜய்க்கு தான்  ஓட்டு போட்டேன் திரிஷா அவர் பெயரை கெடுப்பதற்காக வருகிறார். அது அவருக்கு புரியாதா,8,0,0,https://youtube.com/watch?v=CRNza2iMSJE&lc=UgxextRbJ1o3fM_wCzJ4AaABAg,Vijay Trisha,ta,"Why do you see all the comments, it is very bad, tell me whether you are raising anvil for Vijay or not, I voted for Vijay, Trisha is coming to tarnish his name.Doesn't he understand that?"
youtube,comment,Ugxblf8rgwn1tB-nzjx4AaABAg,yDTSQAzA2SQ,2026-09-14 08:13:02+00:00,2026-09-22T04:34:44Z,6bb50698f892,"Car door parunga brown colour trisha , vijay door black colour he opens",1,0,0,https://youtube.com/watch?v=yDTSQAzA2SQ&lc=Ugxblf8rgwn1tB-nzjx4AaABAg,விஜய் திரிஷா,en,"Car door parunga brown colour trisha , vijay door black colour he opens"
youtube,comment,UgwuiBCYZgPue9ZG0K94AaABAg,yDTSQAzA2SQ,2026-09-14 08:13:38+00:00,2026-09-22T04:34:44Z,dace74c367db,I prayed for vijay but now I won't do that again. If vijay loses the election reason will be trisha . I will never recommend vijay again just because of trisha.,36,5,0,https://youtube.com/watch?v=yDTSQAzA2SQ&lc=UgwuiBCYZgPue9ZG0K94AaABAg,விஜய் திரிஷா,en,I prayed for vijay but now I won't do that again. If vijay loses the election reason will be trisha . I will never recommend vijay again just because of trisha.
youtube,comment,UgwdvUivZvotUaltmJN4AaABAg,yDTSQAzA2SQ,2026-09-14 08:15:12+00:00,2026-09-22T04:34:44Z,a34d1b29a19b,Pondatti pullinga Vaitherchal kattum Vijay sir,17,0,0,https://youtube.com/watch?v=yDTSQAzA2SQ&lc=UgwdvUivZvotUaltmJN4AaABAg,விஜய் திரிஷா,en,Pondatti pullinga Vaitherchal kattum Vijay sir
youtube,comment,UgwGCDA4w8UE-6HalSt4AaABAg,yDTSQAzA2SQ,2026-09-14 08:18:54+00:00,2026-09-22T04:34:44Z,608354c4d97f,Mrg eppo cm sir,0,0,0,https://youtube.com/watch?v=yDTSQAzA2SQ&lc=UgwGCDA4w8UE-6HalSt4AaABAg,விஜய் திரிஷா,en,Mrg eppo cm sir
youtube,comment,UgywObu8xOAD3omuhxZ4AaABAg,yDTSQAzA2SQ,2026-09-14 08:19:47+00:00,2026-09-22T04:34:44Z,1e949f4c6a2e,Trisha car puncher pola,6,0,0,https://youtube.com/watch?v=yDTSQAzA2SQ&lc=UgywObu8xOAD3omuhxZ4AaABAg,விஜய் திரிஷா,en,Trisha car puncher pola
youtube,comment,UgxGkJzn4rS4Dygopeh4AaABAg,yDTSQAzA2SQ,2026-09-14 08:21:18+00:00,2026-09-22T04:34:44Z,7f9915f24203,Keduketta Trisha podi engavadhu uyira vaangura Vijay sir kolandhaiga paavam unna summa vidadhu,11,1,0,https://youtube.com/watch?v=yDTSQAzA2SQ&lc=UgxGkJzn4rS4Dygopeh4AaABAg,விஜய் திரிஷா,en,Keduketta Trisha podi engavadhu uyira vaangura Vijay sir kolandhaiga paavam unna summa vidadhu
youtube,comment,Ugz8zDQtJjr_AayBEb54AaABAg,yDTSQAzA2SQ,2026-09-14 08:21:48+00:00,2026-09-22T04:34:44Z,4856885cd350,It's vijay personal may be,1,0,0,https://youtube.com/watch?v=yDTSQAzA2SQ&lc=Ugz8zDQtJjr_AayBEb54AaABAg,விஜய் திரிஷா,en,It's vijay personal may be
youtube,comment,UgxF-u3avHLdp_6HaWJ4AaABAg,yDTSQAzA2SQ,2026-09-14 08:24:51+00:00,2026-09-22T04:34:44Z,1e15273afc6e,Cm sir eppady pannathinga bery very shame tamilnadu,6,0,0,https://youtube.com/watch?v=yDTSQAzA2SQ&lc=UgxF-u3avHLdp_6HaWJ4AaABAg,விஜய் திரிஷா,en,Cm sir eppady pannathinga bery very shame tamilnadu
youtube,comment,Ugy5SIcNb-j4NSPUw1F4AaABAg,yDTSQAzA2SQ,2026-09-14 08:27:13+00:00,2026-09-22T04:34:44Z,2b2e35594401,😢😢😢😢😢😢😢😢😢😢😢,1,0,0,https://youtube.com/watch?v=yDTSQAzA2SQ&lc=Ugy5SIcNb-j4NSPUw1F4AaABAg,விஜய் திரிஷா,en,😢😢😢😢😢😢😢😢😢😢😢
youtube,comment,UgxbJmMg_mqPluVmitd4AaABAg,yDTSQAzA2SQ,2026-09-14 08:27:35+00:00,2026-09-22T04:34:44Z,76f6a99891e1,இதுதான்  தொழில்முனைவோரை  இழுக்கும்வழி,0,0,0,https://youtube.com/watch?v=yDTSQAzA2SQ&lc=UgxbJmMg_mqPluVmitd4AaABAg,விஜய் திரிஷா,ta,This is what attracts entrepreneurs
youtube,comment,UgxUl9-DMMt4FeVmm6Z4AaABAg,CRNza2iMSJE,2026-09-14 08:28:16+00:00,2026-09-22T03:58:45Z,a4743426d71f,அவன் அழிவை அவனே தேடிக் கொள்கிறான்,149,6,0,https://youtube.com/watch?v=CRNza2iMSJE&lc=UgxUl9-DMMt4FeVmm6Z4AaABAg,Vijay Trisha,ta,He seeks his own destruction
youtube,comment,Ugx3R7VbeBvsGIBcZ0B4AaABAg,yDTSQAzA2SQ,2026-09-14 08:28:25+00:00,2026-09-22T04:34:44Z,303d6e80d860,Don't involve their personal,0,0,0,https://youtube.com/watch?v=yDTSQAzA2SQ&lc=Ugx3R7VbeBvsGIBcZ0B4AaABAg,விஜய் திரிஷா,en,Don't involve their personal
youtube,comment,UgxipniKsJoaabMSa4l4AaABAg,yDTSQAzA2SQ,2026-09-14 08:32:00+00:00,2026-09-22T04:34:44Z,97151fff8522,Vijaykku ootu potathu miga periya thavaru,0,0,0,https://youtube.com/watch?v=yDTSQAzA2SQ&lc=UgxipniKsJoaabMSa4l4AaABAg,விஜய் திரிஷா,en,Vijaykku ootu potathu miga periya thavaru
youtube,comment,UgxZKxwPyezua8DQGV54AaABAg,yDTSQAzA2SQ,2026-09-14 08:41:43+00:00,2026-09-22T04:34:44Z,0f38fb1de823,Romba paavam sangeetha 😡😡😡😡😡😡,2,0,0,https://youtube.com/watch?v=yDTSQAzA2SQ&lc=UgxZKxwPyezua8DQGV54AaABAg,விஜய் திரிஷா,en,Romba paavam sangeetha 😡😡😡😡😡😡
youtube,comment,UgzTPaWFA4h3gOgYPp94AaABAg,yDTSQAzA2SQ,2026-09-14 08:43:11+00:00,2026-09-22T04:34:44Z,b6d1fc2952c5,Thookupottu savalam ithuga yathuku irukanum chi thoo,0,0,0,https://youtube.com/watch?v=yDTSQAzA2SQ&lc=UgzTPaWFA4h3gOgYPp94AaABAg,விஜய் திரிஷா,en,Thookupottu savalam ithuga yathuku irukanum chi thoo
youtube,comment,Ugwtx9K_ZI2UhwQ9ob94AaABAg,yDTSQAzA2SQ,2026-09-14 08:43:23+00:00,2026-09-22T04:34:44Z,6682674626c7,"விஜய்.. உங்களை நம்புகிறோம்.. இவள் நட்பு வேண்டாம்... மக்களும் வருத்தமாக உள்ளோம்.. நல்லாட்சி மட்டும் செய்யுங்க..
..",8,2,0,https://youtube.com/watch?v=yDTSQAzA2SQ&lc=Ugwtx9K_ZI2UhwQ9ob94AaABAg,விஜய் திரிஷா,ta,"Vijay.. we believe in you.. we don't want her friendship... people are also sad.. just do good governance..
.."
youtube,comment,UgyHf8Y3VgfKJiKiHwt4AaABAg,yDTSQAzA2SQ,2026-09-14 08:44:07+00:00,2026-09-22T04:34:44Z,36a4a85c0e28,Randu perum mattermudichittu poranga 😂😂😂,2,0,0,https://youtube.com/watch?v=yDTSQAzA2SQ&lc=UgyHf8Y3VgfKJiKiHwt4AaABAg,விஜய் திரிஷா,en,Randu perum mattermudichittu poranga 😂😂😂
youtube,comment,UgzZ-peh4d3elHOeZHJ4AaABAg,yDTSQAzA2SQ,2026-09-14 08:45:17+00:00,2026-09-22T04:34:44Z,c74fca724b4d,If he have fight with wife reason is her then always roaming with her.it affect her wife.,6,0,0,https://youtube.com/watch?v=yDTSQAzA2SQ&lc=UgzZ-peh4d3elHOeZHJ4AaABAg,விஜய் திரிஷா,en,If he have fight with wife reason is her then always roaming with her.it affect her wife.
youtube,comment,UgxhICHi0CbDS3KCqeh4AaABAg,yDTSQAzA2SQ,2026-09-14 08:47:45+00:00,2026-09-22T04:34:44Z,c74fca724b4d,People should shout hate thirsha go go nu shout pananum,0,0,0,https://youtube.com/watch?v=yDTSQAzA2SQ&lc=UgxhICHi0CbDS3KCqeh4AaABAg,விஜய் திரிஷா,en,People should shout hate thirsha go go nu shout pananum
youtube,comment,Ugx_Rc3m-yJHW2dxNkV4AaABAg,yDTSQAzA2SQ,2026-09-14 08:49:28+00:00,2026-09-22T04:34:44Z,1c5be8eedee3,இதுங்க திருந்தாதுங்க,0,0,0,https://youtube.com/watch?v=yDTSQAzA2SQ&lc=Ugx_Rc3m-yJHW2dxNkV4AaABAg,விஜய் திரிஷா,ta,This will not change
youtube,comment,UgxiMLIvyUJd5rENo8F4AaABAg,yDTSQAzA2SQ,2026-09-14 08:52:28+00:00,2026-09-22T04:34:44Z,6b8cf26db1b9,Trisha night hotel ku poovaaa😂😂😂,17,0,0,https://youtube.com/watch?v=yDTSQAzA2SQ&lc=UgxiMLIvyUJd5rENo8F4AaABAg,விஜய் திரிஷா,en,Trisha night hotel ku poovaaa😂😂😂
youtube,comment,UgysCZfVDTaHN5uanvh4AaABAg,yDTSQAzA2SQ,2026-09-14 08:52:45+00:00,2026-09-22T04:34:44Z,2c6781a7e020,Trisha vipachari,12,0,0,https://youtube.com/watch?v=yDTSQAzA2SQ&lc=UgysCZfVDTaHN5uanvh4AaABAg,விஜய் திரிஷா,en,Trisha vipachari
youtube,comment,UgzU7Sund90oVK3gosN4AaABAg,yDTSQAzA2SQ,2026-09-14 08:54:36+00:00,2026-09-22T04:34:44Z,7536b45a1b5c,Ivala parthaley irritate ahuthu,7,0,0,https://youtube.com/watch?v=yDTSQAzA2SQ&lc=UgzU7Sund90oVK3gosN4AaABAg,விஜய் திரிஷா,en,Ivala parthaley irritate ahuthu
youtube,comment,Ugw-8xh34TOZ8pfmz6l4AaABAg,yDTSQAzA2SQ,2026-09-14 08:55:23+00:00,2026-09-22T04:34:44Z,1a145da9ea51,"He has to undertand the emotions of Sanjay n Saash n Sangeetha... When he is not, why should  respect him????  Howu much hus children n wife would miss him!!!! Azhugaya varudhu....",0,0,0,https://youtube.com/watch?v=yDTSQAzA2SQ&lc=Ugw-8xh34TOZ8pfmz6l4AaABAg,விஜய் திரிஷா,en,"He has to undertand the emotions of Sanjay n Saash n Sangeetha... When he is not, why should  respect him????  Howu much hus children n wife would miss him!!!! Azhugaya varudhu...."
youtube,comment,UgxM3UxivW_rpccNRPZ4AaABAg,yDTSQAzA2SQ,2026-09-14 08:55:56+00:00,2026-09-22T04:34:44Z,76a54c6c9eb7,"Shaming TN in the world forum, such a disgrace these both are",0,0,0,https://youtube.com/watch?v=yDTSQAzA2SQ&lc=UgxM3UxivW_rpccNRPZ4AaABAg,விஜய் திரிஷா,en,"Shaming TN in the world forum, such a disgrace these both are"
youtube,comment,Ugyqm6VsBybdpbDqyCp4AaABAg,yDTSQAzA2SQ,2026-09-14 09:00:46+00:00,2026-09-22T04:34:44Z,b45788dfdc4b,THIRUDAA THIRUDI,17,0,0,https://youtube.com/watch?v=yDTSQAzA2SQ&lc=Ugyqm6VsBybdpbDqyCp4AaABAg,விஜய் திரிஷா,en,THIRUDAA THIRUDI
youtube,comment,Ugz8JTQ6r7F7RpNZMlB4AaABAg,CRNza2iMSJE,2026-09-14 09:01:45+00:00,2026-09-22T03:58:45Z,87c1294b905a,"If he is not going to unite with his family and children,  his elderly last days will be miserable.  Trisha is extremely dangerous.  Vijay has to learn from Jayalalitha Ammas life.",3,0,0,https://youtube.com/watch?v=CRNza2iMSJE&lc=Ugz8JTQ6r7F7RpNZMlB4AaABAg,Vijay Trisha,en,"If he is not going to unite with his family and children,  his elderly last days will be miserable.  Trisha is extremely dangerous.  Vijay has to learn from Jayalalitha Ammas life."
youtube,comment,Ugwr5DtxCQh0xxrRcGR4AaABAg,yDTSQAzA2SQ,2026-09-14 09:02:44+00:00,2026-09-22T04:34:44Z,61531485b49d,மனசாட்சி உள்ள யாருமே இப்படி இருக்க மாட்டார்கள்.,77,0,0,https://youtube.com/watch?v=yDTSQAzA2SQ&lc=Ugwr5DtxCQh0xxrRcGR4AaABAg,விஜய் திரிஷா,ta,No one with a conscience would be like this.
youtube,comment,Ugwc59tXzeTgUW4oBKN4AaABAg,yDTSQAzA2SQ,2026-09-14 09:04:37+00:00,2026-09-22T04:34:44Z,45b53d931852,vijay vote vangira varaikum silent ah irunthutu ipo aattam athigama Iruku makkal nencha kavalai ila nu thimiru next election la vote tvk ketaiyathu,4,0,0,https://youtube.com/watch?v=yDTSQAzA2SQ&lc=Ugwc59tXzeTgUW4oBKN4AaABAg,விஜய் திரிஷா,en,vijay vote vangira varaikum silent ah irunthutu ipo aattam athigama Iruku makkal nencha kavalai ila nu thimiru next election la vote tvk ketaiyathu
youtube,comment,UgwTrjVfIi59lwTlgjJ4AaABAg,yDTSQAzA2SQ,2026-09-14 09:04:52+00:00,2026-09-22T04:34:44Z,ea8a282396ab,DMK Vijaya ஜெயில் La போட்டு இருக்கணும்...,53,2,0,https://youtube.com/watch?v=yDTSQAzA2SQ&lc=UgwTrjVfIi59lwTlgjJ4AaABAg,விஜய் திரிஷா,mixed,DMK Vijaya should be jailed...
youtube,comment,Ugx85LvNQQJsQ6fyLvB4AaABAg,yDTSQAzA2SQ,2026-09-14 09:05:33+00:00,2026-09-22T04:34:44Z,2767c88c29ef,Thrishavida.  Itukkapoirukar.    Averponnu.,0,0,0,https://youtube.com/watch?v=yDTSQAzA2SQ&lc=Ugx85LvNQQJsQ6fyLvB4AaABAg,விஜய் திரிஷா,en,Thrishavida.  Itukkapoirukar.    Averponnu.
youtube,comment,UgxPuWnfvpmQyzzHk-d4AaABAg,yDTSQAzA2SQ,2026-09-14 09:06:53+00:00,2026-09-22T04:34:44Z,2767c88c29ef,Vijay. Court. Kalvikalkanum.,4,0,0,https://youtube.com/watch?v=yDTSQAzA2SQ&lc=UgxPuWnfvpmQyzzHk-d4AaABAg,விஜய் திரிஷா,en,Vijay. Court. Kalvikalkanum.
youtube,comment,UgzSxs1Zfs3PU-uioXl4AaABAg,CRNza2iMSJE,2026-09-14 09:08:15+00:00,2026-09-22T03:58:45Z,87c1294b905a,Why can't vijay understand TN people's mind??,8,0,0,https://youtube.com/watch?v=CRNza2iMSJE&lc=UgzSxs1Zfs3PU-uioXl4AaABAg,Vijay Trisha,en,Why can't vijay understand TN people's mind??
youtube,comment,UgzcSIULoAUUrwH3shp4AaABAg,yDTSQAzA2SQ,2026-09-14 09:08:59+00:00,2026-09-22T04:34:44Z,47007094f04f,இந்த பீடை ஆள தா விஜய் கு downfall ஆக போகுது 🤦‍♀️🤦‍♀️🤦‍♀️🤦‍♀️🤷‍♀️🤷‍♀️,0,0,0,https://youtube.com/watch?v=yDTSQAzA2SQ&lc=UgzcSIULoAUUrwH3shp4AaABAg,விஜய் திரிஷா,mixed,It is going to be a downfall for Vijay to rule this pedestal ♀️🤦‍♀️🤦‍♀️🤷‍♀️🤷‍♀️
youtube,comment,Ugygrz90H4Z8dHtVc3d4AaABAg,yDTSQAzA2SQ,2026-09-14 09:10:23+00:00,2026-09-22T04:34:44Z,34c38f3a70db,Joseph enjoyeeeee,1,0,0,https://youtube.com/watch?v=yDTSQAzA2SQ&lc=Ugygrz90H4Z8dHtVc3d4AaABAg,விஜய் திரிஷா,en,Joseph enjoyeeeee
youtube,comment,UgwcxePmiH5RhmpiQP94AaABAg,yDTSQAzA2SQ,2026-09-14 09:10:45+00:00,2026-09-22T04:34:44Z,3fc826785571,"Oru mannum kidayathu
Enda ivanukku vote pannom nu irukku
Minukkikitte irukan",13,0,0,https://youtube.com/watch?v=yDTSQAzA2SQ&lc=UgwcxePmiH5RhmpiQP94AaABAg,விஜய் திரிஷா,en,"Oru mannum kidayathu
Enda ivanukku vote pannom nu irukku
Minukkikitte irukan"
youtube,comment,Ugy2zgdR3ISv27uUkCl4AaABAg,yDTSQAzA2SQ,2026-09-14 09:11:10+00:00,2026-09-22T04:34:44Z,9b955760935f,அட thuuu யார நம்பி வந்த விஜய்.... ஒழுக்கம் ரொம்ப முக்கியம்... நா நீ தா வரணும் கடவுள் கிட்ட வேண்டுகிட்டேன்...... வெக்க படுறேன்.. சங்கீதா பாவம்,47,1,0,https://youtube.com/watch?v=yDTSQAzA2SQ&lc=Ugy2zgdR3ISv27uUkCl4AaABAg,விஜய் திரிஷா,mixed,"Oh, who did you trust Vijay.... Morality is very important... I prayed to God that you should come..."
youtube,comment,Ugwk5q6ZSUrir35a5Y14AaABAg,yDTSQAzA2SQ,2026-09-14 09:12:08+00:00,2026-09-22T04:34:44Z,ddf0633db2a3,பைத்தியம்மாதிரிகத்துதுக,0,0,0,https://youtube.com/watch?v=yDTSQAzA2SQ&lc=Ugwk5q6ZSUrir35a5Y14AaABAg,விஜய் திரிஷா,ta,Crazy as hell
youtube,comment,UgyAxGNQrm8hdzPYwsN4AaABAg,yDTSQAzA2SQ,2026-09-14 09:13:59+00:00,2026-09-22T04:34:44Z,5a1ae917667d,Sangeetha sabam Vijay summa vidathu,23,0,0,https://youtube.com/watch?v=yDTSQAzA2SQ&lc=UgyAxGNQrm8hdzPYwsN4AaABAg,விஜய் திரிஷா,en,Sangeetha sabam Vijay summa vidathu
youtube,comment,UgwrqMzLyjNIT6Pnbnx4AaABAg,yDTSQAzA2SQ,2026-09-14 09:16:13+00:00,2026-09-22T04:34:44Z,8fd8edcede5a,அப்படின்னு பார்த்து இந்த உலகத்துல எவனோ யோக்கியமானவன் கிடையாது இங்க பதிவு போட வர சில பேர் நல்லவங்களா இருக்காங்க சில பேர் மனைவி மக்களுக்கு உண்மையா இருக்காங்களா என்பது தெரியாது ஆனா அடுத்தவங்கள பத்தி பேசுவாங்க,3,1,0,https://youtube.com/watch?v=yDTSQAzA2SQ&lc=UgwrqMzLyjNIT6Pnbnx4AaABAg,விஜய் திரிஷா,ta,"Seeing that, there is no wise person in this world. Some people are good and some people are true to their wives. I don't know if they are true to the people, but let's talk about the next ones."
youtube,comment,Ugz72I66mWg2hnm_BL14AaABAg,yDTSQAzA2SQ,2026-09-14 09:16:47+00:00,2026-09-22T04:34:44Z,01dae82f98c0,Trisha enga da avar kuda car la irukku lusungala,1,0,0,https://youtube.com/watch?v=yDTSQAzA2SQ&lc=Ugz72I66mWg2hnm_BL14AaABAg,விஜய் திரிஷா,tanglish,Look where Trisha is and she is also in the car
youtube,comment,UgwJqvjGIKgHhxQHIcZ4AaABAg,yDTSQAzA2SQ,2026-09-14 09:17:51+00:00,2026-09-22T04:34:44Z,01dae82f98c0,Ungalukellam arivu illaya yen template ipti vajurukka illatha onna,0,0,0,https://youtube.com/watch?v=yDTSQAzA2SQ&lc=UgwJqvjGIKgHhxQHIcZ4AaABAg,விஜய் திரிஷா,en,Ungalukellam arivu illaya yen template ipti vajurukka illatha onna
youtube,comment,UgyCzawriDkbopzAv3d4AaABAg,yDTSQAzA2SQ,2026-09-14 09:18:26+00:00,2026-09-22T04:34:44Z,8fd8edcede5a,ஒரு பக்கம் மட்டும் நம்ம விஜய் அண்ணாவை குறை சொல்லி பேசுவோம் அவங்க வைஃப் எப்படி பட்டவர்கள் என்று யாருக்கும் தெரியாது,1,0,0,https://youtube.com/watch?v=yDTSQAzA2SQ&lc=UgyCzawriDkbopzAv3d4AaABAg,விஜய் திரிஷா,ta,"Let's criticize our Vijay Anna on one side only, no one knows how his wife is"
youtube,comment,UgzIHzx27ARJVXFfzOd4AaABAg,yDTSQAzA2SQ,2026-09-14 09:20:19+00:00,2026-09-22T04:34:44Z,0fda5899165f,That is not Trisha 🤡,1,0,0,https://youtube.com/watch?v=yDTSQAzA2SQ&lc=UgzIHzx27ARJVXFfzOd4AaABAg,விஜய் திரிஷா,en,That is not Trisha 🤡
youtube,comment,Ugxy_PHRRW522CQOZrl4AaABAg,yDTSQAzA2SQ,2026-09-14 09:22:47+00:00,2026-09-22T04:34:44Z,cde605d1e18f,பாவம் சங்கீதா மனசு கஷ்டமா இருக்கும்,25,0,0,https://youtube.com/watch?v=yDTSQAzA2SQ&lc=Ugxy_PHRRW522CQOZrl4AaABAg,விஜய் திரிஷா,ta,Bhavam Sangeeta will be difficult for the mind
youtube,comment,Ugy3ws4WHg-WIOmW9pN4AaABAg,yDTSQAzA2SQ,2026-09-14 09:25:24+00:00,2026-09-22T04:34:44Z,d644737780b1,தற்குறி தவறான பாதையில்,1,0,0,https://youtube.com/watch?v=yDTSQAzA2SQ&lc=Ugy3ws4WHg-WIOmW9pN4AaABAg,விஜய் திரிஷா,ta,On the wrong track
youtube,comment,Ugy6Jv66q_RQRpbURGh4AaABAg,CRNza2iMSJE,2026-09-14 09:26:17+00:00,2026-09-22T03:58:45Z,5b3aee242ddf,திரிஷா சனியன் ஒழிந்த நல்ல இருக்கும்,133,5,0,https://youtube.com/watch?v=CRNza2iMSJE&lc=Ugy6Jv66q_RQRpbURGh4AaABAg,Vijay Trisha,ta,Trisha Sanyan will be gone
youtube,comment,Ugxaeiqr2-DzaVa71PJ4AaABAg,yDTSQAzA2SQ,2026-09-14 09:29:05+00:00,2026-09-22T04:34:44Z,c5ec975614c4,ஒரு கமெண்ட் கூட விஜய்க்கு ஆதரவாக இல்லை. விஜய் இனிமேலாவது இதை உணர்ந்து அந்த விஷஜந்துவை விட்டு விலகவேண்டும்!! விஜய் ரசிகர்களுக்கும் உங்களுக்கு ஓட்டுப் போட்டவர்கள் யாருக்குமே திரிஷாவின் தொடர்பு பிடிக்கவில்லை. திமுக தீயசக்தி அல்ல. இப்போதைக்கு த்ரிஷா தான் தீயசக்தி! விஜய் இதை உணரணும்!!,142,8,0,https://youtube.com/watch?v=yDTSQAzA2SQ&lc=Ugxaeiqr2-DzaVa71PJ4AaABAg,விஜய் திரிஷா,ta,Not a single comment was in favor of Vijay.Vijay should at least realize this and leave that monster!!Vijay fans and those who voted for you did not like Trisha's association.DMK is not evil.Trisha is the evil one for now!Vijay should feel this!!
youtube,comment,UgzUVVaP51_Ef0qld0F4AaABAg,yDTSQAzA2SQ,2026-09-14 09:29:54+00:00,2026-09-22T04:34:44Z,4efc23c548bf,வெளிப்படை தன்மை அவசியம்,0,0,0,https://youtube.com/watch?v=yDTSQAzA2SQ&lc=UgzUVVaP51_Ef0qld0F4AaABAg,விஜய் திரிஷா,ta,Transparency is essential
youtube,comment,Ugzwi1iVTa1Sbu0YvEl4AaABAg,yDTSQAzA2SQ,2026-09-14 09:32:15+00:00,2026-09-22T04:34:44Z,e577ca9008a3,Vijay...en veetle 4 votes...waste nu feel panna vechudatheenga...pls,26,2,0,https://youtube.com/watch?v=yDTSQAzA2SQ&lc=Ugzwi1iVTa1Sbu0YvEl4AaABAg,விஜய் திரிஷா,en,Vijay...en veetle 4 votes...waste nu feel panna vechudatheenga...pls
youtube,comment,Ugxi1_Hg5Pnay0EiNNR4AaABAg,yDTSQAzA2SQ,2026-09-14 09:33:04+00:00,2026-09-22T04:34:44Z,a20cf24a51f7,Next time NO vote for TVK,9,0,0,https://youtube.com/watch?v=yDTSQAzA2SQ&lc=Ugxi1_Hg5Pnay0EiNNR4AaABAg,விஜய் திரிஷா,en,Next time NO vote for TVK
youtube,comment,UgwULAsr8ihOIg33qeB4AaABAg,yDTSQAzA2SQ,2026-09-14 09:34:36+00:00,2026-09-22T04:34:44Z,e9362592c7d4,Hatsoff to Sangeetha mam .May god bless you mam.We all support  u Mam,4,0,0,https://youtube.com/watch?v=yDTSQAzA2SQ&lc=UgwULAsr8ihOIg33qeB4AaABAg,விஜய் திரிஷா,tanglish,Hatsoff to Sangeetha mam .May god bless you mam.We all support  u Mam
youtube,comment,UgyCok6Qn4GpS5OpGql4AaABAg,yDTSQAzA2SQ,2026-09-14 09:37:34+00:00,2026-09-22T04:34:44Z,48a4fe828dab,Yaecha yaechA,2,0,0,https://youtube.com/watch?v=yDTSQAzA2SQ&lc=UgyCok6Qn4GpS5OpGql4AaABAg,விஜய் திரிஷா,en,Yaecha yaechA
youtube,comment,UgyCmK71wClv17pc3U94AaABAg,yDTSQAzA2SQ,2026-09-14 09:37:36+00:00,2026-09-22T04:34:44Z,e9362592c7d4,I am big fan of Vijay but really I am feeling very bad about Sangeetha mam hatsoff to your patience mam god bless u Sangeetha Mam,14,0,0,https://youtube.com/watch?v=yDTSQAzA2SQ&lc=UgyCmK71wClv17pc3U94AaABAg,விஜய் திரிஷா,tanglish,I am big fan of Vijay but really I am feeling very bad about Sangeetha mam hatsoff to your patience mam god bless u Sangeetha Mam
youtube,comment,UgxHYmQ4BboB3c88oqh4AaABAg,yDTSQAzA2SQ,2026-09-14 09:39:43+00:00,2026-09-22T04:34:44Z,0b60a5e405a0,Ava shooting poiruka pa...friends a yen thappaa ninaikuringaa,0,0,0,https://youtube.com/watch?v=yDTSQAzA2SQ&lc=UgxHYmQ4BboB3c88oqh4AaABAg,விஜய் திரிஷா,tanglish,Did she go shooting?
youtube,comment,Ugx3uNYTa5M2jzCelSB4AaABAg,yDTSQAzA2SQ,2026-09-14 09:43:22+00:00,2026-09-22T04:34:44Z,aa6d834b4f87,"Rombe kevalamane behavior, misusing the power",68,1,0,https://youtube.com/watch?v=yDTSQAzA2SQ&lc=Ugx3uNYTa5M2jzCelSB4AaABAg,விஜய் திரிஷா,en,"Rombe kevalamane behavior, misusing the power"
youtube,comment,UgzpbtCgoSoxm5BkvEh4AaABAg,yDTSQAzA2SQ,2026-09-14 09:48:11+00:00,2026-09-22T04:34:44Z,df13e5ba2f5d,He forgot people who voted for him and becoming bad example for young generation...,5,0,0,https://youtube.com/watch?v=yDTSQAzA2SQ&lc=UgzpbtCgoSoxm5BkvEh4AaABAg,விஜய் திரிஷா,en,He forgot people who voted for him and becoming bad example for young generation...
youtube,comment,Ugx1-IzXk4XFbGFeZrp4AaABAg,yDTSQAzA2SQ,2026-09-14 09:50:13+00:00,2026-09-22T04:34:44Z,cba9c59d6258,V.worst cm sir it's really definitely spoil,8,0,0,https://youtube.com/watch?v=yDTSQAzA2SQ&lc=Ugx1-IzXk4XFbGFeZrp4AaABAg,விஜய் திரிஷா,en,V.worst cm sir it's really definitely spoil
youtube,comment,UgwHdOF-a9_Hze1YwnJ4AaABAg,yDTSQAzA2SQ,2026-09-14 09:58:15+00:00,2026-09-22T04:34:44Z,3baf0c143c71,Tamil natu makkal kita konjam kalacharam iruku,8,0,0,https://youtube.com/watch?v=yDTSQAzA2SQ&lc=UgwHdOF-a9_Hze1YwnJ4AaABAg,விஜய் திரிஷா,en,Tamil natu makkal kita konjam kalacharam iruku
youtube,comment,UgzztztEw6NLLUatQSF4AaABAg,yDTSQAzA2SQ,2026-09-14 09:59:09+00:00,2026-09-22T04:34:44Z,3baf0c143c71,Ivanuku vote panathu thappu atchiya kalaichidunga plsss,18,1,0,https://youtube.com/watch?v=yDTSQAzA2SQ&lc=UgzztztEw6NLLUatQSF4AaABAg,விஜய் திரிஷா,en,Ivanuku vote panathu thappu atchiya kalaichidunga plsss
youtube,comment,UgwMtjCQkQ9x6TL9QTh4AaABAg,yDTSQAzA2SQ,2026-09-14 10:00:10+00:00,2026-09-22T04:34:44Z,a63cdbaca60c,தமிழ் நாட்டின் பணம் விரயம்,40,0,0,https://youtube.com/watch?v=yDTSQAzA2SQ&lc=UgwMtjCQkQ9x6TL9QTh4AaABAg,விஜய் திரிஷா,ta,Waste of money of Tamil country
youtube,comment,UgxKFGV7cH87jgQILG14AaABAg,yDTSQAzA2SQ,2026-09-14 10:03:45+00:00,2026-09-22T04:34:44Z,916f97a109fb,Ugkal rasikarkalukkum ugkalukku ottu potta makkalukkum negkal kattum vali super pontati pullaiya thorathi vittu vaipadiyodu yeppadi kuthdhadippathunu nalla solli kudukkurigka super 👌👌👌👌👌👌👌👌adutha electionlaiyavathu makkal vilippudan irukkanum,1,0,0,https://youtube.com/watch?v=yDTSQAzA2SQ&lc=UgxKFGV7cH87jgQILG14AaABAg,விஜய் திரிஷா,en,Ugkal rasikarkalukkum ugkalukku ottu potta makkalukkum negkal kattum vali super pontati pullaiya thorathi vittu vaipadiyodu yeppadi kuthdhadippathunu nalla solli kudukkurigka super 👌👌👌👌👌👌👌👌adutha electionlaiyavathu makkal vilippudan irukkanum
youtube,comment,UgzP6XbTaOIXon_KRld4AaABAg,yDTSQAzA2SQ,2026-09-14 10:04:36+00:00,2026-09-22T04:34:44Z,3173ec018cca,"விஜய் ஒரு சைக்கோ
அவன் திருந்த மாட்டான்
இனி Tvk என்ற கட்சி இருக்காது இது தமிழ்நாட்டின் மக்கள் முடிவு
ஆம் என்பார்கள் லக் செய்து உங்கல் எதிர்ப்பை தெரிய  படுத்தவும்",208,4,0,https://youtube.com/watch?v=yDTSQAzA2SQ&lc=UgzP6XbTaOIXon_KRld4AaABAg,விஜய் திரிஷா,mixed,"Vijay is a psycho
He will not change
It is the decision of the people of Tamil Nadu that there will be no more party called Tvk
Please tick yes and make your objection known"
youtube,comment,UgwEEkYGZ1A8u8Czk4Z4AaABAg,w0d_bPb3tz4,2026-09-14 10:05:04+00:00,2026-09-22T13:54:31Z,48371fb3b9e7,Oh God ... This leader  is a disgrace very bad example for youth n future generations,1,0,0,https://youtube.com/watch?v=w0d_bPb3tz4&lc=UgwEEkYGZ1A8u8Czk4Z4AaABAg,Vijay Trisha,en,Oh God ... This leader  is a disgrace very bad example for youth n future generations
youtube,comment,UgwGKt1PLXf5UjhbEzN4AaABAg,yDTSQAzA2SQ,2026-09-14 10:07:31+00:00,2026-09-22T04:34:44Z,3afd0eae2314,அங்க எங்கடா உள்ள திரிஷா இருக்கா. அது அவரோட கை தான் டா,6,1,0,https://youtube.com/watch?v=yDTSQAzA2SQ&lc=UgwGKt1PLXf5UjhbEzN4AaABAg,விஜய் திரிஷா,ta,Trisha is there somewhere.That's his hand
youtube,comment,Ugx1KHZsUfMGDXi6Dgh4AaABAg,yDTSQAzA2SQ,2026-09-14 10:09:44+00:00,2026-09-22T04:34:44Z,242cb68643e6,குடும்பத்தை மதிக்காதவங்க எப்படி நமக்கு நல்லது செய்ய போறாங்க,271,5,0,https://youtube.com/watch?v=yDTSQAzA2SQ&lc=Ugx1KHZsUfMGDXi6Dgh4AaABAg,விஜய் திரிஷா,ta,How can those who don't respect family do good for us?
youtube,comment,UgyvVEswRNf7pPCKX0B4AaABAg,yDTSQAzA2SQ,2026-09-14 10:12:18+00:00,2026-09-22T04:34:44Z,ba39b2c1acba,சங்கீதா மேம் ரொம்ப மனசு கஷ்டமா இருக்கு விஜய் ஒரு முடிவோட தான் இருக்கார் ரொம்ப வீணா போச்சு குடும்பத்தையே காக்க துப்பில்லை இது நாட்டுக்கு எப்படி செய்வார் எப்படி வழி நடத்துவார்,123,4,0,https://youtube.com/watch?v=yDTSQAzA2SQ&lc=UgyvVEswRNf7pPCKX0B4AaABAg,விஜய் திரிஷா,ta,Sangeeta Ma'am is very sad. Vijay is only with one decision. He has gone in vain. He has no idea how to protect his family.
youtube,comment,UgygyWInofeIgPufStd4AaABAg,yDTSQAzA2SQ,2026-09-14 10:14:06+00:00,2026-09-22T04:34:44Z,8ec95c7044f9,waste tvk vote potatu thapu than,15,0,0,https://youtube.com/watch?v=yDTSQAzA2SQ&lc=UgygyWInofeIgPufStd4AaABAg,விஜய் திரிஷா,en,waste tvk vote potatu thapu than
youtube,comment,UgzP2ClFTXlWcY00gm54AaABAg,yDTSQAzA2SQ,2026-09-14 10:14:21+00:00,2026-09-22T04:34:44Z,757ba0d1fc96,👠👠👠👠👠👠👠👠👠👠👠👠👠👠👠👠👠👠👠👠👠🥹🥹🥹👠👠,0,0,0,https://youtube.com/watch?v=yDTSQAzA2SQ&lc=UgzP2ClFTXlWcY00gm54AaABAg,விஜய் திரிஷா,en,👠👠👠👠👠👠👠👠👠👠👠👠👠👠👠👠👠👠👠👠👠🥹🥹🥹👠👠
youtube,comment,UgzvZDj_CNVlGAIDBnJ4AaABAg,yDTSQAzA2SQ,2026-09-14 10:14:23+00:00,2026-09-22T04:34:44Z,c4175fa54184,No he destroying indian culture how Tamilnadu people accepting this nonsense,32,2,0,https://youtube.com/watch?v=yDTSQAzA2SQ&lc=UgzvZDj_CNVlGAIDBnJ4AaABAg,விஜய் திரிஷா,en,No he destroying indian culture how Tamilnadu people accepting this nonsense
youtube,comment,UgwBE_FoWvV78j7Wrod4AaABAg,yDTSQAzA2SQ,2026-09-14 10:14:47+00:00,2026-09-22T04:34:44Z,394bb3bc733e,Shameless both..,17,0,0,https://youtube.com/watch?v=yDTSQAzA2SQ&lc=UgwBE_FoWvV78j7Wrod4AaABAg,விஜய் திரிஷா,en,Shameless both..
youtube,comment,UgyZi0mr1o8sWhVtXVV4AaABAg,yDTSQAzA2SQ,2026-09-14 10:14:52+00:00,2026-09-22T04:34:44Z,94d7d1a5f693,super hero vijay sir.So Handsome cute.very beautiful.விஜய் சாரை பார்த்ததும் என் குடும்பத்தில் எல்லாருக்கும் வயிறு நிறைஞ்சது.சொக்கத் தங்கம்.ஏழைகளின் தெய்வம்.குழந்தை உள்ளம்.காமராஜருக்கு அடுத்து அவர்தான் தமிழ்நாட்டின் விடிவெள்ளி.அவரை ஒரு முறை பார்த்தாலே போதும் நம்ம கவலை எல்லாம் ஓடிப் போகும்,0,1,0,https://youtube.com/watch?v=yDTSQAzA2SQ&lc=UgyZi0mr1o8sWhVtXVV4AaABAg,விஜய் திரிஷா,mixed,super hero vijay sir.So Handsome cute.very beautiful.My whole family is full of stomach after seeing vijay sir.Sokkath gold.Goddess of poor.Child at heart.He is the dawn of tamilnadu after Kamaraja.One look at him is enough to make all our worries go away.
youtube,comment,Ugzp_XURs8kf-GS1xDF4AaABAg,yDTSQAzA2SQ,2026-09-14 10:15:43+00:00,2026-09-22T04:34:44Z,1042e9d7d922,Sangi's katharal 🤣🤣😂,0,0,0,https://youtube.com/watch?v=yDTSQAzA2SQ&lc=Ugzp_XURs8kf-GS1xDF4AaABAg,விஜய் திரிஷா,en,Sangi's katharal 🤣🤣😂
youtube,comment,UgwBc_hJJfmieOZ1ZFx4AaABAg,CRNza2iMSJE,2026-09-14 10:16:30+00:00,2026-09-22T03:58:45Z,7f055ce8db28,லண்டன் பயணம் பற்றி யார் என்ன சொன்னாலும் விஜய் சார் காரணம் வேறு ரித்தீஸ் விவகாரம் மற்றும் ஸ்டாலின் சுற்றுப்பயணம் ரகசியம் கண்டுபிடித்து வந்து உங்கள் வாயை அடைப்பார்,0,0,0,https://youtube.com/watch?v=CRNza2iMSJE&lc=UgwBc_hJJfmieOZ1ZFx4AaABAg,Vijay Trisha,ta,"Whatever anyone says about the London trip, Vijay sir will find out the secret of Rithies matter and Stalin's tour and shut your mouth."
youtube,comment,UgzEB5VItS-pnYQYcBN4AaABAg,yDTSQAzA2SQ,2026-09-14 10:16:31+00:00,2026-09-22T04:34:44Z,394bb3bc733e,Cheating Tamilnadu public,10,0,0,https://youtube.com/watch?v=yDTSQAzA2SQ&lc=UgzEB5VItS-pnYQYcBN4AaABAg,விஜய் திரிஷா,en,Cheating Tamilnadu public
youtube,comment,Ugy52Hr1XOIpcJeL6yt4AaABAg,tXF0m9aktp4,2026-09-14 10:17:14+00:00,2026-09-22T04:34:47Z,33db070be133,Next Jeyalaitha is thrishs,0,0,0,https://youtube.com/watch?v=tXF0m9aktp4&lc=Ugy52Hr1XOIpcJeL6yt4AaABAg,விஜய் திரிஷா,en,Next Jeyalaitha is thrishs
youtube,comment,Ugzg9x5RhSgY5ZaTXtl4AaABAg,yDTSQAzA2SQ,2026-09-14 10:17:34+00:00,2026-09-22T04:34:44Z,cabf009596e4,"Enda ethuku katharinga ?
He doesn't deserve it anymore....
Betrayal to family
Betrayal to people ...
Shame on the persons who are screaming for a cheater",1,0,0,https://youtube.com/watch?v=yDTSQAzA2SQ&lc=Ugzg9x5RhSgY5ZaTXtl4AaABAg,விஜய் திரிஷா,en,"Enda ethuku katharinga ?
He doesn't deserve it anymore....
Betrayal to family
Betrayal to people ...
Shame on the persons who are screaming for a cheater"
youtube,comment,Ugwbfr5qs5Rklio8PyV4AaABAg,i1BqRYMFS08,2026-09-14 10:18:15+00:00,2026-09-22T13:54:25Z,2f1c12b87a40,Trisha  or   Vijay,0,0,0,https://youtube.com/watch?v=i1BqRYMFS08&lc=Ugwbfr5qs5Rklio8PyV4AaABAg,Vijay Trisha,en,Trisha  or   Vijay
youtube,comment,UgwqIs6--Dj3Tqw6IAh4AaABAg,yDTSQAzA2SQ,2026-09-14 10:20:51+00:00,2026-09-22T04:34:44Z,e6e6b10e315d,"Y like this again problem 
Cm please avoid trisha",0,0,0,https://youtube.com/watch?v=yDTSQAzA2SQ&lc=UgwqIs6--Dj3Tqw6IAh4AaABAg,விஜய் திரிஷா,en,"Y like this again problem 
Cm please avoid trisha"
youtube,comment,UgxjHfQJxlos-UxOR7t4AaABAg,w0d_bPb3tz4,2026-09-14 10:22:25+00:00,2026-09-22T13:54:31Z,28aba019372c,Sangeetha  kitta scene katta poyirippar .tamilnadu cm,0,0,0,https://youtube.com/watch?v=w0d_bPb3tz4&lc=UgxjHfQJxlos-UxOR7t4AaABAg,Vijay Trisha,en,Sangeetha  kitta scene katta poyirippar .tamilnadu cm
youtube,comment,UgwLO5FYqY0Un776GH94AaABAg,yDTSQAzA2SQ,2026-09-14 10:23:01+00:00,2026-09-22T04:34:44Z,4e10ed39f1c9,தொழில் முதலீடு பா😂,0,0,0,https://youtube.com/watch?v=yDTSQAzA2SQ&lc=UgwLO5FYqY0Un776GH94AaABAg,விஜய் திரிஷா,ta,Business investment
youtube,comment,UgygJUXnq2QAKXXQnP94AaABAg,yDTSQAzA2SQ,2026-09-14 10:23:17+00:00,2026-09-22T04:34:44Z,169cd574bf27,"vijay anna neenga intha vishayathuku kandippa oru full stop vaikkanum nadakkarathu onnum sari ila trisha issue ah unga family and politics life um aliya porathu uruthi ... pls immtiyatah oru mudivu ku vanga unga mela unmaiyana anbu ulla nanga ellarum neenga Sangeetha anni magan magal happy ah valanum nu asa padurom
neenga ippudiye pannikittu iruntheengana mincha porathu tholvi, sarivu, alivu mattume",0,0,0,https://youtube.com/watch?v=yDTSQAzA2SQ&lc=UgygJUXnq2QAKXXQnP94AaABAg,விஜய் திரிஷா,tanglish,"vijay anna neenga intha vishayathuku kandippa oru full stop vaikannum nadakkarathu onnum sari ila trisha issue ah unga family and politics life um aliya porathu uruthi ... pls immtiyatah oru mudivu ku vanga unga mela unmaiyana anbu ulla nanga ellarum neenga Sangeetha anni magan magal happy ah valanum nu asa padurom
neenga ippudiye pannikittu iruntheengana mincha porathu tholvi, sarivu, alivu mattume"
youtube,comment,Ugz8CYvtFv4jFLipC5x4AaABAg,CRNza2iMSJE,2026-09-14 10:23:23+00:00,2026-09-22T03:58:45Z,d87f57a906a4,பயனற்ற செய்தி,1,0,0,https://youtube.com/watch?v=CRNza2iMSJE&lc=Ugz8CYvtFv4jFLipC5x4AaABAg,Vijay Trisha,ta,Useless news
youtube,comment,UgyeQmj96mYT_TinCj14AaABAg,yDTSQAzA2SQ,2026-09-14 10:24:03+00:00,2026-09-22T04:34:44Z,08f558f7d256,Vijay sir pesama Sangeetha mam  a divorce panitu intha dasha kalyanam panikanga.thavai ilama vote panavangala asinga padutharinga.,1,0,0,https://youtube.com/watch?v=yDTSQAzA2SQ&lc=UgyeQmj96mYT_TinCj14AaABAg,விஜய் திரிஷா,en,Vijay sir pesama Sangeetha mam  a divorce panitu intha dasha kalyanam panikanga.thavai ilama vote panavangala asinga padutharinga.
youtube,comment,UgyUDTxGWDTMPxjbE054AaABAg,CRNza2iMSJE,2026-09-14 10:26:53+00:00,2026-09-22T03:58:45Z,28aba019372c,Sangeetha puthu veedu vaangi chennai kudi yera vendum.children kooda,0,0,0,https://youtube.com/watch?v=CRNza2iMSJE&lc=UgyUDTxGWDTMPxjbE054AaABAg,Vijay Trisha,en,Sangeetha puthu veedu vaangi chennai kudi yera vendum.children kooda
youtube,comment,UgxoCPyTZl3_8YW42114AaABAg,yDTSQAzA2SQ,2026-09-14 10:27:55+00:00,2026-09-22T04:34:44Z,2e6b9b38d1e4,"அண்ணன் அண்ணி(ய) முதலீடை ஈர்க்க லண்டன் சென்றரர் 

லாட்டரி மாமாவும் உடன் விளக்கு புடிக்க சென்றார்",35,0,0,https://youtube.com/watch?v=yDTSQAzA2SQ&lc=UgxoCPyTZl3_8YW42114AaABAg,விஜய் திரிஷா,ta,"The brother-in-law went to London to attract investment

Lottery uncle also went to light the lamp"
youtube,comment,UgyQgvLXDd8EWqnhQht4AaABAg,CRNza2iMSJE,2026-09-14 10:31:05+00:00,2026-09-22T03:58:45Z,80ca9b159cf9,நடிகர்கள் இப்படி தான் இருப்பார்கள் 😡😡😡,1,0,0,https://youtube.com/watch?v=CRNza2iMSJE&lc=UgyQgvLXDd8EWqnhQht4AaABAg,Vijay Trisha,ta,Actors are like this 😡😡😡
youtube,comment,Ugxqww0zzbvQixGjLKp4AaABAg,yDTSQAzA2SQ,2026-09-14 10:31:14+00:00,2026-09-22T04:34:44Z,d48ccecc20f5,Pal irukuravan pakoda sappidara Tamilnadu janaga vari panathule,4,0,0,https://youtube.com/watch?v=yDTSQAzA2SQ&lc=Ugxqww0zzbvQixGjLKp4AaABAg,விஜய் திரிஷா,en,Pal irukuravan pakoda sappidara Tamilnadu janaga vari panathule
youtube,comment,UgwSFxqldYCkOsm8Qkp4AaABAg,yDTSQAzA2SQ,2026-09-14 10:36:12+00:00,2026-09-22T04:34:44Z,a08c88790df2,"ஏய்யா சோசப்பு பொண்டாட்டி புள்ளகள் , கட்சிக் காரன் பொது மக்கள் யாரப்பத்தியும் நீ கவலப்படலயா?",0,0,0,https://youtube.com/watch?v=yDTSQAzA2SQ&lc=UgwSFxqldYCkOsm8Qkp4AaABAg,விஜய் திரிஷா,ta,Aren't you worried about the common people of the party?
youtube,comment,Ugxay03cKC7FZQPyVM14AaABAg,CRNza2iMSJE,2026-09-14 10:38:42+00:00,2026-09-22T03:58:45Z,626aa68fcf80,Kirthi suresh beauty thrisha old ayya ayya kudo Enna pandraru,1,0,0,https://youtube.com/watch?v=CRNza2iMSJE&lc=Ugxay03cKC7FZQPyVM14AaABAg,Vijay Trisha,en,Kirthi suresh beauty thrisha old ayya ayya kudo Enna pandraru
youtube,comment,UgxvvE1noSQNTeWfGPd4AaABAg,CRNza2iMSJE,2026-09-14 10:39:31+00:00,2026-09-22T03:58:45Z,626aa68fcf80,Sangeetha beauty thrisha ayya,4,0,0,https://youtube.com/watch?v=CRNza2iMSJE&lc=UgxvvE1noSQNTeWfGPd4AaABAg,Vijay Trisha,en,Sangeetha beauty thrisha ayya
youtube,comment,UgyE2lfcoXyPT9YwVk14AaABAg,yDTSQAzA2SQ,2026-09-14 10:40:09+00:00,2026-09-22T04:34:44Z,9b88a6f5b60c,I don't like this kind of person he is  not doing justice to his wife and childern,0,0,0,https://youtube.com/watch?v=yDTSQAzA2SQ&lc=UgyE2lfcoXyPT9YwVk14AaABAg,விஜய் திரிஷா,en,I don't like this kind of person he is  not doing justice to his wife and childern
youtube,comment,UgyCUf0slA5kvbtvSPd4AaABAg,yDTSQAzA2SQ,2026-09-14 10:44:06+00:00,2026-09-22T04:34:44Z,7023f8395002,Entha pennala. Avaruku. Azhivuthan,15,0,0,https://youtube.com/watch?v=yDTSQAzA2SQ&lc=UgyCUf0slA5kvbtvSPd4AaABAg,விஜய் திரிஷா,en,Entha pennala. Avaruku. Azhivuthan
youtube,comment,UgwA1qAvdbx4mCbl81R4AaABAg,yDTSQAzA2SQ,2026-09-14 10:44:28+00:00,2026-09-22T04:34:44Z,bce564246009,Thrisha thudarnthal next cm dhanush,0,0,0,https://youtube.com/watch?v=yDTSQAzA2SQ&lc=UgwA1qAvdbx4mCbl81R4AaABAg,விஜய் திரிஷா,en,Thrisha thudarnthal next cm dhanush
youtube,comment,UgytdTlj0myo-94TYtJ4AaABAg,CRNza2iMSJE,2026-09-14 10:44:53+00:00,2026-09-22T03:58:45Z,814d0919be22,ஐயா உங்களுக்கு வேறு வேலை இல்லையா,0,0,0,https://youtube.com/watch?v=CRNza2iMSJE&lc=UgytdTlj0myo-94TYtJ4AaABAg,Vijay Trisha,ta,Sir don't you have any other job
youtube,comment,UgzpGOV_gS-GBhbnX2p4AaABAg,yDTSQAzA2SQ,2026-09-14 10:44:56+00:00,2026-09-22T04:34:42Z,d2e064cdf2c7,"யாரா இருந்தாலும் நம்ம மக்கள் இப்படி வெளிநாட்டில் விஜய் பார்த்தlவுடன் கத்துவது நல்லா இல்லை, அந்த நாட்டு மக்கள் நம்மை கேவலமா பார்க்கலாம், கொஞ்சமவது நாகரீகமா நடந்துக்கணும், இப்படி காட்டு காத்தல் போடுவது, இங்கே தமிழ் நாட்டு மக்கள் கூட போடுவதில்லை, கொடுமை 😢😢😢😢😢",0,1,0,https://youtube.com/watch?v=yDTSQAzA2SQ&lc=UgzpGOV_gS-GBhbnX2p4AaABAg,விஜய் திரிஷா,mixed,"No matter who it is, it is not good for our people to shout with Vijay Parthl abroad like this, the people of that country may look at us as ugly, we should behave a little civilized, this kind of forest guarding, even the people of Tamil country do not do it here, it is cruel 😢😢😢😢😢"
youtube,comment,UgzxVR_1DiXG5Hk-10V4AaABAg,yDTSQAzA2SQ,2026-09-14 10:45:01+00:00,2026-09-22T04:34:42Z,2a0714c45794,Stop your gossip news,1,0,0,https://youtube.com/watch?v=yDTSQAzA2SQ&lc=UgzxVR_1DiXG5Hk-10V4AaABAg,விஜய் திரிஷா,en,Stop your gossip news
youtube,comment,Ugyc49qdhkhGOQWnD3p4AaABAg,yDTSQAzA2SQ,2026-09-14 10:49:28+00:00,2026-09-22T04:34:42Z,f902d6cd6e55,Saicko cm Sangeetha mam en uyira vanguringa rendu kiladum god will heavy funishment...... Sangeetha mam cm saicko uni vendam thirunthatha jennam over Head weight cm ku,0,0,0,https://youtube.com/watch?v=yDTSQAzA2SQ&lc=Ugyc49qdhkhGOQWnD3p4AaABAg,விஜய் திரிஷா,tanglish,Saicko cm Sangeetha mam en uyira vanguringa rendu kiladum god will heavy punishment...... Sangeetha mam cm saicko uni vendam thirunthatha jennam over Head weight cm ku
youtube,comment,UgwoQa91dBKYTGLai-d4AaABAg,yDTSQAzA2SQ,2026-09-14 10:49:29+00:00,2026-09-22T04:34:42Z,aa7a2a437b12,Wow very important  news for the World. He is taking back Tamilnadu by another 20 years,2,0,0,https://youtube.com/watch?v=yDTSQAzA2SQ&lc=UgwoQa91dBKYTGLai-d4AaABAg,விஜய் திரிஷா,en,Wow very important  news for the World. He is taking back Tamilnadu by another 20 years
youtube,comment,UgwlyTP1slgUxssfI0V4AaABAg,CRNza2iMSJE,2026-09-14 10:50:50+00:00,2026-09-22T03:58:45Z,993b7d80c005,Thrisha three hundred crore veedu,1,0,0,https://youtube.com/watch?v=CRNza2iMSJE&lc=UgwlyTP1slgUxssfI0V4AaABAg,Vijay Trisha,en,Thrisha three hundred crore veedu
youtube,comment,Ugx0LweKGvCY5AHakZp4AaABAg,yDTSQAzA2SQ,2026-09-14 10:51:22+00:00,2026-09-22T04:34:42Z,f902d6cd6e55,Don't like it vijay very worst already eb bill egiruduchi atha parkala makkal panathula kilavi kooda honey moon,1,0,0,https://youtube.com/watch?v=yDTSQAzA2SQ&lc=Ugx0LweKGvCY5AHakZp4AaABAg,விஜய் திரிஷா,en,Don't like it vijay very worst already eb bill egiruduchi atha parkala makkal panathula kilavi kooda honey moon
youtube,comment,UgyaiCZJ1jxKSx2lkDV4AaABAg,yDTSQAzA2SQ,2026-09-14 10:51:40+00:00,2026-09-22T04:34:42Z,8cb58876d0c1,Don't mix personal n professional life as cm he is doing good for Tamilnadu people,0,0,0,https://youtube.com/watch?v=yDTSQAzA2SQ&lc=UgyaiCZJ1jxKSx2lkDV4AaABAg,விஜய் திரிஷா,en,Don't mix personal n professional life as cm he is doing good for Tamilnadu people
youtube,comment,Ugy9b0etXipaiA5Osol4AaABAg,yDTSQAzA2SQ,2026-09-14 10:51:53+00:00,2026-09-22T04:34:42Z,43cdbdddea2c,"Characterless gang. CM.. Ppl choose, fools",0,0,0,https://youtube.com/watch?v=yDTSQAzA2SQ&lc=Ugy9b0etXipaiA5Osol4AaABAg,விஜய் திரிஷா,en,"Characterless gang. CM.. Ppl choose, fools"
youtube,comment,UgzwhfwJDolXoeJ-NP94AaABAg,yDTSQAzA2SQ,2026-09-14 10:52:01+00:00,2026-09-22T04:34:42Z,aa7a2a437b12,Bro you are streching too much. People are watching your attrocities,0,0,0,https://youtube.com/watch?v=yDTSQAzA2SQ&lc=UgzwhfwJDolXoeJ-NP94AaABAg,விஜய் திரிஷா,en,Bro you are streching too much. People are watching your attrocities
youtube,comment,Ugw_HvZ40CoSmurRGLV4AaABAg,CRNza2iMSJE,2026-09-14 10:52:41+00:00,2026-09-22T03:58:45Z,dbcc4fc02c23,Trisha oliga. Vijay future😮,1,0,0,https://youtube.com/watch?v=CRNza2iMSJE&lc=Ugw_HvZ40CoSmurRGLV4AaABAg,Vijay Trisha,en,Trisha oliga. Vijay future😮
youtube,comment,UgwSwAaFJHie6GjZE_V4AaABAg,yDTSQAzA2SQ,2026-09-14 10:52:41+00:00,2026-09-22T04:34:42Z,f902d6cd6e55,Atchiya kalachidalam don't want to see Head weight and sicko cm,0,0,0,https://youtube.com/watch?v=yDTSQAzA2SQ&lc=UgwSwAaFJHie6GjZE_V4AaABAg,விஜய் திரிஷா,en,Atchiya kalachidalam don't want to see Head weight and sicko cm
youtube,comment,UgwAR68tfwumEKykY954AaABAg,yDTSQAzA2SQ,2026-09-14 10:54:52+00:00,2026-09-22T04:34:42Z,b4de5733413b,5 varusham sirai thandanai intha kala uravuku ilaya. ? Oohh satam yezhai makaluku thaana.? Pengalai paathu kaakum thalaivar paa ivaru. Karumam,9,0,0,https://youtube.com/watch?v=yDTSQAzA2SQ&lc=UgwAR68tfwumEKykY954AaABAg,விஜய் திரிஷா,en,5 varusham sirai thandanai intha kala uravuku ilaya. ? Oohh satam yezhai makaluku thaana.? Pengalai paathu kaakum thalaivar paa ivaru. Karumam
youtube,comment,Ugzo7qsyIQp4rkL809N4AaABAg,yDTSQAzA2SQ,2026-09-14 10:54:54+00:00,2026-09-22T04:34:42Z,f6379a177fdc,Natuku enna seikirar eandru matum yosikavum cm sir personal life la yarum thalai ida kudathu.avargalin life nadantha personal namaku thiriyathu .naama atha Pesarattu thapu pls 🙏  purinjikonga oru family life la evlo kastem varuthu athu valdravangalukuthan thirium eantha arasiyal thalaivarum eathum pannalaya.kurai solla epdi vena pesalam athu avanga personal so simple,0,0,0,https://youtube.com/watch?v=yDTSQAzA2SQ&lc=Ugzo7qsyIQp4rkL809N4AaABAg,விஜய் திரிஷா,tanglish,Natuku enna seikirar eandru matum yosikavum cm sir personal life la yarum thalai ida kudathu.avargalin life nadantha personal namaku thiriyathu .naama atha Pesarattu thapu pls 🙏 purinjikonga oru family life la evlo kastem varuthu athu valdravangalukuthan thirium eantha arasiyal thalaivarum eathum pannalaya.kurai solla epdi vena pesalam athu avanga personal so simple
youtube,comment,UgyCRSnJrKUYIfKFKvd4AaABAg,yDTSQAzA2SQ,2026-09-14 10:55:21+00:00,2026-09-22T04:34:42Z,b0ba121e4b42,இவரெல்லாம் ஒரு முதலமைச்சரா காரி துப்புகிறது தமிழகம்,0,0,0,https://youtube.com/watch?v=yDTSQAzA2SQ&lc=UgyCRSnJrKUYIfKFKvd4AaABAg,விஜய் திரிஷா,ta,Tamil Nadu spits out that he is not a Chief Minister
youtube,comment,UgxALsFDkHJf_3-q1Ht4AaABAg,yDTSQAzA2SQ,2026-09-14 10:58:38+00:00,2026-09-22T04:34:42Z,5061e279fa6b,"Learn some decency from ur son. Youths r looking up to & look at u what u r doing? Bad example. Without divorcing ur wife, being in that position what nonsense u r doing. Have u lost ur sense??",40,1,0,https://youtube.com/watch?v=yDTSQAzA2SQ&lc=UgxALsFDkHJf_3-q1Ht4AaABAg,விஜய் திரிஷா,en,"Learn some decency from ur son. Youths r looking up to & look at u what u r doing? Bad example. Without divorcing ur wife, being in that position what nonsense u r doing. Have u lost ur sense??"
youtube,comment,Ugy0Q8S8rfMnDxesj1x4AaABAg,tXF0m9aktp4,2026-09-14 11:00:46+00:00,2026-09-22T04:34:47Z,5beb14d018a4,அத வச்சு ஒன்னுக்கு மட்டும் அடிக்கும் உத்தமன்கள்.,0,0,0,https://youtube.com/watch?v=tXF0m9aktp4&lc=Ugy0Q8S8rfMnDxesj1x4AaABAg,விஜய் திரிஷா,ta,Uttamans who beat only one of them.
youtube,comment,UgwqzFzxy3IzyaGxnJp4AaABAg,yDTSQAzA2SQ,2026-09-14 11:03:29+00:00,2026-09-22T04:34:42Z,cc8e71d23c9a,ஆதவன் தான் மாமாவா???😅,0,0,0,https://youtube.com/watch?v=yDTSQAzA2SQ&lc=UgwqzFzxy3IzyaGxnJp4AaABAg,விஜய் திரிஷா,ta,Is Aadhavan the uncle???😅
youtube,comment,UgxqZOhefM6Xrmxp5fR4AaABAg,yDTSQAzA2SQ,2026-09-14 11:04:13+00:00,2026-09-22T04:34:42Z,97184785bdcb,லண்டன் தமிழர்களல்ல தறுதலைகள்.,0,0,0,https://youtube.com/watch?v=yDTSQAzA2SQ&lc=UgxqZOhefM6Xrmxp5fR4AaABAg,விஜய் திரிஷா,ta,The liberators are not the London Tamils.
youtube,comment,Ugw1HasjfEwo-H18dJl4AaABAg,yDTSQAzA2SQ,2026-09-14 11:06:57+00:00,2026-09-22T04:34:42Z,fb5075ded20e,"Vijay trisha super 😂😂😂
Kevalamave irukaathu pola",0,0,0,https://youtube.com/watch?v=yDTSQAzA2SQ&lc=Ugw1HasjfEwo-H18dJl4AaABAg,விஜய் திரிஷா,en,"Vijay trisha super 😂😂😂
Kevalamave irukaathu pola"
youtube,comment,Ugzjo3-q0p9romRbull4AaABAg,yDTSQAzA2SQ,2026-09-14 11:07:54+00:00,2026-09-22T04:34:42Z,df54fa6ff2bc,Dai athu avarida kai da,0,0,0,https://youtube.com/watch?v=yDTSQAzA2SQ&lc=Ugzjo3-q0p9romRbull4AaABAg,விஜய் திரிஷா,en,Dai athu avarida kai da
youtube,comment,UgyczZyplBk_MJrG-3x4AaABAg,yDTSQAzA2SQ,2026-09-14 11:09:41+00:00,2026-09-22T04:34:42Z,bcc2f197c113,inda pmbala vije kudumba valkayum illama seithu arasiyalayum illama panna pora iva dmk agent,1,0,0,https://youtube.com/watch?v=yDTSQAzA2SQ&lc=UgyczZyplBk_MJrG-3x4AaABAg,விஜய் திரிஷா,en,inda pmbala vije kudumba valkayum illama seithu arasiyalayum illama panna pora iva dmk agent
youtube,comment,UgxR8E-Hy6hnjgUh7ol4AaABAg,tXF0m9aktp4,2026-09-14 11:10:17+00:00,2026-09-22T04:34:47Z,09631ded98d3,ADMK should make TRISHA as its president. TRISHA should be in place of Jayalalitha.❤TRISHA the mistress of CM Vijay.,1,0,0,https://youtube.com/watch?v=tXF0m9aktp4&lc=UgxR8E-Hy6hnjgUh7ol4AaABAg,விஜய் திரிஷா,en,ADMK should make TRISHA as its president. TRISHA should be in place of Jayalalitha.❤TRISHA the mistress of CM Vijay.
youtube,comment,UgxSwr2b6eRqGHt9mYx4AaABAg,yDTSQAzA2SQ,2026-09-14 11:11:15+00:00,2026-09-22T04:34:42Z,e9b6beec7918,Vote potathuthappu,2,0,0,https://youtube.com/watch?v=yDTSQAzA2SQ&lc=UgxSwr2b6eRqGHt9mYx4AaABAg,விஜய் திரிஷா,en,Vote potathuthappu
youtube,comment,UgxN6On82P2zwMIxwph4AaABAg,yDTSQAzA2SQ,2026-09-14 11:16:26+00:00,2026-09-22T04:34:42Z,f266b0cd8e37,vijay nee allam c.m olugatga pathi pesa thuppu eruka first,7,0,0,https://youtube.com/watch?v=yDTSQAzA2SQ&lc=UgxN6On82P2zwMIxwph4AaABAg,விஜய் திரிஷா,en,vijay nee allam c.m olugatga pathi pesa thuppu eruka first
youtube,comment,UgzBKdkqiXbMhx0fxtR4AaABAg,yDTSQAzA2SQ,2026-09-14 11:20:44+00:00,2026-09-22T04:34:42Z,e07f62bd0cdf,He went to time pass with Trisha,1,0,0,https://youtube.com/watch?v=yDTSQAzA2SQ&lc=UgzBKdkqiXbMhx0fxtR4AaABAg,விஜய் திரிஷா,en,He went to time pass with Trisha
youtube,comment,Ugy3ZpmBluhve-hL5Ep4AaABAg,yDTSQAzA2SQ,2026-09-14 11:21:41+00:00,2026-09-22T04:34:42Z,cc44d09b399d,What do you want Trisha? What you are doing is very bad,0,0,0,https://youtube.com/watch?v=yDTSQAzA2SQ&lc=Ugy3ZpmBluhve-hL5Ep4AaABAg,விஜய் திரிஷா,en,What do you want Trisha? What you are doing is very bad
youtube,comment,UgyGhM-0tIkQQ2_TW894AaABAg,yDTSQAzA2SQ,2026-09-14 11:22:29+00:00,2026-09-22T04:34:42Z,98f8645deaf5,நீங்களே இப்படி பண்ணலாம் இதுவே ஸ்டாலின் சார் பண்ணா சும்மா இருப்பீங்களா அவர் மேல குறை சொல்லும்,61,0,0,https://youtube.com/watch?v=yDTSQAzA2SQ&lc=UgyGhM-0tIkQQ2_TW894AaABAg,விஜய் திரிஷா,ta,"You can do this yourself, this is Stalin's fault, whether you are idle or not"
youtube,comment,UgxKQeToS4d_wUsMT4V4AaABAg,yDTSQAzA2SQ,2026-09-14 11:24:13+00:00,2026-09-22T04:34:42Z,b66d0144ea2c,ரசிகர்கள் சினிமாவை சினிமாவாக பார்க்கவேண்டும் அரசியலை அரசியலாக பார்க்க வேண்டும்,0,0,0,https://youtube.com/watch?v=yDTSQAzA2SQ&lc=UgxKQeToS4d_wUsMT4V4AaABAg,விஜய் திரிஷா,ta,Fans should see cinema as cinema and politics as politics
youtube,comment,UgwnsPpdxp-ysSm8Qy94AaABAg,yDTSQAzA2SQ,2026-09-14 11:24:24+00:00,2026-09-22T04:34:42Z,ca570e892424,தி மு க காரன் கூட சோ்ந்து கட்டுன பொண்டாட்டி தோ்தல் சமயத்தில கேஸ் போட்ட போது இங்க கமெண்ட் பண்றவங்க சங்கீதா தோ்தல் சமயத்தில் பண்ணிய சம்பவத்தை மறந்தது ஏன்....,0,0,0,https://youtube.com/watch?v=yDTSQAzA2SQ&lc=UgwnsPpdxp-ysSm8Qy94AaABAg,விஜய் திரிஷா,ta,Why did the commenters here forget the incident of Sangeetha Dothal when the third party also filed a case during the Phondatti Tothal....
youtube,comment,UgybVZ3lhYm_o_5w5k54AaABAg,yDTSQAzA2SQ,2026-09-14 11:26:09+00:00,2026-09-22T04:34:42Z,dbc59643d94a,"Not only opposite team vijay sir, you also doing politics using this matter. Yarum thittangha. This is my opinion.",0,0,0,https://youtube.com/watch?v=yDTSQAzA2SQ&lc=UgybVZ3lhYm_o_5w5k54AaABAg,விஜய் திரிஷா,en,"Not only opposite team vijay sir, you also doing politics using this matter. Yarum thittangha. This is my opinion."
youtube,comment,UgxsKVIT7TWNWcQWBht4AaABAg,yDTSQAzA2SQ,2026-09-14 11:26:38+00:00,2026-09-22T04:34:42Z,33b05fd27b97,Is this ONLY your business media,0,0,0,https://youtube.com/watch?v=yDTSQAzA2SQ&lc=UgxsKVIT7TWNWcQWBht4AaABAg,விஜய் திரிஷா,en,Is this ONLY your business media
youtube,comment,UgxrpVD7aPq44CDPPm94AaABAg,yDTSQAzA2SQ,2026-09-14 11:31:11+00:00,2026-09-22T04:34:42Z,085db5579ed8,"Ooti potathu itharkagava makkalai keavalapaduthatheergal entha katchemeethum nambikaivaikamal ungalukku potathsrku makkalai nalla seigireergal vijai nengal jeikkumunbe naan avalausanthozhapatten aanal ippozhuthu vetkapadugirean,   amma",0,0,0,https://youtube.com/watch?v=yDTSQAzA2SQ&lc=UgxrpVD7aPq44CDPPm94AaABAg,விஜய் திரிஷா,tanglish,"Ooti potathu itharkagava makkalai keavalapaduthatheergal entha katchemeethum nambikaivaikamal ungalukku potathsrku makkalai nalla seigireergal vijai nengal jeikkumunbe naan avalausanthozhapatten aanal ippozhuthu vetkapadugirean, amma"
youtube,comment,UgycVgr0biiaYVgTjtV4AaABAg,w0d_bPb3tz4,2026-09-14 11:31:28+00:00,2026-09-22T13:54:31Z,2d6686f1c7dc,அண்ணா இந்த இடத்தத்துல  உங்கள வச்சுப்பாருங்க அண்ணா அண்ணி இடத்துல உங்க அம்மா வச்சுப்பாருங்க அப்பப்பதான் அந்த வலி புரியும்   அண்ணி சாபம் உங்களையும் விடாத அந்த lady உம் விடாது  சீ கருமம் இனிமேலாவது திருந்துங்க அண்ணா அண்ணி  மன்னிப்பாங்க அவங்க குடும்பப்பெண்,1,0,0,https://youtube.com/watch?v=w0d_bPb3tz4&lc=UgycVgr0biiaYVgTjtV4AaABAg,Vijay Trisha,mixed,"Brother, hide yourself in this place. Brother, sister, hide your mother in this place. That is the curse of the painful sister-in-law. That lady will not let go of you. The blackness will not leave you. Please come back, brother, sister-in-law. She is the family woman."
youtube,comment,UgzLWoquNApk2TtGlrp4AaABAg,yDTSQAzA2SQ,2026-09-14 11:33:54+00:00,2026-09-22T04:34:42Z,535622af7555,சாியான மெண்டல்கள். பாா்த்தால் கையசைத்து கொள்ளலாம். ஏன் கேவலமாக கத்துகிறீா்கள்,0,0,0,https://youtube.com/watch?v=yDTSQAzA2SQ&lc=UgzLWoquNApk2TtGlrp4AaABAg,விஜய் திரிஷா,ta,"Gray Mendels.If you see it, you can wave it.Why are you yelling obnoxiously?"
youtube,comment,UgzDbsxRTRmpAI42APN4AaABAg,CRNza2iMSJE,2026-09-14 11:35:28+00:00,2026-09-22T03:58:45Z,eb806c792e38,"What kind of man is he????😮 does he have a kind heart toward his family ??
Crazy.....he is not a child at all, he is over 50 years old. He is also the father of two children who are  over 21  years girl  and  son 26 years. He behaving funny.",6,0,0,https://youtube.com/watch?v=CRNza2iMSJE&lc=UgzDbsxRTRmpAI42APN4AaABAg,Vijay Trisha,en,"What kind of man is he????😮 does he have a kind heart toward his family ??
Crazy.....he is not a child at all, he is over 50 years old. He is also the father of two children who are  over 21  years girl  and  son 26 years. He behaving funny."
youtube,comment,UgxzeC8fIcOYEJm1dqB4AaABAg,yDTSQAzA2SQ,2026-09-14 11:37:32+00:00,2026-09-22T04:34:42Z,1d8ccb0a07b4,நம்புங்க  நம்ம அண்ணன்  லண்டனுக்கு தொழில் முதலீட்டாளர்களை ஈர்க்க போய் இருக்கிறார்,0,0,0,https://youtube.com/watch?v=yDTSQAzA2SQ&lc=UgxzeC8fIcOYEJm1dqB4AaABAg,விஜய் திரிஷா,ta,"Believe me, our brother has gone to London to attract industrial investors"
youtube,comment,UgxacAirCoDH-bm6zwh4AaABAg,yDTSQAzA2SQ,2026-09-14 11:38:07+00:00,2026-09-22T04:34:42Z,c50940d64e34,Trisha dont follow CM sir,1,0,0,https://youtube.com/watch?v=yDTSQAzA2SQ&lc=UgxacAirCoDH-bm6zwh4AaABAg,விஜய் திரிஷா,en,Trisha dont follow CM sir
youtube,comment,UgyaDcRF-RtVERuFcXt4AaABAg,yDTSQAzA2SQ,2026-09-14 11:38:55+00:00,2026-09-22T04:34:42Z,d766a131883d,"சங்கீதா, பிள்ளைகள் இவரிடம் மாட்டிக்கொண்டு என்ன பாடு பட்டார்களோ! ⁉️🤔",42,0,0,https://youtube.com/watch?v=yDTSQAzA2SQ&lc=UgyaDcRF-RtVERuFcXt4AaABAg,விஜய் திரிஷா,ta,"Sangeeta, what the children sang to her!⁉️🤔"
youtube,comment,UgyecQIN4tRCqHd9oVJ4AaABAg,yDTSQAzA2SQ,2026-09-14 11:39:19+00:00,2026-09-22T04:34:42Z,c50940d64e34,Engalukku pidikkala. Ana avar thirumbikitar.,2,0,0,https://youtube.com/watch?v=yDTSQAzA2SQ&lc=UgyecQIN4tRCqHd9oVJ4AaABAg,விஜய் திரிஷா,en,Engalukku pidikkala. Ana avar thirumbikitar.
youtube,comment,UgysHeNQxWPWsIGUH3B4AaABAg,yDTSQAzA2SQ,2026-09-14 11:39:29+00:00,2026-09-22T04:34:42Z,f2ccebda86ee,Vijay tirsha have a nice journey plz tirsha go back,0,0,0,https://youtube.com/watch?v=yDTSQAzA2SQ&lc=UgysHeNQxWPWsIGUH3B4AaABAg,விஜய் திரிஷா,en,Vijay tirsha have a nice journey plz tirsha go back
youtube,comment,UgzhSvt7rPp2z_s6ZtJ4AaABAg,yDTSQAzA2SQ,2026-09-14 11:40:10+00:00,2026-09-22T04:34:42Z,c50940d64e34,"Vijay sir, venam sir",0,0,0,https://youtube.com/watch?v=yDTSQAzA2SQ&lc=UgzhSvt7rPp2z_s6ZtJ4AaABAg,விஜய் திரிஷா,en,"Vijay sir, venam sir"
youtube,comment,UgxlcOg8qiWjRMvl64F4AaABAg,yDTSQAzA2SQ,2026-09-14 11:41:04+00:00,2026-09-22T04:34:42Z,a0efedc17a2c,Sangeetha  only  suffering. He is enjoying. God must  do something,0,0,0,https://youtube.com/watch?v=yDTSQAzA2SQ&lc=UgxlcOg8qiWjRMvl64F4AaABAg,விஜய் திரிஷா,en,Sangeetha  only  suffering. He is enjoying. God must  do something
youtube,comment,UgzU5TPtYMMkhtUd7kN4AaABAg,yDTSQAzA2SQ,2026-09-14 11:41:42+00:00,2026-09-22T04:34:42Z,243908b3a754,"No one is repect your love and relationship, trisha and cm vijay did not live a dignified life, don't disappoint your wife and kids
Here for trisha is nothing to loose   where as you vijay for this relationship you loose your family, your cm  post, tvk, and finaly your name",1,0,0,https://youtube.com/watch?v=yDTSQAzA2SQ&lc=UgzU5TPtYMMkhtUd7kN4AaABAg,விஜய் திரிஷா,en,"No one is repect your love and relationship, trisha and cm vijay did not live a dignified life, don't disappoint your wife and kids
Here for trisha is nothing to loose   where as you vijay for this relationship you loose your family, your cm  post, tvk, and finaly your name"
youtube,comment,UgwQHxhdcBwkaLeAt3h4AaABAg,yDTSQAzA2SQ,2026-09-14 11:42:33+00:00,2026-09-22T04:34:42Z,a4e7a3d15fb6,பிடிக்கவே இல்ல இந்த மனுஷனை😢 i hate you,0,0,0,https://youtube.com/watch?v=yDTSQAzA2SQ&lc=UgwQHxhdcBwkaLeAt3h4AaABAg,விஜய் திரிஷா,mixed,I don't like this man 😢 i hate you
youtube,comment,UgwPBgvlcg908ic0SEV4AaABAg,yDTSQAzA2SQ,2026-09-14 11:43:26+00:00,2026-09-22T04:34:42Z,312d972e38c7,Publica a ve therithu he doesn't deserve tamil nadu people feelings,0,0,0,https://youtube.com/watch?v=yDTSQAzA2SQ&lc=UgwPBgvlcg908ic0SEV4AaABAg,விஜய் திரிஷா,en,Publica a ve therithu he doesn't deserve tamil nadu people feelings
youtube,comment,UgxvODiqKuUuE6t7QTl4AaABAg,yDTSQAzA2SQ,2026-09-14 11:45:30+00:00,2026-09-22T04:34:42Z,a7c6e43ac399,I hate for this two dogs person betrayer cheater two dogs 😮😅😂,0,0,0,https://youtube.com/watch?v=yDTSQAzA2SQ&lc=UgxvODiqKuUuE6t7QTl4AaABAg,விஜய் திரிஷா,en,I hate for this two dogs person betrayer cheater two dogs 😮😅😂
youtube,comment,UgxfFQgA4xktr_aFTsp4AaABAg,yDTSQAzA2SQ,2026-09-14 11:46:34+00:00,2026-09-22T04:34:42Z,ff7500058bb1,ஏம்மா அங்கயும் போய்ட்டியா??,0,0,0,https://youtube.com/watch?v=yDTSQAzA2SQ&lc=UgxfFQgA4xktr_aFTsp4AaABAg,விஜய் திரிஷா,ta,Did Emma go there too??
youtube,comment,UgzqzxGNJgi9WjxzlSp4AaABAg,yDTSQAzA2SQ,2026-09-14 11:46:58+00:00,2026-09-22T04:34:42Z,eac99722f244,மக்கள் வரிபணத்தில்ஜல்சா,1,0,0,https://youtube.com/watch?v=yDTSQAzA2SQ&lc=UgzqzxGNJgi9WjxzlSp4AaABAg,விஜய் திரிஷா,ta,Jalsa on people's tax money
youtube,comment,UgxPqMh2_7ILSWTesgF4AaABAg,yDTSQAzA2SQ,2026-09-14 11:50:43+00:00,2026-09-22T04:34:42Z,71408521077b,Dress code kuda ore mathiri.... enatha sola😢,2,0,0,https://youtube.com/watch?v=yDTSQAzA2SQ&lc=UgxPqMh2_7ILSWTesgF4AaABAg,விஜய் திரிஷா,en,Dress code kuda ore mathiri.... enatha sola😢
youtube,comment,UgwfHnmdZWlzuiIM-kB4AaABAg,CRNza2iMSJE,2026-09-14 11:51:12+00:00,2026-09-22T03:58:45Z,7291e4232837,Please leave his personal life alone.,1,0,0,https://youtube.com/watch?v=CRNza2iMSJE&lc=UgwfHnmdZWlzuiIM-kB4AaABAg,Vijay Trisha,en,Please leave his personal life alone.
youtube,comment,UgyUv9Z1BHXLSREXgBZ4AaABAg,yDTSQAzA2SQ,2026-09-14 11:53:26+00:00,2026-09-22T04:34:42Z,d0a8e6bb2f25,😂 yenakhu 20 dhu unakhu 18  😂 🙈🙉🙊🤧,0,0,0,https://youtube.com/watch?v=yDTSQAzA2SQ&lc=UgyUv9Z1BHXLSREXgBZ4AaABAg,விஜய் திரிஷா,en,😂 yenakhu 20 dhu unakhu 18  😂 🙈🙉🙊🤧
youtube,comment,UgzJL-v2yrzq7YikWst4AaABAg,yDTSQAzA2SQ,2026-09-14 11:56:21+00:00,2026-09-22T04:34:42Z,3cde11c98497,Mgr jeyalalitha storyla mgr sethathuku appuram thaen j cm appa vijay  ni setha thaen trisha cm purinjuko carefull pottu thallunallum thaliruva kalyana vayasula payana vachukitu un pulapa patha kavalam chi,0,0,0,https://youtube.com/watch?v=yDTSQAzA2SQ&lc=UgzJL-v2yrzq7YikWst4AaABAg,விஜய் திரிஷா,en,Mgr jeyalalitha storyla mgr sethathuku appuram thaen j cm appa vijay  ni setha thaen trisha cm purinjuko carefull pottu thallunallum thaliruva kalyana vayasula payana vachukitu un pulapa patha kavalam chi
youtube,comment,UgxDS63geBAMrIhhCsR4AaABAg,yDTSQAzA2SQ,2026-09-14 11:58:02+00:00,2026-09-22T04:34:42Z,5f56986d8cdb,Sir please Trisha vitu vilagirunga.,1,0,0,https://youtube.com/watch?v=yDTSQAzA2SQ&lc=UgxDS63geBAMrIhhCsR4AaABAg,விஜய் திரிஷா,en,Sir please Trisha vitu vilagirunga.
youtube,comment,Ugx_Gq5yhc103xhaf2h4AaABAg,yDTSQAzA2SQ,2026-09-14 11:59:02+00:00,2026-09-22T04:34:42Z,0d375af46cab,விஜய் இது மிகவு‌ம் தவறு. நீ மக்களுக்காக  தான் அரசியலுக்கு வந்தேன் என்று சொன்னிங்க ஆனால் நீங்கள் செய்வது எல்லாம் தப்பாகப் இருக்கு. இப்படி நீங்கள் செய்து கொண்டு இருந்தால் மக்கள் உங்களை தூக்கி எறிந்து விடுவார்கள். அரசியலுக்கு வந்து விட்டால் ரொம்ப கவனமாகவும் இருக்க வேண்டும். நீங்களே உங்கள் தலையில் மண்ணை வாரி போட்டு கொள்ளாதிங்க.,0,0,0,https://youtube.com/watch?v=yDTSQAzA2SQ&lc=Ugx_Gq5yhc103xhaf2h4AaABAg,விஜய் திரிஷா,ta,"Vijay This is very wrong.You said that you came into politics for the sake of the people, but everything you are doing is wrong.If you keep doing this, people will throw you away.If you come into politics, you should be very careful.Don't sprinkle dirt on your head."
youtube,comment,UgzbvYEpoT2SX4YxCVJ4AaABAg,tXF0m9aktp4,2026-09-14 12:00:46+00:00,2026-09-22T04:34:47Z,2c6781a7e020,"Vijay neenga mathavangala seringa 
Aana trisha ungala vechi seithutanga 😂😂😂😂😂",3,0,0,https://youtube.com/watch?v=tXF0m9aktp4&lc=UgzbvYEpoT2SX4YxCVJ4AaABAg,விஜய் திரிஷா,en,"Vijay neenga mathavangala seringa 
Aana trisha ungala vechi seithutanga 😂😂😂😂😂"
youtube,comment,Ugz0ZzmuJrpbZxM9Uo94AaABAg,i1BqRYMFS08,2026-09-14 12:03:34+00:00,2026-09-22T13:54:25Z,2526ffd61ea8,Ye gana sunke sukoon milta hai❤,1,0,0,https://youtube.com/watch?v=i1BqRYMFS08&lc=Ugz0ZzmuJrpbZxM9Uo94AaABAg,Vijay Trisha,en,Ye gana sunke sukoon milta hai❤
youtube,comment,Ugwi0n6umZ7eTIpaCL94AaABAg,yDTSQAzA2SQ,2026-09-14 12:03:47+00:00,2026-09-22T04:34:42Z,7f2b4e982121,Vijay sir supera irukku  unga vedieo va unga family parththa remba remba thulli thulli kuthippanga super sir if the vedieo is true?,1,0,0,https://youtube.com/watch?v=yDTSQAzA2SQ&lc=Ugwi0n6umZ7eTIpaCL94AaABAg,விஜய் திரிஷா,tanglish,Vijay sir is super. I saw your video and your family. Remba remba.
youtube,comment,UgwYUng4geUhzsrwS3J4AaABAg,CRNza2iMSJE,2026-09-14 12:06:48+00:00,2026-09-22T03:58:45Z,ec0ea4afb236,"திரிஷாவை வர சொன்னதே விஜய் தான் போல யாருக்கு தெரியும் ,குடும்பத்துடன் இருந்தால் இந்த வதந்திகள் வராது, ஆனால் செய்ய மாட்டார்கள், இதற்கு ஆதரவு  விஜய் மகனும் கூட இருக்கலாம்.",26,0,0,https://youtube.com/watch?v=CRNza2iMSJE&lc=UgwYUng4geUhzsrwS3J4AaABAg,Vijay Trisha,ta,"Who knows as Vijay is the one who asked Trisha to come, if he is with his family these rumors will not come but they won't, Vijay's son may also support this."
youtube,comment,UgyPijxrTTFVz6B98Zx4AaABAg,yDTSQAzA2SQ,2026-09-14 12:06:48+00:00,2026-09-22T04:34:42Z,8a587a5f91e4,Vijay kandipa next election la lose pannanum,0,0,0,https://youtube.com/watch?v=yDTSQAzA2SQ&lc=UgyPijxrTTFVz6B98Zx4AaABAg,விஜய் திரிஷா,en,Vijay kandipa next election la lose pannanum
youtube,comment,UgzjTJsCwkPCb3WloaB4AaABAg,yDTSQAzA2SQ,2026-09-14 12:07:00+00:00,2026-09-22T04:34:42Z,8a587a5f91e4,Apothan thiruthuvan,0,0,0,https://youtube.com/watch?v=yDTSQAzA2SQ&lc=UgzjTJsCwkPCb3WloaB4AaABAg,விஜய் திரிஷா,en,Apothan thiruthuvan
youtube,comment,UgwKTnbPdL7g9LVsLBB4AaABAg,yDTSQAzA2SQ,2026-09-14 12:07:08+00:00,2026-09-22T04:34:42Z,8a587a5f91e4,Paavan sangeetha,0,0,0,https://youtube.com/watch?v=yDTSQAzA2SQ&lc=UgwKTnbPdL7g9LVsLBB4AaABAg,விஜய் திரிஷா,en,Paavan sangeetha
youtube,comment,UgwiCZ1_wSfm8dzZpkx4AaABAg,yDTSQAzA2SQ,2026-09-14 12:07:34+00:00,2026-09-22T04:34:42Z,84fbac6c68a6,Ertiga lachana mein,0,0,0,https://youtube.com/watch?v=yDTSQAzA2SQ&lc=UgwiCZ1_wSfm8dzZpkx4AaABAg,விஜய் திரிஷா,en,Ertiga lachana mein
youtube,comment,UgwIbFkWRC4ov0BxQeR4AaABAg,36UIMG2yRDU,2026-09-14 12:07:47+00:00,2026-09-22T04:19:43Z,134f8af01686,Personal life is personal why to drag both . People should stop judging every one has feelings.,4,1,0,https://youtube.com/watch?v=36UIMG2yRDU&lc=UgwIbFkWRC4ov0BxQeR4AaABAg,Vijay Trisha,en,Personal life is personal why to drag both . People should stop judging every one has feelings.
youtube,comment,UgwRqCmdb45hyrJSWQJ4AaABAg,yDTSQAzA2SQ,2026-09-14 12:09:51+00:00,2026-09-22T04:34:42Z,84fbac6c68a6,First stand infront of mirror and look at your face then comment others,1,0,0,https://youtube.com/watch?v=yDTSQAzA2SQ&lc=UgwRqCmdb45hyrJSWQJ4AaABAg,விஜய் திரிஷா,en,First stand infront of mirror and look at your face then comment others
youtube,comment,Ugy6hEzfKOjux4qlmQ54AaABAg,yDTSQAzA2SQ,2026-09-14 12:11:13+00:00,2026-09-22T04:34:42Z,6213fe1caf09,இது தப்புதான்,3,0,0,https://youtube.com/watch?v=yDTSQAzA2SQ&lc=Ugy6hEzfKOjux4qlmQ54AaABAg,விஜய் திரிஷா,ta,This is wrong
youtube,comment,UgxSw6MctA14ImBOabl4AaABAg,yDTSQAzA2SQ,2026-09-14 12:11:59+00:00,2026-09-22T04:34:42Z,84fbac6c68a6,Unnai CM nu sonna athu antha pathavikke avamaanam.,0,0,0,https://youtube.com/watch?v=yDTSQAzA2SQ&lc=UgxSw6MctA14ImBOabl4AaABAg,விஜய் திரிஷா,en,Unnai CM nu sonna athu antha pathavikke avamaanam.
youtube,comment,Ugy1xWmo6dYuFFdV9ax4AaABAg,yDTSQAzA2SQ,2026-09-14 12:13:09+00:00,2026-09-22T04:34:42Z,b7503152403b,These idiots are shouting 😢 and running behind of him for what ??? Just a photo 😢😢 useless,0,0,0,https://youtube.com/watch?v=yDTSQAzA2SQ&lc=Ugy1xWmo6dYuFFdV9ax4AaABAg,விஜய் திரிஷா,en,These idiots are shouting 😢 and running behind of him for what ??? Just a photo 😢😢 useless
youtube,comment,UgwGrpqOvugdgdp5wsJ4AaABAg,yDTSQAzA2SQ,2026-09-14 12:13:54+00:00,2026-09-22T04:34:42Z,84fbac6c68a6,Avan velaiye athurhan,0,0,0,https://youtube.com/watch?v=yDTSQAzA2SQ&lc=UgwGrpqOvugdgdp5wsJ4AaABAg,விஜய் திரிஷா,en,Avan velaiye athurhan
youtube,comment,UgwOPxbVJD_bxAoTODR4AaABAg,yDTSQAzA2SQ,2026-09-14 12:14:02+00:00,2026-09-22T04:34:42Z,cfa97e3bc6ab,"நான் அவருக்கு ஆதரவாக இருந்தேன். ஆனால் அடுத்த முறை அவருக்கு வாக்களிக்க மாட்டேன்.

மக்களே, கொஞ்சம் விழித்துக்கொள்ளுங்கள்! ரசிகர்களின் உணர்வுகளையோ, எதிர்ப்புகளையோ அவர் பெரிதாகக் கருத்தில் கொள்ளவில்லை. அவருக்கு பிடித்ததை, அவருக்கு மகிழ்ச்சி தருவதைத் தான் அவர் செய்து கொண்டிருக்கிறார்.

அவருடைய படங்களைப் பாருங்கள், ரசித்துப் பாருங்கள். ஆனால் அதற்காக எந்த ஒரு நடிகருக்கும் உங்கள் ஓட்டையும் ஆதரவையும் நிரந்தரமாக கொடுக்க வேண்டிய அவசியமில்லை.",7,1,0,https://youtube.com/watch?v=yDTSQAzA2SQ&lc=UgwOPxbVJD_bxAoTODR4AaABAg,விஜய் திரிஷா,ta,"I supported him.But I will not vote for him next time.

Wake up, people!He did not consider the sentiments or objections of the fans very much.He is doing what he likes and what makes him happy.

Check out his pictures and enjoy.But for that there is no need to give your support and support to any actor forever."
youtube,comment,Ugxc8pF1Ov9Su0gu21p4AaABAg,w0d_bPb3tz4,2026-09-14 12:16:19+00:00,2026-09-22T13:54:31Z,e760b1e4f8bf,Oru nalla manithan tavaru seyya koodathu.appadiye tavari seithu viddal tiruntha vendum.,0,0,0,https://youtube.com/watch?v=w0d_bPb3tz4&lc=Ugxc8pF1Ov9Su0gu21p4AaABAg,Vijay Trisha,en,Oru nalla manithan tavaru seyya koodathu.appadiye tavari seithu viddal tiruntha vendum.
youtube,comment,UgwE0RIi0GkGZ1HzT254AaABAg,yDTSQAzA2SQ,2026-09-14 12:19:09+00:00,2026-09-22T04:34:42Z,0799a2e94b61,Shameless fellows,1,0,0,https://youtube.com/watch?v=yDTSQAzA2SQ&lc=UgwE0RIi0GkGZ1HzT254AaABAg,விஜய் திரிஷா,en,Shameless fellows
youtube,comment,UgxfYOgywxGUNyB-f3Z4AaABAg,yDTSQAzA2SQ,2026-09-14 12:19:18+00:00,2026-09-22T04:34:42Z,84fbac6c68a6,Yarudaa nee,0,0,0,https://youtube.com/watch?v=yDTSQAzA2SQ&lc=UgxfYOgywxGUNyB-f3Z4AaABAg,விஜய் திரிஷா,en,Yarudaa nee
youtube,comment,UgwrITJzE1d9bkSgGiV4AaABAg,yDTSQAzA2SQ,2026-09-14 12:20:37+00:00,2026-09-22T04:34:42Z,0799a2e94b61,Respect ur wife n children feeling this is too much,0,0,0,https://youtube.com/watch?v=yDTSQAzA2SQ&lc=UgwrITJzE1d9bkSgGiV4AaABAg,விஜய் திரிஷா,en,Respect ur wife n children feeling this is too much
youtube,comment,UgynqtCZ6hkzaAmG0ex4AaABAg,w0d_bPb3tz4,2026-09-14 12:22:11+00:00,2026-09-22T13:54:31Z,e760b1e4f8bf,Marupadiyum oru puthiya election erpadu pannunga.Suriya Cm ha varaddum,1,0,0,https://youtube.com/watch?v=w0d_bPb3tz4&lc=UgynqtCZ6hkzaAmG0ex4AaABAg,Vijay Trisha,en,Marupadiyum oru puthiya election erpadu pannunga.Suriya Cm ha varaddum
youtube,comment,UgxtHZMsgE5W9OX5gel4AaABAg,CRNza2iMSJE,2026-09-14 12:23:18+00:00,2026-09-22T03:58:45Z,8e6706ee88c9,Payilvansirunkalukkuthirishapanamkoduthuavathoorusollumpadiseivalpoulumsanianealaraipedithavalumakkuarivuveandu.mmakanvayathupaiyanaipatti,0,0,0,https://youtube.com/watch?v=CRNza2iMSJE&lc=UgxtHZMsgE5W9OX5gel4AaABAg,Vijay Trisha,en,Payilvansirunkalukkuthirishapanamkoduthuavathoorusollumpadiseivalpoulumsanianealaraipedithavalumakkuarivuveandu.mmakanvayathupaiyanaipatti
youtube,comment,Ugz7oEXIBLC5VxjBC794AaABAg,yDTSQAzA2SQ,2026-09-14 12:24:54+00:00,2026-09-22T04:34:42Z,a0635f764c96,ஆதவ் மாமா  இடைத்தேர்தல் தவெக அவுட். மக்கள் வரிப்பணம் கண்டவ  கூட ஊர் சத்தவா,0,0,0,https://youtube.com/watch?v=yDTSQAzA2SQ&lc=Ugz7oEXIBLC5VxjBC794AaABAg,விஜய் திரிஷா,ta,"Aadhav Mama is out for the by-elections.Even if the people pay their taxes, the village is full"
youtube,comment,UgzYoNcpK1u5ksH1joJ4AaABAg,CRNza2iMSJE,2026-09-14 12:36:06+00:00,2026-09-22T03:58:45Z,37be50e6af91,Trisa plz leave from vijay it's good for tvk,1,0,0,https://youtube.com/watch?v=CRNza2iMSJE&lc=UgzYoNcpK1u5ksH1joJ4AaABAg,Vijay Trisha,en,Trisa plz leave from vijay it's good for tvk
youtube,comment,UgxmuSHpCPfsVPeeeYt4AaABAg,yDTSQAzA2SQ,2026-09-14 12:36:23+00:00,2026-09-22T04:34:42Z,0147ef2d3e57,இதை எப்படி திசை திருப்பனும்னு விஜய் சாருக்கு நன்றாக தெரியும்.விஜய் sir சட்ட சபைக்கு போய் கழுத்து நரம்பு புடைக்க நாலு கத்து கத்து நா எல்லாரும் மறந்து விடுவாங்க.,0,0,0,https://youtube.com/watch?v=yDTSQAzA2SQ&lc=UgxmuSHpCPfsVPeeeYt4AaABAg,விஜய் திரிஷா,mixed,Vijay sir knows very well how to divert this. Vijay sir should go to the legislature and forget about four shouts and shouts.
youtube,comment,UgyZpiAIkBliTKY0Y6x4AaABAg,yDTSQAzA2SQ,2026-09-14 12:37:43+00:00,2026-09-22T04:34:42Z,0b9a44b954cd,AI stupid ngalaa A I photo,0,0,0,https://youtube.com/watch?v=yDTSQAzA2SQ&lc=UgyZpiAIkBliTKY0Y6x4AaABAg,விஜய் திரிஷா,en,AI stupid ngalaa A I photo
youtube,comment,UgwWFVpo0WwedbWoFC14AaABAg,yDTSQAzA2SQ,2026-09-14 12:42:11+00:00,2026-09-22T04:34:42Z,d50cff8dbded,"Explanation needed 
Not acceptable",0,0,0,https://youtube.com/watch?v=yDTSQAzA2SQ&lc=UgwWFVpo0WwedbWoFC14AaABAg,விஜய் திரிஷா,en,"Explanation needed 
Not acceptable"
youtube,comment,UgyKHM4JO8SXbFFnntN4AaABAg,yDTSQAzA2SQ,2026-09-14 12:45:55+00:00,2026-09-22T04:34:42Z,25c487e96db4,No vote for tvk,0,0,0,https://youtube.com/watch?v=yDTSQAzA2SQ&lc=UgyKHM4JO8SXbFFnntN4AaABAg,விஜய் திரிஷா,en,No vote for tvk
youtube,comment,Ugwz3P_SIoeYIZruqpp4AaABAg,yDTSQAzA2SQ,2026-09-14 12:49:46+00:00,2026-09-22T04:34:42Z,063a17dc1137,ore karla illa Kannamma pettaikku kooda onna pogattum Ippo emnaseyya mudiyum sami .gammunu irunga,0,0,0,https://youtube.com/watch?v=yDTSQAzA2SQ&lc=Ugwz3P_SIoeYIZruqpp4AaABAg,விஜய் திரிஷா,en,ore karla illa Kannamma pettaikku kooda onna pogattum Ippo emnaseyya mudiyum sami .gammunu irunga
youtube,comment,Ugz6FFn4Rz1vNZS8Vfh4AaABAg,yDTSQAzA2SQ,2026-09-14 12:57:59+00:00,2026-09-22T04:34:42Z,c57136e95f25,😊 Vijay செயலில் மட்டும் கிடையாது பேச்சு பேசி இலவசங்களை அது அறிவித்து வெற்றி கண்டவன் இவனுக்கெல்லாம் ஓட்டு போட்டது நினைத்து தலை குனிய வேண்டி இருக்கிறது ஒரு குடும்பத்துக்கு இரண்டு பிள்ளைகளையும் மனைவி தவித்துவிட்டு இன்னொருத்தையோட மனசாட்சியே இல்லாத போறவனே நாம் எப்படி நல்லவன் என்று சொல்ல முடியும் இவன் கட்டாயமாக நல்லாட்சியை தரமாட்டான் இவனுக்கு மனசாட்சியே கிடையாது இவனுடைய ரசிகர்களுக்கு மட்டும் தான் நல்ல செய்யணும்னு நினைச்சுக்கிறான் ஆனா நினைக்கிறீங்க அடுத்தவன் விஜய் விஜய்னு கட்டாயம் நாங்க எல்லாம் ஓட்டு போட மாட்டோம்,0,0,0,https://youtube.com/watch?v=yDTSQAzA2SQ&lc=Ugz6FFn4Rz1vNZS8Vfh4AaABAg,விஜய் திரிஷா,mixed,"😊 Vijay is not only active, he talks and announces freebies and wins. He has to bow his head thinking that he has voted for all of them. How can we say that he is a good person who left one family with two children and his wife and has no conscience. He will not necessarily give good governance. He has no conscience."
youtube,comment,UgxcH80Q7Eu6u391DqV4AaABAg,yDTSQAzA2SQ,2026-09-14 13:00:26+00:00,2026-09-22T04:34:42Z,93bafd538f15,Indha arivu ketta naayellam keela ninnukittu yen ipdi keevalama oolayidudhu asingam avamaanam vetkakkedu idhugellam thirundhuma thirundhaadha.,0,0,0,https://youtube.com/watch?v=yDTSQAzA2SQ&lc=UgxcH80Q7Eu6u391DqV4AaABAg,விஜய் திரிஷா,en,Indha arivu ketta naayellam keela ninnukittu yen ipdi keevalama oolayidudhu asingam avamaanam vetkakkedu idhugellam thirundhuma thirundhaadha.
youtube,comment,UgwaDQ4ERdIr3ED076V4AaABAg,yDTSQAzA2SQ,2026-09-14 13:02:21+00:00,2026-09-22T04:34:42Z,fcd577688078,Mental payalunga,0,0,0,https://youtube.com/watch?v=yDTSQAzA2SQ&lc=UgwaDQ4ERdIr3ED076V4AaABAg,விஜய் திரிஷா,en,Mental payalunga
youtube,comment,Ugw3xQ58zdH-3peoUXt4AaABAg,w0d_bPb3tz4,2026-09-14 13:04:56+00:00,2026-09-22T13:54:31Z,4314df203985,நானும் விஜய்க்கு தான்  ஓட் போட்டேன் இப்போ அதா நினைச்சி ரொம்ப வருத்த படுறேன் சொல்ல போன நானும் ஒரு தற்குறி தான் அப்போ இப்போ இல்ல,5,0,0,https://youtube.com/watch?v=w0d_bPb3tz4&lc=Ugw3xQ58zdH-3peoUXt4AaABAg,Vijay Trisha,ta,I also voted for Vijay and now I am very sad thinking about it.
youtube,comment,UgxdL27_tXRH85MSXoV4AaABAg,yDTSQAzA2SQ,2026-09-14 13:04:56+00:00,2026-09-22T04:34:42Z,83e8eb39ca83,Thirundha Vaaipillai Raajaa.,0,0,0,https://youtube.com/watch?v=yDTSQAzA2SQ&lc=UgxdL27_tXRH85MSXoV4AaABAg,விஜய் திரிஷா,en,Thirundha Vaaipillai Raajaa.
youtube,comment,UgxbGEq9QdbDMRy4HNx4AaABAg,yDTSQAzA2SQ,2026-09-14 13:08:26+00:00,2026-09-22T04:34:42Z,83e8eb39ca83,Adhav Thuraiyai Maatravendu. Adhavai Thookki maamaa pani Thuraikku Maatravendum.,1,0,0,https://youtube.com/watch?v=yDTSQAzA2SQ&lc=UgxbGEq9QdbDMRy4HNx4AaABAg,விஜய் திரிஷா,en,Adhav Thuraiyai Maatravendu. Adhavai Thookki maamaa pani Thuraikku Maatravendum.
youtube,comment,UgwjdaJaiehVh--nZXh4AaABAg,CRNza2iMSJE,2026-09-14 13:08:30+00:00,2026-09-22T03:58:45Z,5d8c58ee0893,மக்களுக்கு வாக்குறுதியை கொடுத்து ஏமாத்திய மக்களின் அடிப்படை அரசியல் தெரியாத தற்குறி திரிஷா மாடல் கழகம்,0,0,0,https://youtube.com/watch?v=CRNza2iMSJE&lc=UgwjdaJaiehVh--nZXh4AaABAg,Vijay Trisha,ta,Trisha Model Corporation is ignorant of the basic politics of the people who promised and deceived the people
youtube,comment,UgynpxygeUivzZ0ncEp4AaABAg,yDTSQAzA2SQ,2026-09-14 13:10:17+00:00,2026-09-22T04:34:42Z,7bab00beb63e,Vijay விஜய் அண்ணா நீங்க மக்களுக்கு நல்லது செய்ய வந்தீங்களா இல்ல DMK revenge எடுக்க வந்தீங்களா.. ஃபர்ஸ்ட் அதை கிளியர் பண்ணுங்க..... நான் உங்களுக்கு ஓட்டு போட்ட உரிமையில பேசுறேன்...,20,2,0,https://youtube.com/watch?v=yDTSQAzA2SQ&lc=UgynpxygeUivzZ0ncEp4AaABAg,விஜய் திரிஷா,mixed,Vijay Vijay Anna have you come to do good for the people or have you come to take revenge from DMK.. First clear it..... I am talking about your right to vote...
youtube,comment,UgxjPkZQ3w3Yhy_vs7V4AaABAg,yDTSQAzA2SQ,2026-09-14 13:13:26+00:00,2026-09-22T04:34:42Z,cfd9cab6100b,DMK க்கு மிசா பிரச்சனை 😂TVK க்கு திரிஷா பிரச்சனை 😁என்னத்த சொல்ல,24,3,0,https://youtube.com/watch?v=yDTSQAzA2SQ&lc=UgxjPkZQ3w3Yhy_vs7V4AaABAg,விஜய் திரிஷா,mixed,Misa is a problem for DMK 😂Trisha is a problem for TVK 😁What can you say
youtube,comment,Ugw5f5S72z4QTxXW9AN4AaABAg,yDTSQAzA2SQ,2026-09-14 13:16:02+00:00,2026-09-22T04:34:42Z,ab012b7367e4,Kalam pona kadachila idhu yellam vijayuku thevaya,4,0,0,https://youtube.com/watch?v=yDTSQAzA2SQ&lc=Ugw5f5S72z4QTxXW9AN4AaABAg,விஜய் திரிஷா,en,Kalam pona kadachila idhu yellam vijayuku thevaya
youtube,comment,Ugw2s6jYelGXR-2Ow5p4AaABAg,yDTSQAzA2SQ,2026-09-14 13:19:16+00:00,2026-09-22T04:34:42Z,d999bd216de2,"Hello people, jus because cm Vijay friend of Trisha wateve relationship they can be, it's their personal life...I'm so iritate to seeing people here all bad commenting bout cm Vijay sir....nandriikeddavada ninga yellarum ...u regret voting this generous men? Go vote again bloody dmk ..u will all live in helll.....there will be no more real independence for Tamil Nadu from dmk ..shame all of u ...jus because Trisha, u making things worse for cm Vijay...tats his personal life....who r u all to judge him? So sickening...I'm seeing all these comments from Malaysia...I'm so tired wit u all...I knowy comments no sense for u ...but pls ask all of u, r u perfect in ur life??? Ask in front mirror ..see ur face on the mirror before commenting cm Vijay....he is doing so much improvement for Tamil Nadu....he want Tamil Nadu people, the genz all having good education,hav good life...he is preparing for tat....but u all..... nandriikeddava....😧",0,0,0,https://youtube.com/watch?v=yDTSQAzA2SQ&lc=Ugw2s6jYelGXR-2Ow5p4AaABAg,விஜய் திரிஷா,en,"Hello people, jus because cm Vijay friend of Trisha wateve relationship they can be, it's their personal life...I'm so iritate to seeing people here all bad commenting bout cm Vijay sir....nandriikeddavada ninga yellarum ...u regret voting this generous men? Go vote again bloody dmk ..u will all live in helll.....there will be no more real independence for Tamil Nadu from dmk ..shame all of u ...jus because Trisha, u making things worse for cm Vijay...tats his personal life....who r u all to judge him? So sickening...I'm seeing all these comments from Malaysia...I'm so tired wit u all...I knowy comments no sense for u ...but pls ask all of u, r u perfect in ur life??? Ask in front mirror ..see ur face on the mirror before commenting cm Vijay....he is doing so much improvement for Tamil Nadu....he want Tamil Nadu people, the genz all having good education,hav good life...he is preparing for tat....but u all..... nandriikeddava....😧"
youtube,comment,UgwGZHvVeoQEtzYH9MN4AaABAg,yDTSQAzA2SQ,2026-09-14 13:19:38+00:00,2026-09-22T04:34:42Z,ebe579f7c101,Intha rendu dog tholla thanga mudiala oru vote waste 5 years kuda chance kuduka matanga people so he will face the consequences soon ...,0,0,0,https://youtube.com/watch?v=yDTSQAzA2SQ&lc=UgwGZHvVeoQEtzYH9MN4AaABAg,விஜய் திரிஷா,en,Intha rendu dog tholla thanga mudiala oru vote waste 5 years kuda chance kuduka matanga people so he will face the consequences soon ...
youtube,comment,Ugx5Zsoa54UgfT0hLll4AaABAg,yDTSQAzA2SQ,2026-09-14 13:29:13+00:00,2026-09-22T04:34:42Z,9f6dba9fa705,Sangeetha  than wife trisha   vappatti thsn,1,0,0,https://youtube.com/watch?v=yDTSQAzA2SQ&lc=Ugx5Zsoa54UgfT0hLll4AaABAg,விஜய் திரிஷா,en,Sangeetha  than wife trisha   vappatti thsn
youtube,comment,Ugx4q_7KKHcoeqD_B0h4AaABAg,w0d_bPb3tz4,2026-09-14 13:29:49+00:00,2026-09-22T13:54:31Z,7b64d1568e7c,சங்கீதா mam க்கு தெரிந்து விட்டது மக்கள் நம் பக்கம் தான் என்று அந்த ஒரு மகிழ்ச்சி போதும் அவங்களுக்கு பாவம் 😌😌😌,6,0,0,https://youtube.com/watch?v=w0d_bPb3tz4&lc=Ugx4q_7KKHcoeqD_B0h4AaABAg,Vijay Trisha,mixed,"Sangeeta mam has come to know that people are on our side, that one happiness is enough, shame on them 😌😌😌"
youtube,comment,UgxOe_DesMVofua2wv14AaABAg,yDTSQAzA2SQ,2026-09-14 13:31:20+00:00,2026-09-22T04:34:42Z,9f6dba9fa705,Next election  laa appa vangunan makkala,2,0,0,https://youtube.com/watch?v=yDTSQAzA2SQ&lc=UgxOe_DesMVofua2wv14AaABAg,விஜய் திரிஷா,en,Next election  laa appa vangunan makkala
youtube,comment,UgyfMGFKK3pRi1Zp5IB4AaABAg,yDTSQAzA2SQ,2026-09-14 13:32:37+00:00,2026-09-22T04:34:42Z,17965556d660,Hallo don't talk anybody personal matter that is good for all dmk party supporter first see you in your dmk party personal matter.,0,0,0,https://youtube.com/watch?v=yDTSQAzA2SQ&lc=UgyfMGFKK3pRi1Zp5IB4AaABAg,விஜய் திரிஷா,en,Hallo don't talk anybody personal matter that is good for all dmk party supporter first see you in your dmk party personal matter.
youtube,comment,UgwAK7D03iBhj2wxZZh4AaABAg,w0d_bPb3tz4,2026-09-14 13:45:25+00:00,2026-09-22T13:54:31Z,13088fbf0978,Hi Vijay Boss - A Good Friend ( Miss Trisha )is Better Than Un-Friendly Wife  !!!!!!! All The Best For Your Friendship !!!!!,0,0,0,https://youtube.com/watch?v=w0d_bPb3tz4&lc=UgwAK7D03iBhj2wxZZh4AaABAg,Vijay Trisha,en,Hi Vijay Boss - A Good Friend ( Miss Trisha )is Better Than Un-Friendly Wife  !!!!!!! All The Best For Your Friendship !!!!!
youtube,comment,Ugyi1phmBhAFoi6j3wl4AaABAg,w0d_bPb3tz4,2026-09-14 13:46:48+00:00,2026-09-22T13:54:31Z,13088fbf0978,Super Boss Vijay - Super Friend Miss Trisha !!!!!!,0,0,0,https://youtube.com/watch?v=w0d_bPb3tz4&lc=Ugyi1phmBhAFoi6j3wl4AaABAg,Vijay Trisha,en,Super Boss Vijay - Super Friend Miss Trisha !!!!!!
youtube,comment,UgwCrC-r5KmF7VQUilt4AaABAg,yDTSQAzA2SQ,2026-09-14 14:01:26+00:00,2026-09-22T04:34:42Z,bc504327ab78,AI le yanna venno panala,0,0,0,https://youtube.com/watch?v=yDTSQAzA2SQ&lc=UgwCrC-r5KmF7VQUilt4AaABAg,விஜய் திரிஷா,en,AI le yanna venno panala
youtube,comment,UgwrUUZxi4lTEudiUkp4AaABAg,yDTSQAzA2SQ,2026-09-14 14:05:17+00:00,2026-09-22T04:34:42Z,c1bc963eb9ea,நாம் வாழ்க்கையில் சில கடினமான காலத்தை சந்திக்கிறோம் அது போல ஊழலுக்கு எதிரான தேர்வாக இந்த தேர்தல் அமைந்தது அதிகாரம் மக்களிடம் உள்ளது என்பதை அரசியல்வாதிகளுக்கு புரிய வைத்துள்ளோம் தவறான தேர்வு நமக்கு மேலும் சிக்கலான நிலையை உருவாக்கும் என்பது நமக்கு உணர்த்தப்பட்டுள்ளது எனவே நமது பகுதியில் இருக்கும் சரியான நபரை தேர்வு செய்ய வேண்டும் கட்சி பாகுபாடு இல்லாமல்,0,0,0,https://youtube.com/watch?v=yDTSQAzA2SQ&lc=UgwrUUZxi4lTEudiUkp4AaABAg,விஜய் திரிஷா,ta,We are facing some difficult time in our life as this election is an anti-corruption election we have made the politicians understand that the power lies with the people and we have been made aware that the wrong choice will create more trouble for us so we should choose the right person in our region without party discrimination.
youtube,comment,Ugx_X2K98SYTOgHs2mJ4AaABAg,CRNza2iMSJE,2026-09-14 14:07:28+00:00,2026-09-22T03:58:45Z,17c06763ebd0,விஜய் மீது தப்பு கிடையாது,0,1,0,https://youtube.com/watch?v=CRNza2iMSJE&lc=Ugx_X2K98SYTOgHs2mJ4AaABAg,Vijay Trisha,ta,There is nothing wrong with Vijay
youtube,comment,UgxZofvRUvq2TGnJTs54AaABAg,CRNza2iMSJE,2026-09-14 14:07:56+00:00,2026-09-22T03:58:45Z,17c06763ebd0,எல்லாம் அந்த சைத்தான் பண்ற வேலை,3,0,0,https://youtube.com/watch?v=CRNza2iMSJE&lc=UgxZofvRUvq2TGnJTs54AaABAg,Vijay Trisha,ta,Everything is the work of Satan
youtube,comment,UgwirQiZkrjH67u7cfp4AaABAg,yDTSQAzA2SQ,2026-09-14 14:08:01+00:00,2026-09-22T04:34:42Z,18bb8e737eb9,Trista r u not ashamed  to show yourself  with the chief minister  u r spoiling his good name.,1,0,0,https://youtube.com/watch?v=yDTSQAzA2SQ&lc=UgwirQiZkrjH67u7cfp4AaABAg,விஜய் திரிஷா,en,Trista r u not ashamed  to show yourself  with the chief minister  u r spoiling his good name.
youtube,comment,Ugwi4Vvwm2cv3UNuVP14AaABAg,CRNza2iMSJE,2026-09-14 14:08:16+00:00,2026-09-22T03:58:45Z,17c06763ebd0,அவளை எவ்வளவு காரியம் முடிஞ்சாலும் கட்டையில உரைக்காது,0,0,0,https://youtube.com/watch?v=CRNza2iMSJE&lc=Ugwi4Vvwm2cv3UNuVP14AaABAg,Vijay Trisha,ta,"No matter how many things she does, she will not be beaten"
youtube,comment,UgxqBmSX3f5NP7eC1fV4AaABAg,CRNza2iMSJE,2026-09-14 14:08:49+00:00,2026-09-22T03:58:45Z,17c06763ebd0,இவளை விட சங்கீதா எவ்வளவு மகாலட்சுமி போல இருக்கா அவளை விட இது என்ன பெரிய இவளா,0,0,0,https://youtube.com/watch?v=CRNza2iMSJE&lc=UgxqBmSX3f5NP7eC1fV4AaABAg,Vijay Trisha,ta,Sangeeta is more like Mahalakshmi than her
youtube,comment,UgwIgOgPB5jj6WmaQW14AaABAg,CRNza2iMSJE,2026-09-14 14:10:18+00:00,2026-09-22T03:58:45Z,30a43ee2dcc2,STOP INTERFERRING IN CM.VIJAY'S PERSONAL LIFE. YOU PEOPLE HAVE SOME DECENCY. NOW SEE HIM AS A CHIEF MINISTER OF TAMIL NADU.,1,0,0,https://youtube.com/watch?v=CRNza2iMSJE&lc=UgwIgOgPB5jj6WmaQW14AaABAg,Vijay Trisha,en,STOP INTERFERRING IN CM.VIJAY'S PERSONAL LIFE. YOU PEOPLE HAVE SOME DECENCY. NOW SEE HIM AS A CHIEF MINISTER OF TAMIL NADU.
youtube,comment,UgyD1723M9uQTrbX5X94AaABAg,DnrJui-dXic,2026-09-14 14:11:38+00:00,2026-09-22T04:33:29Z,115c6fc606a3,Trisha is so beautiful cool 😍😍😍😍😍😍😍😍😍,0,0,0,https://youtube.com/watch?v=DnrJui-dXic&lc=UgyD1723M9uQTrbX5X94AaABAg,Thalapathy Vijay Trisha,en,Trisha is so beautiful cool 😍😍😍😍😍😍😍😍😍
youtube,comment,Ugy0X-tKaEDu1B9LmQh4AaABAg,yDTSQAzA2SQ,2026-09-14 14:12:30+00:00,2026-09-22T04:34:42Z,488e126aa93b,"Vekkam ketta oru psycho. Trisha tried many people and this fool has bcom prey completely addicted.
But evalo pannalum, engal anna nu irukura mental janagalai irukura varai eduvum maradhu. Cine world mottam support pannun avanga survival. They hav to survive. Idellam enga mudiyum nu teriyale. But hope engo irundavaru cm ana, cm anavar engayo adres illadha poradaku time aagum. We are nothinh great before god.😊",0,0,0,https://youtube.com/watch?v=yDTSQAzA2SQ&lc=Ugy0X-tKaEDu1B9LmQh4AaABAg,விஜய் திரிஷா,tanglish,"Vekkam ketta oru psycho.Trisha tried many people and this fool has bcom prey completely addicted.
But evalo pannalum, engal anna nu irukura mental janagalai irukura varai eduvum maradhu.Cine world mottam support pannun avanga survival.They have to survive.Idellam enga mudiyum nu teriyale.But hope engo irundavaru cm ana, cm anavar engayo adres illadha poradaku time aagum.We are nothing great before God.😊"
youtube,comment,UgwxlnUUbLZmJ_k_1E54AaABAg,yDTSQAzA2SQ,2026-09-14 14:17:55+00:00,2026-09-22T04:34:42Z,13001d5621df,நம் நாட்டில் விஜய் திரிஷா தவிர பேச எதுவுமே இல்லையா இன்று நம் பிரதமர் நடத்தும் மாநாடு வெளிநாட்டு தலைவர்களின் வருகை அதனால் நம் நாட்டிற்கு ஏற்படும் நன்மைகள் இதைப் பற்றி கொஞ்சம் இளைஞர்கள் சிந்தியுங்கள் விஜய் திரிஷா சங்கீதா இவர்களிடம் எக்கச்சக்க பணம் உள்ளது எப்படியும் வாழலாம் ஆனால் நம்மிடம்?,0,0,0,https://youtube.com/watch?v=yDTSQAzA2SQ&lc=UgwxlnUUbLZmJ_k_1E54AaABAg,விஜய் திரிஷா,ta,There is nothing to talk about except Vijay Trisha in our country Today the conference held by our Prime Minister is the visit of foreign leaders so the benefits of our country think about this a little youths Vijay Trisha Sangeeta They have a lot of money they can live anyway but with us?
youtube,comment,UgxX1IDPL2SrFU48z994AaABAg,yDTSQAzA2SQ,2026-09-14 14:18:15+00:00,2026-09-22T04:34:42Z,995f82198e14,மனைவி பிள்ளைகள் விட்டு கேவலமானவன்,0,0,0,https://youtube.com/watch?v=yDTSQAzA2SQ&lc=UgxX1IDPL2SrFU48z994AaABAg,விஜய் திரிஷா,ta,He is despicable leaving his wife and children
youtube,comment,UgxdjfrMPT15X4Xx4cV4AaABAg,yDTSQAzA2SQ,2026-09-14 14:19:24+00:00,2026-09-22T04:34:42Z,5abb54d678d0,Naanum tvk ku dhn vote pottan....but i couldn't accept this 😢...becoz he is having wife and children 😢,0,0,0,https://youtube.com/watch?v=yDTSQAzA2SQ&lc=UgxdjfrMPT15X4Xx4cV4AaABAg,விஜய் திரிஷா,en,Naanum tvk ku dhn vote pottan....but i couldn't accept this 😢...becoz he is having wife and children 😢
youtube,comment,Ugybg9Ev5o1ullVoknl4AaABAg,36UIMG2yRDU,2026-09-14 14:21:11+00:00,2026-09-22T04:19:43Z,c50607e30453,"This aged actress will spoil public image of TN. CM,sure",0,0,0,https://youtube.com/watch?v=36UIMG2yRDU&lc=Ugybg9Ev5o1ullVoknl4AaABAg,Vijay Trisha,en,"This aged actress will spoil public image of TN. CM,sure"
youtube,comment,UgwdtdnYZBKv0HqqLQN4AaABAg,CRNza2iMSJE,2026-09-14 14:21:56+00:00,2026-09-22T03:58:45Z,5e043f3876c2,Karma returns you vijay and trisha 💯,16,0,0,https://youtube.com/watch?v=CRNza2iMSJE&lc=UgwdtdnYZBKv0HqqLQN4AaABAg,Vijay Trisha,en,Karma returns you vijay and trisha 💯
youtube,comment,UgzZ5k4MarEOuRPTblt4AaABAg,CRNza2iMSJE,2026-09-14 14:22:08+00:00,2026-09-22T03:58:45Z,5e043f3876c2,Karma returns you vijay and trisha 💯,2,0,0,https://youtube.com/watch?v=CRNza2iMSJE&lc=UgzZ5k4MarEOuRPTblt4AaABAg,Vijay Trisha,en,Karma returns you vijay and trisha 💯
youtube,comment,UgwWwhgykcOVNjzCBIh4AaABAg,CRNza2iMSJE,2026-09-14 14:22:22+00:00,2026-09-22T03:58:45Z,5e043f3876c2,Karma returns you vijay and trisha 💯,2,0,0,https://youtube.com/watch?v=CRNza2iMSJE&lc=UgwWwhgykcOVNjzCBIh4AaABAg,Vijay Trisha,en,Karma returns you vijay and trisha 💯
youtube,comment,Ugxrl4vv-nhFnYTT57h4AaABAg,CRNza2iMSJE,2026-09-14 14:22:41+00:00,2026-09-22T03:58:45Z,5e043f3876c2,Karma returns you vijay and trisha 💯,2,0,0,https://youtube.com/watch?v=CRNza2iMSJE&lc=Ugxrl4vv-nhFnYTT57h4AaABAg,Vijay Trisha,en,Karma returns you vijay and trisha 💯
youtube,comment,Ugyeerj5QN7Pdv3iLG94AaABAg,i1BqRYMFS08,2026-09-14 14:31:08+00:00,2026-09-22T13:54:25Z,1cd6052f097c,After Kerala CM VD Satheeshan viral dance video 😂😂,0,0,0,https://youtube.com/watch?v=i1BqRYMFS08&lc=Ugyeerj5QN7Pdv3iLG94AaABAg,Vijay Trisha,en,After Kerala CM VD Satheeshan viral dance video 😂😂
youtube,comment,UgxGVmrorr7S8PipT7l4AaABAg,yDTSQAzA2SQ,2026-09-14 14:31:17+00:00,2026-09-22T04:34:42Z,9cd7d13645e3,I don't like Vijay Sir. It's not ok,0,0,0,https://youtube.com/watch?v=yDTSQAzA2SQ&lc=UgxGVmrorr7S8PipT7l4AaABAg,விஜய் திரிஷா,en,I don't like Vijay Sir. It's not ok
youtube,comment,UgxVqrpxBOA0MoNK9rJ4AaABAg,i1BqRYMFS08,2026-09-14 14:31:55+00:00,2026-09-22T13:54:25Z,8e66827c8153,I Odisha boy but this song is beautiful for eclection of the everytime,0,0,0,https://youtube.com/watch?v=i1BqRYMFS08&lc=UgxVqrpxBOA0MoNK9rJ4AaABAg,Vijay Trisha,en,I Odisha boy but this song is beautiful for eclection of the everytime
youtube,comment,UgyqvygURoY9YWDJNON4AaABAg,yDTSQAzA2SQ,2026-09-14 14:32:02+00:00,2026-09-22T04:34:42Z,502062b53eb0,மக்களே தயவு செய்து அந்த தற்குறி தறுதலை பொறுக்கிக்காக உங்கள் தன் மானத்தை விட்டு குடுக்காதீங்க... மக்களை பணயம் வைத்து அவன் உல்லாசமாக ஊர் சுற்றுகிறான்..    அவன் அரசியலுக்கு வந்ததே மக்களை தூக்கி நிறுத்த அல்ல அல்ல அல்ல 😢😢😢😢😢 இந்த குடும்பத்தை கெடுத்தவளோடு ஊர் மேய😢. தயவு செய்து விழிப்புணர்வோடு இருங்கள்.. நாடு நாசமாய் போவதற்கு மிகப்பெரிய அறிகுறி இது 😢😢😢,0,0,0,https://youtube.com/watch?v=yDTSQAzA2SQ&lc=UgyqvygURoY9YWDJNON4AaABAg,விஜய் திரிஷா,ta,"People, please don't give up your dignity to endure that stupidity.. He is going around the town frolicking at the risk of the people.. He came into politics to stop the people. 😢😢😢😢😢😢😢Please be aware.. This is the biggest sign that the country is going to ruin 😢😢😢"
youtube,comment,UgyuOT0wLmVs51Yn51h4AaABAg,yDTSQAzA2SQ,2026-09-14 14:33:28+00:00,2026-09-22T04:34:42Z,73ba892de6e3,"Pre and well planned dating.,!",0,0,0,https://youtube.com/watch?v=yDTSQAzA2SQ&lc=UgyuOT0wLmVs51Yn51h4AaABAg,விஜய் திரிஷா,en,"Pre and well planned dating.,!"
youtube,comment,UgyEtBTNWTrC0Es-aBp4AaABAg,yDTSQAzA2SQ,2026-09-14 14:34:21+00:00,2026-09-22T04:34:42Z,502062b53eb0,இவன் திரிஷா போதையில் திரிஷா மயக்கத்தில் இருக்கிறான். சத்தியமாக நாடு நாசமாய் நாசமாய் நாசமாய் நாசமாய் நாசமாய் நாசமாய் நாசமாய் நாசமாய் நாசமாய் நாசமாய் நாசமாய் நாசமாய் நாசமாய் நாசமாய் போகும் 😢,0,0,0,https://youtube.com/watch?v=yDTSQAzA2SQ&lc=UgyEtBTNWTrC0Es-aBp4AaABAg,விஜய் திரிஷா,ta,"Ivan Trisha is intoxicated and Trisha is intoxicated.Verily, the country will go to ruin, ruin, ruin, ruin, ruin, ruin, ruin, ruin, ruin."
youtube,comment,UgyAe5ZIDFLIgxSEi6d4AaABAg,tXF0m9aktp4,2026-09-14 14:34:32+00:00,2026-09-22T04:34:47Z,3b828b67e329,Maire  Atchi  EPS,0,0,0,https://youtube.com/watch?v=tXF0m9aktp4&lc=UgyAe5ZIDFLIgxSEi6d4AaABAg,விஜய் திரிஷா,en,Maire  Atchi  EPS
youtube,comment,UgxPzlY8DyorHjkckEV4AaABAg,yDTSQAzA2SQ,2026-09-14 14:35:59+00:00,2026-09-22T04:34:42Z,f04ffa5bdfdc,முதலீடு நல்லா இருக்கிறீங்க சிஎம் சார் இதுக்கு,0,0,0,https://youtube.com/watch?v=yDTSQAzA2SQ&lc=UgxPzlY8DyorHjkckEV4AaABAg,விஜய் திரிஷா,ta,"Investment is good for this, CM sir"
youtube,comment,Ugw8QfFmTSemZjeRRMF4AaABAg,yDTSQAzA2SQ,2026-09-14 14:38:07+00:00,2026-09-22T04:34:42Z,26d6545563bf,போனால் என்ன தப்பு நல்ல நண்பர்கள் தானே,0,0,0,https://youtube.com/watch?v=yDTSQAzA2SQ&lc=Ugw8QfFmTSemZjeRRMF4AaABAg,விஜய் திரிஷா,ta,What's wrong with good friends?
youtube,comment,UgxCJUHr77lpJYl6o6J4AaABAg,tXF0m9aktp4,2026-09-14 14:39:08+00:00,2026-09-22T04:34:47Z,3b828b67e329,"EPS IS A STUPID FELLOW,GO AND CHECK BUSINESS NEWS,THEY BROUGHT BACK ELEVEN THOUSAND CRORES IN BUSINESS,THIS STUPID EPS IS A REAL IDIOT",0,0,0,https://youtube.com/watch?v=tXF0m9aktp4&lc=UgxCJUHr77lpJYl6o6J4AaABAg,விஜய் திரிஷா,en,"EPS IS A STUPID FELLOW,GO AND CHECK BUSINESS NEWS,THEY BROUGHT BACK ELEVEN THOUSAND CRORES IN BUSINESS,THIS STUPID EPS IS A REAL IDIOT"
youtube,comment,UgzbvOjkmkdwxMBjJSt4AaABAg,i1BqRYMFS08,2026-09-14 14:39:13+00:00,2026-09-22T13:54:25Z,1461cdc955a1,Very glamours decent dance.never move obnoxious way.Apart from spill the tea  person  teatottler❤,0,0,0,https://youtube.com/watch?v=i1BqRYMFS08&lc=UgzbvOjkmkdwxMBjJSt4AaABAg,Vijay Trisha,en,Very glamours decent dance.never move obnoxious way.Apart from spill the tea  person  teatottler❤
youtube,comment,UgwNQTviyiPl9XDQWoF4AaABAg,CRNza2iMSJE,2026-09-14 14:39:50+00:00,2026-09-22T03:58:45Z,dd98dea2c170,CM please avoid Trisha.,1,0,0,https://youtube.com/watch?v=CRNza2iMSJE&lc=UgwNQTviyiPl9XDQWoF4AaABAg,Vijay Trisha,en,CM please avoid Trisha.
youtube,comment,Ugxyb80-qaad1ekLWY94AaABAg,yDTSQAzA2SQ,2026-09-14 14:41:53+00:00,2026-09-22T04:34:42Z,6d05c5cf1c39,"Vijay sir great dis appointment a leader should be prefect in all ways  who lead people 
As per God's law one husband and one wife .think about it sir",1,0,0,https://youtube.com/watch?v=yDTSQAzA2SQ&lc=Ugxyb80-qaad1ekLWY94AaABAg,விஜய் திரிஷா,en,"Vijay sir great dis appointment a leader should be prefect in all ways  who lead people 
As per God's law one husband and one wife .think about it sir"
youtube,comment,UgygV3Yq96iWVJyi2Ix4AaABAg,CRNza2iMSJE,2026-09-14 14:52:56+00:00,2026-09-22T03:58:45Z,342a87590139,"அவங்க தனிப்பட்ட வாழ்க்கை பெரிய பிரச்சனை , கோபமுடன் பேசிய வார்த்தை,நம்பிக்கையற்ற தன்மை, துரோகம், அவமானம், குடும்பத்தை விட்டு ஒரு ஆண் இருக்கும் போது அவரின் வலி சொல்லில் அடங்காது",0,1,0,https://youtube.com/watch?v=CRNza2iMSJE&lc=UgygV3Yq96iWVJyi2Ix4AaABAg,Vijay Trisha,ta,"His personal life is a big problem, angry words, distrust, betrayal, humiliation, the pain of a man leaving his family is indescribable."
youtube,comment,UgzB4R81XFiKBMc2p4J4AaABAg,DnrJui-dXic,2026-09-14 14:53:24+00:00,2026-09-22T04:33:29Z,fabc3b6d01eb,How is she so hot for her age... I don't find young girls this hot sometimes ❤❤❤,0,0,0,https://youtube.com/watch?v=DnrJui-dXic&lc=UgzB4R81XFiKBMc2p4J4AaABAg,Thalapathy Vijay Trisha,en,How is she so hot for her age... I don't find young girls this hot sometimes ❤❤❤
youtube,comment,Ugw9glUnr4LbiBK8oV94AaABAg,CRNza2iMSJE,2026-09-14 14:55:03+00:00,2026-09-22T03:58:45Z,31a63e126a07,Less subscribers with maximum views😮😮😮,1,0,0,https://youtube.com/watch?v=CRNza2iMSJE&lc=Ugw9glUnr4LbiBK8oV94AaABAg,Vijay Trisha,en,Less subscribers with maximum views😮😮😮
youtube,comment,UgzX2Wd3RQ3G3hLwpKV4AaABAg,yDTSQAzA2SQ,2026-09-14 14:56:20+00:00,2026-09-22T04:34:42Z,ef06bb44a64a,Trisha vijay rendu perum managgettavanga thu,0,0,0,https://youtube.com/watch?v=yDTSQAzA2SQ&lc=UgzX2Wd3RQ3G3hLwpKV4AaABAg,விஜய் திரிஷா,en,Trisha vijay rendu perum managgettavanga thu
youtube,comment,Ugyc369SPpvkYtD2IYh4AaABAg,yDTSQAzA2SQ,2026-09-14 14:57:25+00:00,2026-09-22T04:34:41Z,ef06bb44a64a,Vijaykku buddi ella managgettavan,0,0,0,https://youtube.com/watch?v=yDTSQAzA2SQ&lc=Ugyc369SPpvkYtD2IYh4AaABAg,விஜய் திரிஷா,en,Vijaykku buddi ella managgettavan
youtube,comment,UgyUs7KzpQZBIkbH7_R4AaABAg,yDTSQAzA2SQ,2026-09-14 15:01:01+00:00,2026-09-22T04:34:41Z,f154423b0e05,இவரை விமர்சனம் செய்வதால் ஒரு ப்ரோயோஜனமும் இல்லை. Bp தான் எகுறும். அவங்க அவங்க குடும்பத்தை பாருங்க....,23,1,0,https://youtube.com/watch?v=yDTSQAzA2SQ&lc=UgyUs7KzpQZBIkbH7_R4AaABAg,விஜய் திரிஷா,mixed,There is no point in criticizing him.Bp will rise.Look at their family...
youtube,comment,UgzV67g6x-srLhHKWKR4AaABAg,w0d_bPb3tz4,2026-09-14 15:02:53+00:00,2026-09-22T13:54:31Z,cc6216f9bd47,Trisha went to London and made sure Vijay doesn’t meet Sangeeta,0,0,0,https://youtube.com/watch?v=w0d_bPb3tz4&lc=UgzV67g6x-srLhHKWKR4AaABAg,Vijay Trisha,en,Trisha went to London and made sure Vijay doesn’t meet Sangeeta
youtube,comment,UgzW6YnzL0TsMa82eqx4AaABAg,w0d_bPb3tz4,2026-09-14 15:03:22+00:00,2026-09-22T13:54:31Z,cc6216f9bd47,To the idiots who are calling out Trisha you should have called Sangeeta,0,0,0,https://youtube.com/watch?v=w0d_bPb3tz4&lc=UgzW6YnzL0TsMa82eqx4AaABAg,Vijay Trisha,en,To the idiots who are calling out Trisha you should have called Sangeeta
youtube,comment,Ugx0SLNqM_DNbNY2Qst4AaABAg,yDTSQAzA2SQ,2026-09-14 15:03:25+00:00,2026-09-22T04:34:41Z,a1d77afe3aff,Shem less Trisha,1,0,0,https://youtube.com/watch?v=yDTSQAzA2SQ&lc=Ugx0SLNqM_DNbNY2Qst4AaABAg,விஜய் திரிஷா,en,Shem less Trisha
youtube,comment,UgypxcTPU2ntAPzKNWd4AaABAg,yDTSQAzA2SQ,2026-09-14 15:07:06+00:00,2026-09-22T04:34:41Z,34dce918401e,C.m sir .enna sir ippadi,0,0,0,https://youtube.com/watch?v=yDTSQAzA2SQ&lc=UgypxcTPU2ntAPzKNWd4AaABAg,விஜய் திரிஷா,en,C.m sir .enna sir ippadi
youtube,comment,UgyEbAUv6y1b6kGBQEV4AaABAg,yDTSQAzA2SQ,2026-09-14 15:13:43+00:00,2026-09-22T04:34:41Z,8f9f0b221957,பொய்வீடியோ மக்களே இதை நம்பாதீங்க விஜய் ஆட்சியை கவிழ்க பிளான் பண்ணுகிறார்கள்,0,2,0,https://youtube.com/watch?v=yDTSQAzA2SQ&lc=UgyEbAUv6y1b6kGBQEV4AaABAg,விஜய் திரிஷா,ta,"Fake video people, don't believe this, they are planning to topple Vijay's regime"
youtube,comment,UgyNRQJiT6Gn5-pZWpl4AaABAg,TUQrqnSvkHA,2026-09-14 15:17:33+00:00,2026-09-22T13:54:46Z,ac6a9d1f723a,Neyala thrisha vaum cm vijay um vachu thappa pasurathuku unaku thakuthi ella sariya neum tha actress Nayatharaku kaga poison kudicha naga adhacum sonnama ..,0,0,0,https://youtube.com/watch?v=TUQrqnSvkHA&lc=UgyNRQJiT6Gn5-pZWpl4AaABAg,Udhayanidhi Trisha,en,Neyala thrisha vaum cm vijay um vachu thappa pasurathuku unaku thakuthi ella sariya neum tha actress Nayatharaku kaga poison kudicha naga adhacum sonnama ..
youtube,comment,Ugz6Ex1QgKsABujHvvd4AaABAg,yDTSQAzA2SQ,2026-09-14 15:19:04+00:00,2026-09-22T04:34:41Z,896aab7559f0,ஒன்னுமே இல்ல அதுல எப்படிதான் மயங்கினானோ,0,0,0,https://youtube.com/watch?v=yDTSQAzA2SQ&lc=Ugz6Ex1QgKsABujHvvd4AaABAg,விஜய் திரிஷா,ta,"There is nothing, but somehow he was mesmerized"
youtube,comment,UgyL4dwQsw5Ie-bthzt4AaABAg,i1BqRYMFS08,2026-09-14 15:22:52+00:00,2026-09-22T13:54:25Z,90bc7faf9999,Bhiya sunama bohat acha lag raha hai,0,0,0,https://youtube.com/watch?v=i1BqRYMFS08&lc=UgyL4dwQsw5Ie-bthzt4AaABAg,Vijay Trisha,en,Bhiya sunama bohat acha lag raha hai
youtube,comment,UgwsHEM7-RSPFybln1x4AaABAg,yDTSQAzA2SQ,2026-09-14 15:47:57+00:00,2026-09-22T04:34:41Z,31ccfebea593,விஜய் இது சரியில்லை ப்பா,0,0,0,https://youtube.com/watch?v=yDTSQAzA2SQ&lc=UgwsHEM7-RSPFybln1x4AaABAg,விஜய் திரிஷா,ta,Vijay this is not right papa
youtube,comment,Ugyyn1Oadlj5n3fl_GN4AaABAg,yDTSQAzA2SQ,2026-09-14 15:48:57+00:00,2026-09-22T04:34:41Z,31ccfebea593,சங்கீதா தைரியமாக இருங்கள்,0,0,0,https://youtube.com/watch?v=yDTSQAzA2SQ&lc=Ugyyn1Oadlj5n3fl_GN4AaABAg,விஜய் திரிஷா,ta,Be brave Sangeeta
youtube,comment,UgxhAPUEjEfy8zMnDGF4AaABAg,CRNza2iMSJE,2026-09-14 15:55:08+00:00,2026-09-22T03:58:45Z,a4e6503f6758,வேண்டுமென்றே தமிழக மக்களை கடுப்பெத்த அப்படி செய்ய வேண்டும் என்று தோணுது😮,15,0,0,https://youtube.com/watch?v=CRNza2iMSJE&lc=UgxhAPUEjEfy8zMnDGF4AaABAg,Vijay Trisha,ta,It seems that they have to do that to torture the people of Tamil Nadu on purpose😮
youtube,comment,UgyGySX6MQJpVu20mkZ4AaABAg,CRNza2iMSJE,2026-09-14 16:08:21+00:00,2026-09-22T03:58:45Z,b774519199fd,தமிழ் நாடு சாக்கடை எல்லாம் அங்க இருக்கு,0,0,0,https://youtube.com/watch?v=CRNza2iMSJE&lc=UgyGySX6MQJpVu20mkZ4AaABAg,Vijay Trisha,ta,All Tamil Nadu sewers are there
youtube,comment,UgwX5kgJOlLl7S8hnK94AaABAg,yDTSQAzA2SQ,2026-09-14 16:08:53+00:00,2026-09-22T04:34:41Z,d3ed09b91914,"தி.மு.க காலத்துல எல்லா media வையும் விலைக்கு வாங்கினது போல இவங்களால வாங்க முடியல. 
கருணாநிதி கண்ணுக்கு தெரிந்து 3 மனைவி வைத்திருந்தார். 
ஸ்டாலின் கண்ணுக்கு தெரியாமல் 3 வைப்பாட்டிகள்(எனக்கு தெரிந்து) வைத்திருக்கிறார். எனவே போன முறை அவங்க கூட்டத்துடன் கூட்டமாக இருந்திருப்பார்கள்.

விஜய் க்கு ஒரு காலத்தில் support செய்த காரணத்தினால் அவர் நல்ல நண்பராக இருக்கிறார். அவ்வளவு தான். 
விஜய்காந்த் க்கு ராதிகா வுடன் இருந்த தொடர்பு எல்லோருக்கும் தெரியும், இருந்தாலும் மக்கள் அவரை வெறுக்க வில்லை.",0,0,0,https://youtube.com/watch?v=yDTSQAzA2SQ&lc=UgwX5kgJOlLl7S8hnK94AaABAg,விஜய் திரிஷா,mixed,"They cannot buy all the media like they did during the DMK period.
Karunanidhi had 3 wives.
Stalin has 3 depositors (as far as I know) invisibly.So last time they would have been crowded together.

He is a good friend of Vijay because he once supported him.That's it.
Everyone knows about Vijaykanth's relationship with Radhika, but people don't hate him."
youtube,comment,Ugyy2c1hxNFhMyYr3W94AaABAg,yDTSQAzA2SQ,2026-09-14 16:09:06+00:00,2026-09-22T04:34:41Z,d3ed09b91914,"ஒருவர் தனிப்பட்ட வாழ்க்கை முறை பார்க்காதீங்க. அவர் இருக்கும் பதவியை தவறாக பயன்படுத்தாமல் இருக்கிறாரா என பாருங்கள், ஒழுங்கான ஆட்சி செய்கிறாரா, திட்டங்கள் கொண்டு வருகிறாரா என பாருங்கள். 
இப்படி எதையாவது சொல்லி அவரை அனுப்பி விட்டு ,வேறு ஒரு பொறுக்கி கிட்ட ஆட்சியை கொடுத்து பின்னர் கவலை படுவது. இதுதான் காமராஜர் காலத்தில் இருந்து நடக்கிறது இந்த தமிழ்நாட்டில். 
ஒருவன் தன் வப்பாட்டி க்காக அரசு(நம்) காசை எடுத்து சென்னையில் கார் பந்தயம் விட்டான், துபாயில் அரசு பணத்தை கொள்ளை அடித்து ஹவாலா முறையில் எடுத்து சென்று தன் வப்பாட்டி க்கு பங்களா வாங்குகிறான்.. இதை என்ன சொல்ல..
கருணாநிதி க்கு 3 பொண்டாட்டி, 4 வப்பாட்டி 
ஸ்டாலின் க்கு 1 பொண்டாட்டி, 3 வப்பாட்டி, பல கற்பழிப்புகள் 
உதயநிதி க்கு 1 பொண்டாட்டி, 1 லண்டன் வப்பாட்டி, 1 துபாய் வப்பாட்டி..
சீமானுக்கு 1 பொண்டாட்டி, 1 வப்பாட்டி யுடன் ஊரறிந்த சண்டை, 2 வப்பாட்டி ரகசியம் 
பொறாமை இருப்பவர்கள் அங்கலாய்த்துக் கொண்டிருக்கிறார்கள்.",0,0,0,https://youtube.com/watch?v=yDTSQAzA2SQ&lc=Ugyy2c1hxNFhMyYr3W94AaABAg,விஜய் திரிஷா,ta,"Don't look at one's personal lifestyle.See if he is not abusing the position he is in, if he is ruling properly, if he is bringing plans.
Saying something like this and sending him away, giving the reigns to someone else and then worrying about it.This is what is happening in this Tamil Nadu since the time of Kamaraj.
A person took government (our) money for his vappati and raced a car in Chennai, in Dubai he looted the government money and bought a bungalow for his vappati..
Karunanidhi got 3 points and 4 points
1 Bondati, 3 Vappati, many rapes for Stalin
1 Bondati, 1 London Vappati, 1 Dubai Vappati for Udayanidhi..
1 Bondati for Seaman, 1 Battle with Vappati, 2 Secret of Vappati
Jealous people are clinging."
youtube,comment,Ugwc464UNVzbqcpDx1t4AaABAg,yDTSQAzA2SQ,2026-09-14 16:09:23+00:00,2026-09-22T04:34:41Z,d3ed09b91914,நீங்க பேசறதுலாம் ரொம்ப தப்பு... பார்க்கறவங்க கண்ணுல தான் எல்லாம் இருக்கு நீங்க தப்பா பார்த்த தப்பாத தெரியும்... ஒரு நல்ல தோழியா கூடாதான் அவங்க வந்திருக்கலாம்... இவ்ளோ பேச்சுகளுக்கும் மத்தியில அவங்க திரும்ப திரும்ப வராங்கன்னா இதல் இருந்தே தெரியல அவங்க ரெண்டு பேருக்கும் நடுவுல எந்த தப்பான உறவும் இல்லைனு... கள்ள உறவில் இருக்கவங்க இவ்ளோ open ஆகவா இருப்பாங்க... அதுமட்டும் இல்லாம அஜித் sir invite பண்ணாம அவங்க வந்திருக்க மாட்டாங்க,0,0,0,https://youtube.com/watch?v=yDTSQAzA2SQ&lc=Ugwc464UNVzbqcpDx1t4AaABAg,விஜய் திரிஷா,mixed,"What you are talking about is very wrong... Everything is in the eye of the beholder... You know that you are wrong... Maybe a good friend or even a good friend has come... If they come again and again in the middle of these talks, it is not clear that there is no wrong relationship between them... People who are in fake relationship are so open... If not for that, they would not have come without Ajith sir inviting me."
youtube,comment,UgyogHl4BsFjFDfPRLN4AaABAg,yDTSQAzA2SQ,2026-09-14 16:12:53+00:00,2026-09-22T04:34:41Z,da93d902266e,"விஜய் ஒரு திமிர் பிடித்தவன் ஆகஸ்ட் மாதம் கொடி ஏதும் போது மக்கள் வனம்மியக கண்டித்து திரிஷா வர்க்
 கூடாது என்று சொல்லியும் மீண்டும் அவ கூட லண்டன் சென்று கூதடிக்கிரான் என்றாள் மக்கள் யோசிக்க வேண்டும் இவன் கு டும்பதியே பாது காக்க முடியல நாட்ட எப்படி பாது கப்பான்.  இனி மேல் மக்கள் இவன் மீது அன்பு காட்ட வேண்டாம்",0,0,0,https://youtube.com/watch?v=yDTSQAzA2SQ&lc=UgyogHl4BsFjFDfPRLN4AaABAg,விஜய் திரிஷா,ta,"Vijay is an arrogant person and Trisha Varg condemned people wildly when there was a flag in August
Even though she told him not to, she again said that she would go to London and cry.People should not love him anymore"
youtube,comment,Ugya9hYbk1cn2AzW91t4AaABAg,yDTSQAzA2SQ,2026-09-14 16:24:24+00:00,2026-09-22T04:34:41Z,24262a59e968,Vijay  thirunthamatar.panjayathu election la vote podamattom,2,0,0,https://youtube.com/watch?v=yDTSQAzA2SQ&lc=Ugya9hYbk1cn2AzW91t4AaABAg,விஜய் திரிஷா,en,Vijay  thirunthamatar.panjayathu election la vote podamattom
youtube,comment,Ugzd9CRkc9SYrDR8xwN4AaABAg,i1BqRYMFS08,2026-09-14 16:26:52+00:00,2026-09-22T13:54:25Z,0bdf93883c14,The production quality is worth sharing I enjoyed every second of it.,0,0,0,https://youtube.com/watch?v=i1BqRYMFS08&lc=Ugzd9CRkc9SYrDR8xwN4AaABAg,Vijay Trisha,en,The production quality is worth sharing I enjoyed every second of it.
youtube,comment,UgwfDhj4Cp2AxcyInAx4AaABAg,yDTSQAzA2SQ,2026-09-14 16:28:20+00:00,2026-09-22T04:34:41Z,9ddf1648faa1,"அவர் குடும்பத்தில் என்ன என்று பார்ப்பது நம் வேலை அல்ல, நாட்டை நல்லபடியாக  வழி நடத்தினால் போதும் அரசியல  ,யாரும்  ஒரே மனைவியுன் இருக்கனும் என்று சட்டம் இல்லை  அவர்களை கண்டுக்காமல், இருக்கனும்,மக்கள்,அனைவருக்கும்,வாழ,உரிமை உள்ளது அதை அவர்கள் குடும்பம் பார்த்துகொள்ளும் , பூமாதேவி போல் மனைவிக்கு பொருமை இருந்தால்,அனைத்தும் நன்மை  நடக்கும் எந்த பெண்ணையும் கொச்சபடுத்த, படுத்த,கோபம் வந்து அதுவே பின் தீமையாகிவிடும் , நேபாளத்தின் அழிவு தான் நினைக்கு வருகின்றது, யாரையும் மனம் நோகபேசகூடாது அவர் தலையில்,எண்ண,எழுதியதோ,அதுதான் நடக்கும் பொறுமை தான் வெல்லும் தமிழ்நாட்டை ,அவர் முன்னேற்ற  பாதையில் கொண்டுவந்தால் போதும்,அனைவரும் சமமாக, எல்லா மக்களுக்கும் எல்லாம் கிடைக்கனும் தமிழராக, ஒற்றுமையாக  வாழனும்,அதுவே அவரிவ் குறியாக  உள்ளது அதை ஒரு தாயகக,நான் உணர்வேன் வாழ்க வளர்க உயர்க  தமிழராக ஒன்றாக  வாழவேண்டும்🎉❤",0,1,0,https://youtube.com/watch?v=yDTSQAzA2SQ&lc=UgwfDhj4Cp2AxcyInAx4AaABAg,விஜய் திரிஷா,ta,"It is not our job to see what is going on in his family, politics is enough if we run the country well, there is no law that anyone can have only one wife, regardless of them, people, everyone, have the right to live, their family will take care of it, if a wife has patience like Bhumadevi, any woman for whom all good things happen, will get angry, get angry and then become evil, the destruction of Nepal is what the mind thinks ofHe should not speak in his head, think, write, that is what happens, patience will win Tamil Nadu, it is enough for him to bring Tamil Nadu on the path of progress, everyone should be equal, everyone will get everything as a Tamil, and live in unity, that is the mark of Avariv."
youtube,comment,UgydIh0hdudHQscnbUp4AaABAg,yDTSQAzA2SQ,2026-09-14 16:28:57+00:00,2026-09-22T04:34:41Z,6cccb7ff3be9,Tharkuries tamilnadu pavam da,0,0,0,https://youtube.com/watch?v=yDTSQAzA2SQ&lc=UgydIh0hdudHQscnbUp4AaABAg,விஜய் திரிஷா,en,Tharkuries tamilnadu pavam da
youtube,comment,UgxcWW6Z2cT6-Yt12rx4AaABAg,yDTSQAzA2SQ,2026-09-14 16:31:56+00:00,2026-09-22T04:34:41Z,bc09a982431d,"Trisha Annan thaan vijay 
Annan thangatchi",0,0,0,https://youtube.com/watch?v=yDTSQAzA2SQ&lc=UgxcWW6Z2cT6-Yt12rx4AaABAg,விஜய் திரிஷா,en,"Trisha Annan thaan vijay 
Annan thangatchi"
youtube,comment,UgxxaV2IDOfvHpZ7iAJ4AaABAg,yDTSQAzA2SQ,2026-09-14 16:37:36+00:00,2026-09-22T04:34:41Z,2ea3ad0a19d4,"Namakae ipdi irundha Sangeetha mam kum, avaroda children kum epd irukum???",1,0,0,https://youtube.com/watch?v=yDTSQAzA2SQ&lc=UgxxaV2IDOfvHpZ7iAJ4AaABAg,விஜய் திரிஷா,en,"Namakae ipdi irundha Sangeetha mam kum, avaroda children kum epd irukum???"
youtube,comment,UgyBewibzOOkk_jSBgN4AaABAg,yDTSQAzA2SQ,2026-09-14 16:40:21+00:00,2026-09-22T04:34:41Z,6440e3335024,வருங்கால துணை முதல்வர் திரிஷா😂😂😂😂😂😂,0,0,0,https://youtube.com/watch?v=yDTSQAzA2SQ&lc=UgyBewibzOOkk_jSBgN4AaABAg,விஜய் திரிஷா,ta,Future Deputy Chief Minister Trisha😂😂😂😂😂😂
youtube,comment,Ugx55UVMiCkrHIQYZWl4AaABAg,yDTSQAzA2SQ,2026-09-14 16:40:44+00:00,2026-09-22T04:34:41Z,6440e3335024,பாவம் சங்கீதா அவர்கள்😢😢😢😢😢😢😢😢😢,8,0,0,https://youtube.com/watch?v=yDTSQAzA2SQ&lc=Ugx55UVMiCkrHIQYZWl4AaABAg,விஜய் திரிஷா,ta,Poor Sangeeta 😢😢😢😢😢😢😢
youtube,comment,UgxyS2GPtqiIHCKMvbx4AaABAg,w0d_bPb3tz4,2026-09-14 16:45:53+00:00,2026-09-22T13:54:31Z,90bea057f993,Vijay not caring Trisha but she may be DMK kothus they  send her,0,0,0,https://youtube.com/watch?v=w0d_bPb3tz4&lc=UgxyS2GPtqiIHCKMvbx4AaABAg,Vijay Trisha,en,Vijay not caring Trisha but she may be DMK kothus they  send her
youtube,comment,UgyLiJbHe3Fo2fug_AR4AaABAg,yDTSQAzA2SQ,2026-09-14 16:46:57+00:00,2026-09-22T04:34:41Z,fc8def065112,L தற்கூறிய ஓட்டு போட்டு ஜெயிக்க வைத்ததினால் எவ்ளோ கஷ்டம் தெரியுமா சர்க்கரைவள்ளி பருப்பு விலை அரிசி விலை ஏறிவிட்டது இந்த விலையெல்லாம் நம்மில் வரியாய் சுமத்தி அவர் ஒருவராக சுத்துறாரு அவர் ஊர் ஊராக சுற்றுகிறார் நேற்று அணையத்திற்கு ஆறு கோடி லண்டனுக்கு செல்ல எத்தனை கோடி தெரியவில்லை அவர் அடித்து அஜித்தோட கார் ரேஸ் பாக்கணும் அவருடைய ஜெட் விமானம்  மட்டும் தனியா போக வேண்டி தானே யார் கேக்குறா,0,1,0,https://youtube.com/watch?v=yDTSQAzA2SQ&lc=UgyLiJbHe3Fo2fug_AR4AaABAg,விஜய் திரிஷா,mixed,"Do you know how difficult it is for L to win the aforementioned vote? The price of sugarcane pulses has gone up. The price of rice has gone up. All these prices are imposed on us as a tax. He is alone. He is traveling from town to town. Yesterday, he spent six crores to go to London. I don't know how many crores."
youtube,comment,UgxZm1g4iUtG2mkQSfB4AaABAg,i1BqRYMFS08,2026-09-14 16:49:02+00:00,2026-09-22T13:54:25Z,d633dbf101f7,I'm from Myanmar 🇲🇲 and I like this song understanding 0% vibe 100%.,3,0,0,https://youtube.com/watch?v=i1BqRYMFS08&lc=UgxZm1g4iUtG2mkQSfB4AaABAg,Vijay Trisha,en,I'm from Myanmar 🇲🇲 and I like this song understanding 0% vibe 100%.
youtube,comment,UgwunUsaBEyFrXvcXTF4AaABAg,yDTSQAzA2SQ,2026-09-14 16:49:52+00:00,2026-09-22T04:34:41Z,65343a297735,Udayanidhi sonnathu enna thapu.unmai thaane.perusa arrest ellam panna.manam kettavan.thoooo,0,0,0,https://youtube.com/watch?v=yDTSQAzA2SQ&lc=UgwunUsaBEyFrXvcXTF4AaABAg,விஜய் திரிஷா,en,Udayanidhi sonnathu enna thapu.unmai thaane.perusa arrest ellam panna.manam kettavan.thoooo
youtube,comment,UgyBSGnAw2cjQhZjihB4AaABAg,yDTSQAzA2SQ,2026-09-14 16:52:08+00:00,2026-09-22T04:34:41Z,8e50e0bd2427,It is not true,0,0,0,https://youtube.com/watch?v=yDTSQAzA2SQ&lc=UgyBSGnAw2cjQhZjihB4AaABAg,விஜய் திரிஷா,en,It is not true
youtube,comment,Ugwwei_5TOV5PmYumRJ4AaABAg,AoUaJtU21aE,2026-09-14 16:54:02+00:00,2026-09-22T03:30:43Z,e883ee7a4d8e,"MQM PlAnTs DaYs  5 
BiGG BoSS 20 EpIsOdE  8
HaNi & WaSi BaaT PaKKi HuWi
FoOdInG MiX VeGeTaBlE ChIcKeN LaaL DaAl ShImLa MiRcH &  InGiR 
RaYaN DiSe & TwiStO 
InDiA HoSt  BRICS  DayS  2 
30 RaBi Ul AwAl 1448
13 SePtEmBeR 2026
SunDaY",0,0,0,https://youtube.com/watch?v=AoUaJtU21aE&lc=Ugwwei_5TOV5PmYumRJ4AaABAg,Kangana Trisha,en,"MQM PlAnTs DaYs  5 
BiGG BoSS 20 EpIsOdE  8
HaNi & WaSi BaaT PaKKi HuWi
FoOdInG MiX VeGeTaBlE ChIcKeN LaaL DaAl ShImLa MiRcH &  InGiR 
RaYaN DiSe & TwiStO 
InDiA HoSt  BRICS  DayS  2 
30 RaBi Ul AwAl 1448
13 SePtEmBeR 2026
SunDaY"
youtube,comment,UgxdzgJVTwbob9nXLk94AaABAg,36UIMG2yRDU,2026-09-14 16:59:44+00:00,2026-09-22T04:19:43Z,5f09188404e1,Whose money is he spending.Its taxpayers,1,0,0,https://youtube.com/watch?v=36UIMG2yRDU&lc=UgxdzgJVTwbob9nXLk94AaABAg,Vijay Trisha,en,Whose money is he spending.Its taxpayers
youtube,comment,UgyZn2vm4rb0ufawxWd4AaABAg,yDTSQAzA2SQ,2026-09-14 17:00:27+00:00,2026-09-22T04:34:41Z,d2765758107c,Thrisha friend friend suththikkittu iruppathal cm problem cm opp party pesuvathu idam kidaikkum and cm family problem makkalum vethai uthungivittal nallathu pirahu intha aatchiyan aandavan than kappattranum athaivid mukkuiyam ippadi nimmathi illamal iruppatharku yar Karanam irunthalum nichiyam thandai kaduvul koduppathu uruthi i,0,0,0,https://youtube.com/watch?v=yDTSQAzA2SQ&lc=UgyZn2vm4rb0ufawxWd4AaABAg,விஜய் திரிஷா,en,Thrisha friend friend suththikkittu iruppathal cm problem cm opp party pesuvathu idam kidaikkum and cm family problem makkalum vethai uthungivittal nallathu pirahu intha aatchiyan aandavan than kappattranum athaivid mukkuiyam ippadi nimmathi illamal iruppatharku yar Karanam irunthalum nichiyam thandai kaduvul koduppathu uruthi i
youtube,comment,Ugzf-nvWfB0ShxbOifZ4AaABAg,yDTSQAzA2SQ,2026-09-14 17:00:40+00:00,2026-09-22T04:34:41Z,acbac4032d77,உண்மையிலேயே ஒரு மனைவியா சங்கீதா ரொம்ப கஷ்டப்படுவாங்க.... இதெல்லாம் பாக்கும் போது........😏,156,3,0,https://youtube.com/watch?v=yDTSQAzA2SQ&lc=Ugzf-nvWfB0ShxbOifZ4AaABAg,விஜய் திரிஷா,ta,Truly a wife Sangeeta must suffer a lot
youtube,comment,Ugw90a-5ornVJCt1K-t4AaABAg,yfBQOmQJTvc,2026-09-14 17:12:12+00:00,2026-09-22T04:34:55Z,6569eeb325e8,அண்ணனாம்  தங்கச்சியாம் அப்படியா இருக்காங்க பழைய பாடல் ஒன்றுநினைவில் வருகிறது ஒருவர் மீது ஒருவர் சாய்ந்து என்கின்ற பாடல் அது காதல் பாட்டுஇந்தியா வந்த பிறகு காதுக்கு கடுக்கன் போடும் திட்டத்தை அறிப்பார் முதல்வார்,10,2,0,https://youtube.com/watch?v=yfBQOmQJTvc&lc=Ugw90a-5ornVJCt1K-t4AaABAg,விஜய் திரிஷா,ta,"Annanam Thangachiyam is like that, the old song comes to mind. It is a love song."
youtube,comment,UgwVtcwKgHGyZGceKQF4AaABAg,CRNza2iMSJE,2026-09-14 17:14:09+00:00,2026-09-22T03:58:45Z,fc047da561d5,பாவம் சார் சங்கீதா சேசன் சஞ்சய் பொண்ணு எல்லாருமே,49,3,0,https://youtube.com/watch?v=CRNza2iMSJE&lc=UgwVtcwKgHGyZGceKQF4AaABAg,Vijay Trisha,ta,Bhavam Sir Sangeeta Sesan Sanjay Ponnu Everyone
youtube,comment,UgysQCo-resKlst02Wl4AaABAg,yDTSQAzA2SQ,2026-09-14 17:16:07+00:00,2026-09-22T04:34:41Z,074794c21818,"மக்களே, உண்மையில் யார் முட்டாள் என்று கொஞ்சம் யோசித்துப் பாருங்கள்!

உங்களுக்கு பிடிக்காத ஒரு விஷயத்தைச் செய்யக்கூடாது என்று நீங்கள் தெளிவாகச் சொன்ன பிறகும், அதைத் தொடர்ந்து செய்கிறவன் தன் வழியில் போகிறான் என்றால், அதற்குப் பிறகும் அவனுக்கே ஓட்டு போடுகிறவர்கள் யார்?

நாம்தான்!

அதனால் இனிமேலாவது சற்று யோசித்து ஓட்டு போடுங்கள்.
உங்கள் குரலையும், உங்கள் எதிர்ப்பையும் மதிக்காதவர்களுக்கு ஓட்டு போடாதீர்கள்.

இல்லையென்றால், இன்று நாம் எதிர்க்கும் அதே கேவலமான நிலைதான் நாளையும் நம் வாழ்க்கையாகத் தொடரும்.

ஓட்டு என்பது நம் கையில் இருக்கும் அதிகாரம். அதை யாருக்குக் கொடுக்கிறோம் என்பதை யோசித்து முடிவு செய்யுங்கள்.",0,0,0,https://youtube.com/watch?v=yDTSQAzA2SQ&lc=UgysQCo-resKlst02Wl4AaABAg,விஜய் திரிஷா,ta,"People, think about who is really stupid!

After you have clearly told them not to do something that you don't like, and the person who continues to do it goes his own way, who is there to vote for him?

We are!

So at least think about it and vote.
Don't vote for people who don't respect your voice and your opposition.

Otherwise, the same wretched condition that we oppose today will continue to be our life tomorrow.

Voting is power in our hands.Think about who you are giving it to."
youtube,comment,UgyKXjJnIgLDlk_6pkt4AaABAg,yDTSQAzA2SQ,2026-09-14 17:18:49+00:00,2026-09-22T04:34:41Z,157d44b1208a,Rendu perum sethuduga,1,0,0,https://youtube.com/watch?v=yDTSQAzA2SQ&lc=UgyKXjJnIgLDlk_6pkt4AaABAg,விஜய் திரிஷா,en,Rendu perum sethuduga
youtube,comment,UgxE8QItZx-P2vc8jB54AaABAg,yDTSQAzA2SQ,2026-09-14 17:18:50+00:00,2026-09-22T04:34:41Z,074794c21818,"வரவிருக்கும் இடைத்தேர்தலில் மக்களாகிய நம்முடைய முடிவைத் தெளிவாகக் காட்ட வேண்டிய நேரம் இது!

இவருக்கு நாங்கள் எத்தனை முறை வாய்ப்பு கொடுத்தோம்? ஆனால், மக்கள் எதிர்பார்த்த மாற்றம் இன்னும் வரவில்லை. அதனால் இந்த முறை ஓட்டு போடுவதற்கு முன்பு கொஞ்சம் யோசித்து முடிவு செய்யுங்கள்.

இவரும் வேண்டாம், அதிமுகவும் வேண்டாம், திமுகவும் வேண்டாம்.

பல ஆண்டுகளாக மாறி மாறி ஆட்சி செய்தவர்களையே மீண்டும் மீண்டும் தேர்வு செய்வதற்குப் பதிலாக, புதிதாக, படித்த, திறமையான, நேர்மையான ஒருவருக்கு வாய்ப்பு கொடுப்போம்.

தமிழ்நாட்டின் அரசியல் விவாதம் மக்களின் வாழ்க்கை, கல்வி, வேலைவாய்ப்பு, பொருளாதாரம், வளர்ச்சி போன்ற முக்கியமான விஷயங்களைச் சுற்றியே இருக்க வேண்டும். தனிப்பட்ட வாழ்க்கை மற்றும் சர்ச்சைகளுக்கு அதிக முக்கியத்துவம் கொடுக்கும் அரசியல் கலாச்சாரம் மாற வேண்டும்.

இடைத்தேர்தல் ஒரு சிறிய தேர்தல் அல்ல.
நம்முடைய முடிவை காட்டும் ஒரு வாய்ப்பு.
யாருக்கு ஓட்டு போட வேண்டும் என்பதை உணர்ச்சியால் அல்ல — யோசித்து முடிவு செய்யுங்கள்!",3,0,0,https://youtube.com/watch?v=yDTSQAzA2SQ&lc=UgxE8QItZx-P2vc8jB54AaABAg,விஜய் திரிஷா,ta,"Time to make our decision clear as a people in the upcoming mid-term elections!

How many times have we given him a chance?But the change that people expected is yet to come.So think before you vote this time.

Neither he nor the AIADMK nor the DMK.

Instead of re-electing the same people who have been ruling over the years, let's give a chance to someone new, educated, competent and honest.

Political discussion in Tamil Nadu should revolve around important issues like people's life, education, employment, economy and development.The political culture that places too much emphasis on personal life and controversy must change.

A by-election is not a small election.
A chance to show our resolve.
Decide who to vote for, not by emotion — think!"
youtube,comment,UgyY-hsU_SdfDFsrzYp4AaABAg,yDTSQAzA2SQ,2026-09-14 17:28:27+00:00,2026-09-22T04:34:41Z,1f45e5a95451,Appadi nalla vela comment section la yaarum Vijay ku muttu kudukala..,0,0,0,https://youtube.com/watch?v=yDTSQAzA2SQ&lc=UgyY-hsU_SdfDFsrzYp4AaABAg,விஜய் திரிஷா,en,Appadi nalla vela comment section la yaarum Vijay ku muttu kudukala..
youtube,comment,Ugwj3tLHgMCXYFjKfdJ4AaABAg,yDTSQAzA2SQ,2026-09-14 17:30:42+00:00,2026-09-22T04:34:41Z,94f6bd4284ab,Idhellam thevayilladha velai....CM idhellam avoid panna nalla irukum venumne panra madhiri iruku....ivlo naal ivaruku support pannen...ipo enake kaduppa Iruku.....,4,0,0,https://youtube.com/watch?v=yDTSQAzA2SQ&lc=Ugwj3tLHgMCXYFjKfdJ4AaABAg,விஜய் திரிஷா,tanglish,Idhellam thevayilladha velai....CM idhellam avoid panna nalla irukum venumne panra madhiri iruku....ivlo naal ivaruku support pannen...ipo enake kaduppa Iruku.....
youtube,comment,Ugzzph0wLQ8dpbVRewN4AaABAg,yfBQOmQJTvc,2026-09-14 17:30:43+00:00,2026-09-22T04:34:55Z,a34d1b29a19b,Villangathavan ivalluku karma Iruku onnum Theriyatha papa paru Vijay,16,0,0,https://youtube.com/watch?v=yfBQOmQJTvc&lc=Ugzzph0wLQ8dpbVRewN4AaABAg,விஜய் திரிஷா,en,Villangathavan ivalluku karma Iruku onnum Theriyatha papa paru Vijay
youtube,comment,UgzoMQ2BI6b4uqAfNtB4AaABAg,i1BqRYMFS08,2026-09-14 17:38:37+00:00,2026-09-22T13:54:25Z,300797bb9ad5,जिनको कुछ समझ नहीं आया वो लाइक करो 😂,0,0,0,https://youtube.com/watch?v=i1BqRYMFS08&lc=UgzoMQ2BI6b4uqAfNtB4AaABAg,Vijay Trisha,en,जिनको कुछ समझ नहीं आया वो लाइक करो 😂
youtube,comment,UgxmAgt7pyuFJx90VuZ4AaABAg,i1BqRYMFS08,2026-09-14 17:39:58+00:00,2026-09-22T13:54:25Z,0bdf93883c14,The idea is really helpful I learned a lot from it.,0,0,0,https://youtube.com/watch?v=i1BqRYMFS08&lc=UgxmAgt7pyuFJx90VuZ4AaABAg,Vijay Trisha,en,The idea is really helpful I learned a lot from it.
youtube,comment,UgwuLvOwwjSmVw5_7G94AaABAg,yDTSQAzA2SQ,2026-09-14 17:41:48+00:00,2026-09-22T04:34:41Z,e9a6063316f8,"Ivan porappa pathi ippadhan adigama sandhegam varudhu, matravanga sollumbodhu kooda nan nambala, ana ippa namba vendiyadha irukku.",0,0,0,https://youtube.com/watch?v=yDTSQAzA2SQ&lc=UgwuLvOwwjSmVw5_7G94AaABAg,விஜய் திரிஷா,en,"Ivan porappa pathi ippadhan adigama sandhegam varudhu, matravanga sollumbodhu kooda nan nambala, ana ippa namba vendiyadha irukku."
youtube,comment,UgzxUaFee8mGq7jggVt4AaABAg,yDTSQAzA2SQ,2026-09-14 17:42:10+00:00,2026-09-22T04:34:41Z,948c18d0697d,Wondering how come Sangeeta wanted to live with him. Why she plead in court to be with this kind of person who is behind another women. Afer his wife said she wanted to live with him. Purposefully this Trisha is sticking which seen and can understood by public.,1,0,0,https://youtube.com/watch?v=yDTSQAzA2SQ&lc=UgzxUaFee8mGq7jggVt4AaABAg,விஜய் திரிஷா,en,Wondering how come Sangeeta wanted to live with him. Why she plead in court to be with this kind of person who is behind another women. Afer his wife said she wanted to live with him. Purposefully this Trisha is sticking which seen and can understood by public.
youtube,comment,Ugy84hCqWdIGzN1Twyd4AaABAg,yfBQOmQJTvc,2026-09-14 17:44:19+00:00,2026-09-22T04:34:55Z,d0809a98896a,Leave them alone,7,49,0,https://youtube.com/watch?v=yfBQOmQJTvc&lc=Ugy84hCqWdIGzN1Twyd4AaABAg,விஜய் திரிஷா,en,Leave them alone
youtube,comment,Ugy2g42_0S0EJmUoKbB4AaABAg,CRNza2iMSJE,2026-09-14 17:47:07+00:00,2026-09-22T03:58:45Z,43d3d807b031,THOOOOOOOOOOOOOOOOOOOOOOOOOOOOOOOOOOOOOOO THEREEEEEEEEEEEEEEEEEEEEEEEEEEEEEEEE,0,0,0,https://youtube.com/watch?v=CRNza2iMSJE&lc=Ugy2g42_0S0EJmUoKbB4AaABAg,Vijay Trisha,en,THOOOOOOOOOOOOOOOOOOOOOOOOOOOOOOOOOOOOOOO THEREEEEEEEEEEEEEEEEEEEEEEEEEEEEEEEE
youtube,comment,UgxqxAodds0MeKOTPER4AaABAg,i1BqRYMFS08,2026-09-14 17:49:10+00:00,2026-09-22T13:54:25Z,a45203642281,Vijay dance and expression 😂😂 super,0,0,0,https://youtube.com/watch?v=i1BqRYMFS08&lc=UgxqxAodds0MeKOTPER4AaABAg,Vijay Trisha,en,Vijay dance and expression 😂😂 super
youtube,comment,Ugy-WS_H68KY-CI8aQB4AaABAg,yDTSQAzA2SQ,2026-09-14 17:50:16+00:00,2026-09-22T04:34:41Z,b41f0d93837a,Oray  carla  pona  enna  annan  thagachi,0,0,0,https://youtube.com/watch?v=yDTSQAzA2SQ&lc=Ugy-WS_H68KY-CI8aQB4AaABAg,விஜய் திரிஷா,en,Oray  carla  pona  enna  annan  thagachi
youtube,comment,UgxfP8H3x5NEphkr4-54AaABAg,CRNza2iMSJE,2026-09-14 17:54:28+00:00,2026-09-22T03:58:45Z,4533d1ca2c4b,Ellam ulaga adhisayam 😂😂😂😂,1,0,0,https://youtube.com/watch?v=CRNza2iMSJE&lc=UgxfP8H3x5NEphkr4-54AaABAg,Vijay Trisha,en,Ellam ulaga adhisayam 😂😂😂😂
youtube,comment,UgxVE74dFybmiJJFwF54AaABAg,yfBQOmQJTvc,2026-09-14 17:54:30+00:00,2026-09-22T04:34:55Z,d4118074cf9d,"Very annoying movement. Don't fool
tamil people. This will affect the   partys growth. Don't announce any  free  policy from govt side to  escape from this
Issue.vijay again and again disappoint Tamil people. I am slowly withdrawing my support for TVK. It's not good for Vijay future.",28,0,0,https://youtube.com/watch?v=yfBQOmQJTvc&lc=UgxVE74dFybmiJJFwF54AaABAg,விஜய் திரிஷா,en,"Very annoying movement. Don't fool
tamil people. This will affect the   partys growth. Don't announce any  free  policy from govt side to  escape from this
Issue.vijay again and again disappoint Tamil people. I am slowly withdrawing my support for TVK. It's not good for Vijay future."
youtube,comment,UgwFnDLM6UX-o9jpHAN4AaABAg,yDTSQAzA2SQ,2026-09-14 18:01:23+00:00,2026-09-22T04:34:41Z,943122e6a4ae,Bad optics - Trisha needs to stay out -,2,0,0,https://youtube.com/watch?v=yDTSQAzA2SQ&lc=UgwFnDLM6UX-o9jpHAN4AaABAg,விஜய் திரிஷா,en,Bad optics - Trisha needs to stay out -
youtube,comment,UgyNSa_MXaH9xmyfZih4AaABAg,w0d_bPb3tz4,2026-09-14 18:03:06+00:00,2026-09-22T13:54:31Z,b3aa7047ed41,"Panam ,,irtha,,,patham,,,,illam,,,periya,,,half,, than",0,0,0,https://youtube.com/watch?v=w0d_bPb3tz4&lc=UgyNSa_MXaH9xmyfZih4AaABAg,Vijay Trisha,en,"Panam ,,irtha,,,patham,,,,illam,,,periya,,,half,, than"
youtube,comment,Ugw7V09V6hSK39POlUx4AaABAg,yDTSQAzA2SQ,2026-09-14 18:04:25+00:00,2026-09-22T04:34:41Z,c407e523f0b6,Lusupayaluva athu vijayyoda kaida ethukku oipesureenga,0,0,0,https://youtube.com/watch?v=yDTSQAzA2SQ&lc=Ugw7V09V6hSK39POlUx4AaABAg,விஜய் திரிஷா,en,Lusupayaluva athu vijayyoda kaida ethukku oipesureenga
youtube,comment,Ugwh7COS5XIy3L2zHBZ4AaABAg,CRNza2iMSJE,2026-09-14 18:08:07+00:00,2026-09-22T03:58:45Z,2af5ed7ae71e,"அடுத்தவங்க குடும்ப கதையை எத்தனை ஈரமற்ற ஜென்மங்கள் இஷ்டத்துக்கு பேசிட்டு இருக்கீங்க... அவங்க அவங்க குடும்பத்தை பத்தி இப்படி அடுத்தவங்க நினைப்புக்கு பேசுனா, தாங்குவிங்களா.... உங்களுக்கு எதுக்குங்க அடுத்தவங்க குடும்ப கதை.... அசிங்கமா இல்ல...",0,5,0,https://youtube.com/watch?v=CRNza2iMSJE&lc=Ugwh7COS5XIy3L2zHBZ4AaABAg,Vijay Trisha,ta,How many innocent generations have you been talking about the family story of others for pleasure... can you bear it if you talk about their family like this?
youtube,comment,UgxbFVK5XBWyR7NIMNJ4AaABAg,CRNza2iMSJE,2026-09-14 18:24:57+00:00,2026-09-22T03:58:45Z,e6a699ebc1a5,"I vote TVK at Kolathur thogudhi.
But 1st time I hate vijay... He is not a ordinary person now.. a state CM so discipline is most important.... 
Finally tamilnattu makkala kaka yarum ella",1,0,0,https://youtube.com/watch?v=CRNza2iMSJE&lc=UgxbFVK5XBWyR7NIMNJ4AaABAg,Vijay Trisha,en,"I vote TVK at Kolathur thogudhi.
But 1st time I hate vijay... He is not a ordinary person now.. a state CM so discipline is most important.... 
Finally tamilnattu makkala kaka yarum ella"
youtube,comment,Ugw3CC_Gbmw4O78mTl54AaABAg,CRNza2iMSJE,2026-09-14 18:26:31+00:00,2026-09-22T03:58:45Z,e6a699ebc1a5,"Vijay a romba nambhuna... Tamilnadu munnerum nu. But oru cm ku discipline romba mukkiyim. He must be the role model for youngsters... But nowww.. it's question ❓... Apo tamilnatta kakka yarume elliyaaa
😢😢😢",7,0,0,https://youtube.com/watch?v=CRNza2iMSJE&lc=Ugw3CC_Gbmw4O78mTl54AaABAg,Vijay Trisha,tanglish,"Vijay a romba nambhuna... Tamilnadu munnerum nu.But oru cm ku discipline romba mukkiyim.He must be the role model for youngsters... But nowwww.. it's question ❓... Apo tamilnatta kakka yarume elliyaaa
😢😢😢"
youtube,comment,Ugz3wNtgBWGIYUsuz-h4AaABAg,yfBQOmQJTvc,2026-09-14 18:34:41+00:00,2026-09-22T04:34:55Z,f5640c1e304e,Sangeetha weight ah settlement vaangikitu settle aagidichu nu ninaikuren. Adhan divorce vaapas kuduthutu irukum,2,1,0,https://youtube.com/watch?v=yfBQOmQJTvc&lc=Ugz3wNtgBWGIYUsuz-h4AaABAg,விஜய் திரிஷா,en,Sangeetha weight ah settlement vaangikitu settle aagidichu nu ninaikuren. Adhan divorce vaapas kuduthutu irukum
youtube,comment,Ugw8c5mDnI11F7fGZPp4AaABAg,36UIMG2yRDU,2026-09-14 18:49:32+00:00,2026-09-22T04:19:43Z,7291e4232837,"All are so interested about others personal life,....... While theirs will be in a mess .This bit of ""Trisha coming in "" looks like Ai cut, copy paste.",0,0,0,https://youtube.com/watch?v=36UIMG2yRDU&lc=Ugw8c5mDnI11F7fGZPp4AaABAg,Vijay Trisha,en,"All are so interested about others personal life,....... While theirs will be in a mess .This bit of ""Trisha coming in "" looks like Ai cut, copy paste."
youtube,comment,Ugzr7WH62F_LvxdxUbd4AaABAg,i1BqRYMFS08,2026-09-14 18:53:41+00:00,2026-09-22T13:54:25Z,c73dd86720f3,Anyone here after Talpati's London trip..,0,0,0,https://youtube.com/watch?v=i1BqRYMFS08&lc=Ugzr7WH62F_LvxdxUbd4AaABAg,Vijay Trisha,en,Anyone here after Talpati's London trip..
youtube,comment,Ugxj_GW22vQ9o5onYRF4AaABAg,i1BqRYMFS08,2026-09-14 18:58:01+00:00,2026-09-22T13:54:25Z,0bdf93883c14,This tutorial is top notch I really appreciate the effort.,0,0,0,https://youtube.com/watch?v=i1BqRYMFS08&lc=Ugxj_GW22vQ9o5onYRF4AaABAg,Vijay Trisha,en,This tutorial is top notch I really appreciate the effort.
youtube,comment,Ugy8Ku7qGGq6Q2wChX94AaABAg,CRNza2iMSJE,2026-09-14 19:03:09+00:00,2026-09-22T03:58:45Z,70b6e8a7967b,"திரிஷாவால் விஜய்க்கு வாழ்க்கை அழிவு மட்டுமே,  கெட்ட பெயர் மட்டுமேஃ திரிஷா ஒரு பெரிய பிளான் போடுகிறார் என்று தோன்றுகிறது இல்லை என்றால் எப்பொழுதும் விஜய் பின்னாடி ஓடிக்கொண்டே இருக்க மாட்டார் ஒரு நல்ல நண்பர்கள் என்றால் திரிஷா என்ன செய்திருக்க வேண்டும் தன்னை வைத்து பல சர்ச்சைகள் தன் நண்பனின் குடும்பத்தில் உருவாகிறது இதை நாம் தான் சரி செய்ய வேண்டும் என்று நினைத்து விஜய்யின் பின்னால் போவதை நிறுத்த வேண்டும் அதுதான் நல்ல நண்பர்களுக்கு அடையாளம் ஆனால் இந்த திரிஷா அப்படி செய்யவில்லை. இதற்கெல்லாம் காரணமும் விஜயும் ஒன்று விஜய் அனுமதிக்காமல் எந்த இடத்திலும் த்ரிஷாவால் வர முடியாது. விஜயின் வாழ்க்கையில் பெரிய இடத்திற்கு அவர் வருகிறார் என்றால் முதலில் சந்தோஷப்படுவது அவருடைய குடும்பம் மட்டுமே அம்மா அப்பா அம்மா மனைவி பிள்ளைகள் மட்டுமே இதை ஏன் விஜய் புரிந்து கொள்ள மறுக்கிறார். அவருடைய பதவி ஏற்படும் விஜய் கூப்பிடவில்லை சுதந்திர தின கொண்டாட்டத்திற்கும் கூப்பிடவில்லை. சரி இப்பொழுது அஜித் சார் கார் ரேஸ் காக சிஎம் விஜய் அவர்களை அழைத்ததன் காரணமாக விஜய் லண்டன் சென்றிருந்தார் ஆனால் ஏன் தன்னுடைய மனைவி பிள்ளைகளை அந்த இடத்திற்கு அழைக்கவில்லை,  தன் மனைவி பிள்ளைகளை விட அந்த திரிஷா இவருக்கு முக்கியமாக போய்விட்டாரா?",13,3,0,https://youtube.com/watch?v=CRNza2iMSJE&lc=Ugy8Ku7qGGq6Q2wChX94AaABAg,Vijay Trisha,ta,"Trisha only ruined Vijay's life and bad name. It seems that Trisha is making a big plan. If not, Vijay will not always be running behind. Good friends are good friends. What should Trisha have done. There are many disputes in her friend's family.The reason for all this is that Trisha cannot come anywhere without Vijay's permission.If he comes to a big place in Vijay's life, the first person to be happy is his family, mother, father, mother, wife, children, why Vijay refuses to understand this.Vijay did not call for his post and did not call for the Independence Day celebration.Well now Vijay went to London because CM Vijay invited Ajith sir for the car race but why didn't he invite his wife and children to that place, did Trisha become more important to him than his wife and children?"
youtube,comment,UgwymRXqlrPDcQSK0Ol4AaABAg,i1BqRYMFS08,2026-09-14 19:13:40+00:00,2026-09-22T13:54:25Z,42b9fb0c3628,🎉fttttfjtffc 4:20 4:21 4:22 4:22 4:22 4:23 4:24 4:25 4:26 4:26 4:26 iy 4:28 4:28 4:28 uhygffgtuŷdţ,0,0,0,https://youtube.com/watch?v=i1BqRYMFS08&lc=UgwymRXqlrPDcQSK0Ol4AaABAg,Vijay Trisha,en,🎉fttttfjtffc 4:20 4:21 4:22 4:22 4:22 4:23 4:24 4:25 4:26 4:26 4:26 iy 4:28 4:28 4:28 uhygffgtuŷdţ
youtube,comment,Ugxbu_uZN_2-gnireVZ4AaABAg,yDTSQAzA2SQ,2026-09-14 19:14:17+00:00,2026-09-22T04:34:41Z,80517757da3f,Kevala jenmam,0,0,0,https://youtube.com/watch?v=yDTSQAzA2SQ&lc=Ugxbu_uZN_2-gnireVZ4AaABAg,விஜய் திரிஷா,en,Kevala jenmam
youtube,comment,UgwIlbiuXhx8GpHF3wF4AaABAg,36UIMG2yRDU,2026-09-14 19:18:58+00:00,2026-09-22T04:19:43Z,4e5f12a2ab66,"Stupid lady,... no words to say",0,0,0,https://youtube.com/watch?v=36UIMG2yRDU&lc=UgwIlbiuXhx8GpHF3wF4AaABAg,Vijay Trisha,en,"Stupid lady,... no words to say"
youtube,comment,UgyrForAKLpKtiBNKUl4AaABAg,i1BqRYMFS08,2026-09-14 19:45:52+00:00,2026-09-22T13:54:25Z,251843d9ff43,😂😂samj me nahi aa raha he par sun ne me maza aa raha he❤️❤️,0,0,0,https://youtube.com/watch?v=i1BqRYMFS08&lc=UgyrForAKLpKtiBNKUl4AaABAg,Vijay Trisha,en,😂😂samj me nahi aa raha he par sun ne me maza aa raha he❤️❤️
youtube,comment,UgzpQzEpchnqrLSWVC94AaABAg,T7w0Scr1bG8,2026-09-14 20:09:19+00:00,2026-09-22T13:54:33Z,9ef23ed03ab8,Vijay after CM😂,0,0,0,https://youtube.com/watch?v=T7w0Scr1bG8&lc=UgzpQzEpchnqrLSWVC94AaABAg,Vijay Trisha,en,Vijay after CM😂
youtube,comment,UgzpDJJIvsb6ftRk60h4AaABAg,i1BqRYMFS08,2026-09-14 20:14:16+00:00,2026-09-22T13:54:25Z,0bdf93883c14,This tutorial is clear and easy to follow It helped me understand better.,0,0,0,https://youtube.com/watch?v=i1BqRYMFS08&lc=UgzpDJJIvsb6ftRk60h4AaABAg,Vijay Trisha,en,This tutorial is clear and easy to follow It helped me understand better.
youtube,comment,Ugyy37ER7fpTZMJ6WNt4AaABAg,yfBQOmQJTvc,2026-09-14 20:17:31+00:00,2026-09-22T04:34:55Z,ac7c39971463,லூசு மாதிரி வீடியோ போடாத விஜய் போன கார் வேற திரிஷா போன கார் வேற சும்மா கதை விடாதே,7,1,0,https://youtube.com/watch?v=yfBQOmQJTvc&lc=Ugyy37ER7fpTZMJ6WNt4AaABAg,விஜய் திரிஷா,ta,"Don't just make a story about the car that Vijay went to, the car that Trisha went to, and the car that Trisha went to"
youtube,comment,UgxT5AqBOg0XKKbtfSR4AaABAg,yfBQOmQJTvc,2026-09-14 20:18:49+00:00,2026-09-22T04:34:55Z,ac7c39971463,உங்களுக்கு பணம் சம்பாதிப்பதற்கு திரிஷாவும் விஜய் யும் உங்களுக்கு கிடைத்தார்களா பணம் சம்பாதிப்பதற்கு,4,0,0,https://youtube.com/watch?v=yfBQOmQJTvc&lc=UgxT5AqBOg0XKKbtfSR4AaABAg,விஜய் திரிஷா,ta,Have you got Trisha and Vijay to make money for you?
youtube,comment,Ugyl9Qp_M2EmZzf8Oa94AaABAg,yDTSQAzA2SQ,2026-09-14 21:32:40+00:00,2026-09-22T04:34:41Z,8daf0365ae40,"I really regret for voting for TVK.
Honestly Vijay bro is losing my respect because of Trisha.
I just hate this lady for sticking to him.
As a common woman my blood is boiling by seeing this, I can truly imagine how Sangeetha would feel.

I won't support to Vijay or TVK till he stays away from this lady and reunites with Sangeetha and family.

A leader should be a role model. I dint expect this from Vijay anna... Feeling very sad for voting this time.",1,1,0,https://youtube.com/watch?v=yDTSQAzA2SQ&lc=Ugyl9Qp_M2EmZzf8Oa94AaABAg,விஜய் திரிஷா,en,"I really regret for voting for TVK.
Honestly Vijay bro is losing my respect because of Trisha.
I just hate this lady for sticking to him.
As a common woman my blood is boiling by seeing this, I can truly imagine how Sangeetha would feel.

I won't support to Vijay or TVK till he stays away from this lady and reunites with Sangeetha and family.

A leader should be a role model. I dint expect this from Vijay anna... Feeling very sad for voting this time."
youtube,comment,UgwLLiutcbnuHabjuNt4AaABAg,yDTSQAzA2SQ,2026-09-14 21:39:36+00:00,2026-09-22T04:34:41Z,8daf0365ae40,"Atleast Udhayanidhi and Stalin sir give respect to their wife in public and treat them respectfully no matter how they are in their personal life. Durga mam and krithika Udhayanidhi participate in all political swearing ceremony and they get all respect for being a family member.

Honestly I regret for voting TVK after seeing this continuous Trisha appearance with Vijay.

Very clear Election result day Trisha entering Vijay house from tirupathy,
Swearing ceremony Trisha,
Flag hoisting ceremony Trisha,
Ajit sir mother condolence with Trisha,
Now in London with Trisha...

I won't vote again to TVK till this is getting changed",1,0,0,https://youtube.com/watch?v=yDTSQAzA2SQ&lc=UgwLLiutcbnuHabjuNt4AaABAg,விஜய் திரிஷா,en,"Atleast Udhayanidhi and Stalin sir give respect to their wife in public and treat them respectfully no matter how they are in their personal life. Durga mam and krithika Udhayanidhi participate in all political swearing ceremony and they get all respect for being a family member.

Honestly I regret for voting TVK after seeing this continuous Trisha appearance with Vijay.

Very clear Election result day Trisha entering Vijay house from tirupathy,
Swearing ceremony Trisha,
Flag hoisting ceremony Trisha,
Ajit sir mother condolence with Trisha,
Now in London with Trisha...

I won't vote again to TVK till this is getting changed"
youtube,comment,Ugx2TI8NJxyGDQhDox54AaABAg,yfBQOmQJTvc,2026-09-14 21:44:46+00:00,2026-09-22T04:34:55Z,f9ec5f245f04,"Even their own wife has friends with others not worried, the main issue here trisha with CM vijay or Ex-actor or friend is more worried for a few people.
MEDIA: Lots of issues in Tamilnadu but they give importance...can you speak about the TN Corrupted MLA list of properties details like this.",3,2,0,https://youtube.com/watch?v=yfBQOmQJTvc&lc=Ugx2TI8NJxyGDQhDox54AaABAg,விஜய் திரிஷா,en,"Even their own wife has friends with others not worried, the main issue here trisha with CM vijay or Ex-actor or friend is more worried for a few people.
MEDIA: Lots of issues in Tamilnadu but they give importance...can you speak about the TN Corrupted MLA list of properties details like this."
youtube,comment,Ugx59en2hz8i7qKzDHB4AaABAg,36UIMG2yRDU,2026-09-14 22:03:52+00:00,2026-09-22T04:19:43Z,f9ec5f245f04,"Even their own wife has friends with others not worried, the main issue here trisha with CM vijay or Ex-actor or friend is more worried for a few people.
MEDIA: Lots of issues in Tamilnadu but they give importance...can you speak about the TN Corrupted MLA list of properties details like this.",0,0,0,https://youtube.com/watch?v=36UIMG2yRDU&lc=Ugx59en2hz8i7qKzDHB4AaABAg,Vijay Trisha,en,"Even their own wife has friends with others not worried, the main issue here trisha with CM vijay or Ex-actor or friend is more worried for a few people.
MEDIA: Lots of issues in Tamilnadu but they give importance...can you speak about the TN Corrupted MLA list of properties details like this."
youtube,comment,Ugx-mjHo5zm6HlGaxGx4AaABAg,yfBQOmQJTvc,2026-09-14 22:15:15+00:00,2026-09-22T04:34:55Z,a14fc61b0125,"is it really true that they left together? of course worse things might have happened, but this audacity to publicly leave together????",5,0,0,https://youtube.com/watch?v=yfBQOmQJTvc&lc=Ugx-mjHo5zm6HlGaxGx4AaABAg,விஜய் திரிஷா,en,"is it really true that they left together? of course worse things might have happened, but this audacity to publicly leave together????"
youtube,comment,Ugx3JWE2vJPO3o-Lw5V4AaABAg,yDTSQAzA2SQ,2026-09-14 22:22:34+00:00,2026-09-22T04:34:41Z,2d5f6f2aacf5,Anna.  😢😢😢,0,0,0,https://youtube.com/watch?v=yDTSQAzA2SQ&lc=Ugx3JWE2vJPO3o-Lw5V4AaABAg,விஜய் திரிஷா,en,Anna.  😢😢😢
youtube,comment,UgzNeathzqIpkoe1yQt4AaABAg,yfBQOmQJTvc,2026-09-14 22:33:56+00:00,2026-09-22T04:34:55Z,752600eb96d9,This man Vijay is so disgusting! Instead of bringing his wife he brought the other woman. What is wrong with him? He’s not a young fellow. He’s the CM of Tamilnadu- suppose to be a good example to the people instead still married but having an affair with this woman whose main intention is to bring him down or to get glamour. Any decent woman wouldn’t do this. Does Vijay need this? This woman will never stick you if you have nothing . She was with a few other guys before you. You took in Udayanidhi for questioning not because he spoke of women but this one woman!!! Your upbringing is bad I guess. Your parents are happy and gloating about your success. Your parents were not seen at your son’s audio launch. You and your parents just sidelined your wife and the two lovely children. You do this to your wife and karma will hit you back hard- you know what’s sad-you have a daughter.,21,1,0,https://youtube.com/watch?v=yfBQOmQJTvc&lc=UgzNeathzqIpkoe1yQt4AaABAg,விஜய் திரிஷா,en,This man Vijay is so disgusting! Instead of bringing his wife he brought the other woman. What is wrong with him? He’s not a young fellow. He’s the CM of Tamilnadu- suppose to be a good example to the people instead still married but having an affair with this woman whose main intention is to bring him down or to get glamour. Any decent woman wouldn’t do this. Does Vijay need this? This woman will never stick you if you have nothing . She was with a few other guys before you. You took in Udayanidhi for questioning not because he spoke of women but this one woman!!! Your upbringing is bad I guess. Your parents are happy and gloating about your success. Your parents were not seen at your son’s audio launch. You and your parents just sidelined your wife and the two lovely children. You do this to your wife and karma will hit you back hard- you know what’s sad-you have a daughter.
youtube,comment,UgyZ2GK6qHz4quCtOGB4AaABAg,yfBQOmQJTvc,2026-09-14 22:42:04+00:00,2026-09-22T04:34:55Z,6c6247a3c313,Trisha thangachi pa,2,0,0,https://youtube.com/watch?v=yfBQOmQJTvc&lc=UgyZ2GK6qHz4quCtOGB4AaABAg,விஜய் திரிஷா,en,Trisha thangachi pa
youtube,comment,UgyjXZGmjXHANj4umEl4AaABAg,i1BqRYMFS08,2026-09-14 22:49:04+00:00,2026-09-22T13:54:25Z,0bdf93883c14,The way you present is clear and easy to follow I learned a lot from it.,0,0,0,https://youtube.com/watch?v=i1BqRYMFS08&lc=UgyjXZGmjXHANj4umEl4AaABAg,Vijay Trisha,en,The way you present is clear and easy to follow I learned a lot from it.
youtube,comment,UgywutGceLCb5SJGR4V4AaABAg,yDTSQAzA2SQ,2026-09-14 23:31:13+00:00,2026-09-22T04:34:41Z,6fd4b028fe54,Vijay  you broke our heart.,0,0,0,https://youtube.com/watch?v=yDTSQAzA2SQ&lc=UgywutGceLCb5SJGR4V4AaABAg,விஜய் திரிஷா,en,Vijay  you broke our heart.
youtube,comment,UgzXMKQGmVwsYPF_L294AaABAg,yDTSQAzA2SQ,2026-09-14 23:31:40+00:00,2026-09-22T04:34:41Z,6fd4b028fe54,Is this the age for you to have a keep,0,0,0,https://youtube.com/watch?v=yDTSQAzA2SQ&lc=UgzXMKQGmVwsYPF_L294AaABAg,விஜய் திரிஷா,en,Is this the age for you to have a keep
youtube,comment,UgwXu4ColliU7o2tHxd4AaABAg,yDTSQAzA2SQ,2026-09-14 23:32:53+00:00,2026-09-22T04:34:41Z,6fd4b028fe54,"One sign of yours , youngsters just follow. Tomorrow all the husband's will keep one affair and tell my vijay is doing so i am doing",0,0,0,https://youtube.com/watch?v=yDTSQAzA2SQ&lc=UgwXu4ColliU7o2tHxd4AaABAg,விஜய் திரிஷா,en,"One sign of yours , youngsters just follow. Tomorrow all the husband's will keep one affair and tell my vijay is doing so i am doing"
youtube,comment,Ugy5uXbm-7FU16Ur-cd4AaABAg,CRNza2iMSJE,2026-09-14 23:33:12+00:00,2026-09-22T03:58:45Z,27a090a9f350,பயில்  இம்முறை கொஞ்சம் பயந்தமாதிரி செய்தி.. 😂😂,6,1,0,https://youtube.com/watch?v=CRNza2iMSJE&lc=Ugy5uXbm-7FU16Ur-cd4AaABAg,Vijay Trisha,ta,Payal is a bit scary news this time.. 😂😂
youtube,comment,UgzNm9s0H5SGm3tlZZF4AaABAg,yDTSQAzA2SQ,2026-09-14 23:34:37+00:00,2026-09-22T04:34:41Z,6fd4b028fe54,"Thought you a angel sent by god to protect tamilnadu.  
Now again criminals dmk will come into rule. 
Jesus no one is there for tamilnadu to protect tamilnadu",0,0,0,https://youtube.com/watch?v=yDTSQAzA2SQ&lc=UgzNm9s0H5SGm3tlZZF4AaABAg,விஜய் திரிஷா,en,"Thought you a angel sent by god to protect tamilnadu.  
Now again criminals dmk will come into rule. 
Jesus no one is there for tamilnadu to protect tamilnadu"
youtube,comment,Ugx8EeqMKvLvXw0WJx14AaABAg,yfBQOmQJTvc,2026-09-14 23:48:58+00:00,2026-09-22T04:34:55Z,edaea0ae27ad,Why all of them are so supportive to both of them,2,2,0,https://youtube.com/watch?v=yfBQOmQJTvc&lc=Ugx8EeqMKvLvXw0WJx14AaABAg,விஜய் திரிஷா,en,Why all of them are so supportive to both of them
youtube,comment,UgzzgAym2DNZumdhcrJ4AaABAg,yfBQOmQJTvc,2026-09-14 23:50:59+00:00,2026-09-22T04:34:55Z,edaea0ae27ad,He can get out of CM post and do whatever he wants. Please don’t elect any actor,27,0,0,https://youtube.com/watch?v=yfBQOmQJTvc&lc=UgzzgAym2DNZumdhcrJ4AaABAg,விஜய் திரிஷா,en,He can get out of CM post and do whatever he wants. Please don’t elect any actor
youtube,comment,UgxSqzKYAwWNlS-DHZt4AaABAg,yDTSQAzA2SQ,2026-09-14 23:55:36+00:00,2026-09-22T04:34:41Z,65269995b41d,Shame on this man and woman.,1,0,0,https://youtube.com/watch?v=yDTSQAzA2SQ&lc=UgxSqzKYAwWNlS-DHZt4AaABAg,விஜய் திரிஷா,en,Shame on this man and woman.
youtube,comment,UgxED9BwcD3FNl-De1V4AaABAg,yDTSQAzA2SQ,2026-09-15 00:13:04+00:00,2026-09-22T04:34:41Z,2d64d9e5b062,Ean eppadi keela ninu kathurathu chee asingama errukku.,0,0,0,https://youtube.com/watch?v=yDTSQAzA2SQ&lc=UgxED9BwcD3FNl-De1V4AaABAg,விஜய் திரிஷா,en,Ean eppadi keela ninu kathurathu chee asingama errukku.
youtube,comment,Ugxw_LLUzA9rlDHc8R14AaABAg,CRNza2iMSJE,2026-09-15 00:17:21+00:00,2026-09-22T03:58:45Z,804cfad06a66,பைல்வானுக்கு பெட்டி வந்து விட்டது போல விஜய்க்கு முட்டு கொடுப்பது அப்பட்டமாக தெரிகிறது.....,8,0,0,https://youtube.com/watch?v=CRNza2iMSJE&lc=Ugxw_LLUzA9rlDHc8R14AaABAg,Vijay Trisha,ta,Giving support to Vijay seems blatant as if the box has arrived for Bailwan.....
youtube,comment,UgxS7tQPGCkgnl3oRFp4AaABAg,CRNza2iMSJE,2026-09-15 00:21:15+00:00,2026-09-22T03:58:45Z,417033d7bfe4,Ana onu anil tharakuringa  first 3sha sollaratha vedunga  unga cm enga ponalum as per government rules padi avaru yara sollarRu avanga matum than kuda pogamudium so 3sha  kuda london posta jolly irrukarathuku  adhu maka vari panathula ponavarathan unga 😂😂😂😂 cm,1,0,0,https://youtube.com/watch?v=CRNza2iMSJE&lc=UgxS7tQPGCkgnl3oRFp4AaABAg,Vijay Trisha,tanglish,Ana onu anil tharakuringa first 3sha sollaratha vedunga unga cm enga ponalum as per government rules padi avaru yara sollarRu avanga matum than kuda pogamudium so 3sha kuda london posta jolly irrukarathuku adhu maka vari panathula ponavarathan unga 😂😂😂😂 cm
youtube,comment,Ugxf9CVffScspCJIjDZ4AaABAg,yDTSQAzA2SQ,2026-09-15 00:25:34+00:00,2026-09-22T04:34:41Z,7425acda2b26,Nee yenka venunalum yeppdi venunalum yarkudaiym suthu unna kapatha bjp arivu ketta nandri ketta tharkuri makkal kootam Iruka varaikum un kattula mazhaithan,0,0,0,https://youtube.com/watch?v=yDTSQAzA2SQ&lc=Ugxf9CVffScspCJIjDZ4AaABAg,விஜய் திரிஷா,en,Nee yenka venunalum yeppdi venunalum yarkudaiym suthu unna kapatha bjp arivu ketta nandri ketta tharkuri makkal kootam Iruka varaikum un kattula mazhaithan
youtube,comment,Ugxfh71dQkMBGIxbwK14AaABAg,CRNza2iMSJE,2026-09-15 00:31:55+00:00,2026-09-22T03:58:45Z,73cc5f5512e9,UNCIVILIZED UNCULTURED UNEDUCATED SHAMLESS MINDSET PEOPLE STILL OBSESSED WITH KOOTADI.,1,0,0,https://youtube.com/watch?v=CRNza2iMSJE&lc=Ugxfh71dQkMBGIxbwK14AaABAg,Vijay Trisha,en,UNCIVILIZED UNCULTURED UNEDUCATED SHAMLESS MINDSET PEOPLE STILL OBSESSED WITH KOOTADI.
youtube,comment,UgxX4drHjI_mrEnHPdN4AaABAg,yfBQOmQJTvc,2026-09-15 00:47:43+00:00,2026-09-22T04:34:55Z,2dad971b3ba0,Nanba nanb,1,0,0,https://youtube.com/watch?v=yfBQOmQJTvc&lc=UgxX4drHjI_mrEnHPdN4AaABAg,விஜய் திரிஷா,en,Nanba nanb
youtube,comment,Ugx0IR6dL5m8kHyPUhR4AaABAg,yDTSQAzA2SQ,2026-09-15 00:57:16+00:00,2026-09-22T04:34:41Z,ab09b623a1ff,"Thirundada jenmangal, en veenaga advise panreenga, kalam pathukkum.",0,0,0,https://youtube.com/watch?v=yDTSQAzA2SQ&lc=Ugx0IR6dL5m8kHyPUhR4AaABAg,விஜய் திரிஷா,en,"Thirundada jenmangal, en veenaga advise panreenga, kalam pathukkum."
youtube,comment,UgyCBpAL18P_RobCTQ14AaABAg,yDTSQAzA2SQ,2026-09-15 00:59:20+00:00,2026-09-22T04:34:41Z,7fe56d36245b,Avaluku idhe veledan,0,0,0,https://youtube.com/watch?v=yDTSQAzA2SQ&lc=UgyCBpAL18P_RobCTQ14AaABAg,விஜய் திரிஷா,en,Avaluku idhe veledan
youtube,comment,Ugzj5vFvHrKwZJWP6xR4AaABAg,CRNza2iMSJE,2026-09-15 01:07:23+00:00,2026-09-22T03:58:45Z,9024c7eb6be7,He is not avoiding Trisha because he his heart is clean They are true friends. It is gossips of people and jealousy of wife. Why should they hide?,1,0,0,https://youtube.com/watch?v=CRNza2iMSJE&lc=Ugzj5vFvHrKwZJWP6xR4AaABAg,Vijay Trisha,en,He is not avoiding Trisha because he his heart is clean They are true friends. It is gossips of people and jealousy of wife. Why should they hide?
youtube,comment,UgyZNuZ-rv8YGZHb0AF4AaABAg,CRNza2iMSJE,2026-09-15 01:08:45+00:00,2026-09-22T03:58:45Z,65d8c5f4ad58,"ஓஹோ! இங்கிலாந்து அரசாங்கமே ஆடிப்போயிட்டதாம்! 😂

பக்கிங்ஹாம் அரண்மனைக்கே விஜயை சாப்பாட்டுக்கு அழைத்தார்களாம்; விஜய் அதையும் “வேண்டாம்” என்று சொல்லிவிட்டாராம்! 😄

வீட்டில் இருக்கிற விஷயங்களை விட்டுவிட்டு, தேவையில்லாத கதைகளையெல்லாம் பெரிதுபடுத்தி பேசிக்கொண்டிருக்கிறார்கள். கொஞ்சம் நிதானமாக இருங்கப்பா!

பக்கிங்ஹாம் அரண்மனை அழைப்பு முதல் விஜய் மறுப்பு வரை—கதை கேட்கவே ஒரு சினிமா மாதிரி இருக்கு! 😂",4,0,0,https://youtube.com/watch?v=CRNza2iMSJE&lc=UgyZNuZ-rv8YGZHb0AF4AaABAg,Vijay Trisha,ta,"Whoah!The UK government has lost!😂

Vijay was invited to dine at Buckingham Palace;Vijay said ""No"" to that too!😄

They leave things at home and exaggerate all the unnecessary stories.Keep calm!

From the Buckingham Palace invitation to Vijay's rejection—listening to the story is like a movie!😂"
youtube,comment,UgwxbqRofXbfnERbPDR4AaABAg,yDTSQAzA2SQ,2026-09-15 01:27:07+00:00,2026-09-22T04:34:41Z,c7f637c4af92,Vijay sir sollama trisha epdi varuvaanga😂,0,0,0,https://youtube.com/watch?v=yDTSQAzA2SQ&lc=UgwxbqRofXbfnERbPDR4AaABAg,விஜய் திரிஷா,en,Vijay sir sollama trisha epdi varuvaanga😂
youtube,comment,UgwV05jL1XkPgD0lxG94AaABAg,yfBQOmQJTvc,2026-09-15 01:29:38+00:00,2026-09-22T04:34:55Z,39829fdc51c0,Something something,0,0,0,https://youtube.com/watch?v=yfBQOmQJTvc&lc=UgwV05jL1XkPgD0lxG94AaABAg,விஜய் திரிஷா,en,Something something
youtube,comment,UgzKt2YdZKDWtdAA9i94AaABAg,w0d_bPb3tz4,2026-09-15 01:29:52+00:00,2026-09-22T13:54:31Z,92006cc9e55f,Vijay please marry Trisha ❤,0,0,0,https://youtube.com/watch?v=w0d_bPb3tz4&lc=UgzKt2YdZKDWtdAA9i94AaABAg,Vijay Trisha,en,Vijay please marry Trisha ❤
youtube,comment,UgzcZpzdVKW0l83zPMB4AaABAg,36UIMG2yRDU,2026-09-15 01:32:01+00:00,2026-09-22T04:19:43Z,a2a61832158b,# trisha vijay's sister,0,0,0,https://youtube.com/watch?v=36UIMG2yRDU&lc=UgzcZpzdVKW0l83zPMB4AaABAg,Vijay Trisha,en,# trisha vijay's sister
youtube,comment,Ugx6bVJUTYBCIIprSQN4AaABAg,yfBQOmQJTvc,2026-09-15 01:37:13+00:00,2026-09-22T04:34:55Z,40fa99fc796e,"Trisha is spoling vijays fame
TVK will be over very soon 
Endcard for tvk
Vijay is enjoying being with Trisha",52,5,0,https://youtube.com/watch?v=yfBQOmQJTvc&lc=Ugx6bVJUTYBCIIprSQN4AaABAg,விஜய் திரிஷா,en,"Trisha is spoling vijays fame
TVK will be over very soon 
Endcard for tvk
Vijay is enjoying being with Trisha"
youtube,comment,UgzPld-OfJQ_zFRxr114AaABAg,i1BqRYMFS08,2026-09-15 02:03:25+00:00,2026-09-22T13:54:25Z,34069b85f66d,Anyone september 2026😅,0,0,0,https://youtube.com/watch?v=i1BqRYMFS08&lc=UgzPld-OfJQ_zFRxr114AaABAg,Vijay Trisha,en,Anyone september 2026😅
youtube,comment,Ugzfxjs8G2n7ylx_onR4AaABAg,yDTSQAzA2SQ,2026-09-15 02:11:07+00:00,2026-09-22T04:34:41Z,2c8cc11eda65,திரிஷா கார் ல இல்ல,0,0,0,https://youtube.com/watch?v=yDTSQAzA2SQ&lc=Ugzfxjs8G2n7ylx_onR4AaABAg,விஜய் திரிஷா,ta,Trisha is not in the car
youtube,comment,UgzIAkAqXD0AiOI64Bh4AaABAg,yDTSQAzA2SQ,2026-09-15 02:24:19+00:00,2026-09-22T04:34:41Z,242cb68643e6,ஐயோ மீடியா பக்கம் வரவே முடியலப்பா புள்ளைங்க பூராம் கெட்டு போறாங்க...,1,0,0,https://youtube.com/watch?v=yDTSQAzA2SQ&lc=UgzIAkAqXD0AiOI64Bh4AaABAg,விஜய் திரிஷா,ta,"Alas, I can't even come to the media page, Puram is going bad..."
youtube,comment,UgxKVqCQntBW2vuat3l4AaABAg,CRNza2iMSJE,2026-09-15 02:27:50+00:00,2026-09-22T03:58:45Z,717f31045c31,திரிஷா விஜய்யின் காலை சுத்துன பாம்பு. CM vijay கவனமாக இருக்க வேண்டும்,0,0,0,https://youtube.com/watch?v=CRNza2iMSJE&lc=UgxKVqCQntBW2vuat3l4AaABAg,Vijay Trisha,mixed,Trisha Vijay's morning snake.CM Vijay should be careful
youtube,comment,UgwRVCy5meP1yMAwjzF4AaABAg,CRNza2iMSJE,2026-09-15 02:32:00+00:00,2026-09-22T03:58:45Z,e1431d94c697,Bailvan Vijay ku romba mutu kudukatha....,1,0,0,https://youtube.com/watch?v=CRNza2iMSJE&lc=UgwRVCy5meP1yMAwjzF4AaABAg,Vijay Trisha,en,Bailvan Vijay ku romba mutu kudukatha....
youtube,comment,UgwNtfEQCtCesPN22214AaABAg,yfBQOmQJTvc,2026-09-15 02:35:53+00:00,2026-09-22T04:34:55Z,43c61e1f7234,No Vijay was sitting in front in  another car what,4,0,0,https://youtube.com/watch?v=yfBQOmQJTvc&lc=UgwNtfEQCtCesPN22214AaABAg,விஜய் திரிஷா,en,No Vijay was sitting in front in  another car what
youtube,comment,UgyQT2MCax-5ND0HEYV4AaABAg,yfBQOmQJTvc,2026-09-15 02:41:58+00:00,2026-09-22T04:34:55Z,3d6d6cc6fe51,"Ellorukum pidikadha oru visayathai thamilaga mudhalvar seigirar., valarntha pillaigal oru N Mudhalvar idhu pol seivadhu niyayama theriyudha.,🤦🤦",0,0,0,https://youtube.com/watch?v=yfBQOmQJTvc&lc=UgyQT2MCax-5ND0HEYV4AaABAg,விஜய் திரிஷா,en,"Ellorukum pidikadha oru visayathai thamilaga mudhalvar seigirar., valarntha pillaigal oru N Mudhalvar idhu pol seivadhu niyayama theriyudha.,🤦🤦"
youtube,comment,UgxlBal9NNRAuaq6NL94AaABAg,yfBQOmQJTvc,2026-09-15 02:45:43+00:00,2026-09-22T04:34:55Z,5a926a628bc1,Vetakamaa illaya vijay indha kelavikku un pondatti evlovo nallavanga,21,1,0,https://youtube.com/watch?v=yfBQOmQJTvc&lc=UgxlBal9NNRAuaq6NL94AaABAg,விஜய் திரிஷா,en,Vetakamaa illaya vijay indha kelavikku un pondatti evlovo nallavanga
youtube,comment,UgzlGMugo84P8wxbDzR4AaABAg,yDTSQAzA2SQ,2026-09-15 03:03:32+00:00,2026-09-22T04:34:41Z,1b84046704ce,சினிமா மட்டும் அல்ல அரசியல் மட்டும் அல்ல அவர் வாழ்க்கையிலும் துணை இருக்க வேண்டும். இது தான் அவர் ரசிகர்கள் விருப்பங்கள் கூட❤❤❤❤❤,0,0,0,https://youtube.com/watch?v=yDTSQAzA2SQ&lc=UgzlGMugo84P8wxbDzR4AaABAg,விஜய் திரிஷா,ta,He should be a supporter in life not only in politics but also in cinema.This is what his fans like ❤❤❤❤❤ too
youtube,comment,UgxcrngrqbVOpLmihW54AaABAg,yDTSQAzA2SQ,2026-09-15 03:09:59+00:00,2026-09-22T04:34:41Z,e76b3ae1a179,"(Ambedkar and Abdul kalaam are real super heros)
இந்த கூட்டுக்களவாணி chemistry ஐ முன்னாடியே மக்களுக்கு காட்டு...காட்டு...காட்டு.. ன்னு காட்டியிருந்தால்..., பல இளைஞர்கள் உயிர் fans சண்டையில் போயிருக்காது...

This is a concept of fans maafia, fans addiction kind of life style, all youngsters and children please do concentrate on your studies and bring back the book reading habit.
எல்லா celebrities and cine stars எல்லாரும், படித்த நீட் அனிதா போன்ற aspirants கால் தூசிக்கு கூட சமம் ஆக மாட்டார்கள், film fare award bulid up functions, bhind wood, forward wood, visai uuvaaaqTV award functions, etc etc all are lime light maafia addictions.... Pls don't fall prey to small screen or big screen award functions. All are virtual maafia to spoil our Indians knowledge by westernizers.... Concentrate on studies and develop the basic needs for our future children in agriculture field, medicine field, engineering and scientific fields...., come out from th screen culture and go back to book reading culture please. 
Don't encourage small kids in dance, gymnastic dance and singing..., total waste only greed and  pride increases. . A human needs food and water to survive, so pls do go back to professional studies. Throw this cinema, web series, screen addiction to garbage. 
Your health is your real hero... 
Your parents and grand parents are the real heros... ..",0,0,0,https://youtube.com/watch?v=yDTSQAzA2SQ&lc=UgxcrngrqbVOpLmihW54AaABAg,விஜய் திரிஷா,mixed,"(Ambedkar and Abdul Kalam are real super heroes)
If this collective chemistry was shown to the people earlier... show... show..., many young people would not have gone to fight for their lives...

This is a concept of fans mafia, fans addiction kind of life style, all youngsters and children please do concentrate on your studies and bring back the book reading habit.
All celebrities and cine stars, educated aspirants like Neet Anita will not even be equal to foot dust, film fare award bulid up functions, bhind wood, forward wood, visai uuvaaaqTV award functions, etc etc all are lime light maafia addictions.... Pls don't fall prey to small screen or big screen award functions.All are virtual maafia to spoil our Indians knowledge by westernizers.... Concentrate on studies and develop the basic needs for our future children in agriculture field, medicine field, engineering and scientific fields...., come out from th screen culture and go back to book reading culture please.
Don't encourage small kids in dance, gymnastic dance and singing..., total waste only greed and pride increases..A human needs food and water to survive, so pls do go back to professional studies.Throw this cinema, web series, screen addiction to garbage.
Your health is your real hero...
Your parents and grand parents are the real heroes... .."
youtube,comment,Ugw8mfrYtk_YigduE0V4AaABAg,yDTSQAzA2SQ,2026-09-15 03:17:43+00:00,2026-09-22T04:34:41Z,96a6241a6359,Hello avanga friends a irukkalaam yean ipdi pesuringa avar maranju ethuvumea pannala yellarukkum theriyura maathiri thaan panraaru Ajith friend naa santhosam paduringa trisha naa en ipdi ninaikiringa Thalapathy is always good hearted person ipdi pesaathiga,0,0,0,https://youtube.com/watch?v=yDTSQAzA2SQ&lc=Ugw8mfrYtk_YigduE0V4AaABAg,விஜய் திரிஷா,en,Hello avanga friends a irukkalaam yean ipdi pesuringa avar maranju ethuvumea pannala yellarukkum theriyura maathiri thaan panraaru Ajith friend naa santhosam paduringa trisha naa en ipdi ninaikiringa Thalapathy is always good hearted person ipdi pesaathiga
youtube,comment,UgyExi9nyf86scoS82V4AaABAg,w0d_bPb3tz4,2026-09-15 03:29:34+00:00,2026-09-22T13:54:31Z,9c51524a3f62,How She is looking Vijay,0,0,0,https://youtube.com/watch?v=w0d_bPb3tz4&lc=UgyExi9nyf86scoS82V4AaABAg,Vijay Trisha,en,How She is looking Vijay
youtube,comment,Ugyg5LVFfJPWZWkJTm54AaABAg,yfBQOmQJTvc,2026-09-15 03:38:08+00:00,2026-09-22T04:34:55Z,ae7b0332114b,Nowupeople of India u all HV chosen a criminal n a bad influence as Ur Cm.,0,0,0,https://youtube.com/watch?v=yfBQOmQJTvc&lc=Ugyg5LVFfJPWZWkJTm54AaABAg,விஜய் திரிஷா,en,Nowupeople of India u all HV chosen a criminal n a bad influence as Ur Cm.
youtube,comment,UgxGu4r5dlNPZWz_l8h4AaABAg,yfBQOmQJTvc,2026-09-15 03:39:59+00:00,2026-09-22T04:34:55Z,11e598b391f6,"People are foolish.  Until same problem comes to their life, they dont understand others pain.  Wife country , same country Vijay and Bad lady came together to giving pressure to wife.  What a man and what a cm? you people take photo and go behined him. Just t ignore them, they automatically understand all of us request",10,0,0,https://youtube.com/watch?v=yfBQOmQJTvc&lc=UgxGu4r5dlNPZWz_l8h4AaABAg,விஜய் திரிஷா,en,"People are foolish.  Until same problem comes to their life, they dont understand others pain.  Wife country , same country Vijay and Bad lady came together to giving pressure to wife.  What a man and what a cm? you people take photo and go behined him. Just t ignore them, they automatically understand all of us request"
youtube,comment,UgxHH10VeBwRm80QWcR4AaABAg,tXF0m9aktp4,2026-09-15 03:40:20+00:00,2026-09-22T04:34:47Z,65269995b41d,Vijay should act like a responsible cm. Going around with his mistress every where is not a great example and it doesn’t convey a good message to the society,4,0,0,https://youtube.com/watch?v=tXF0m9aktp4&lc=UgxHH10VeBwRm80QWcR4AaABAg,விஜய் திரிஷா,en,Vijay should act like a responsible cm. Going around with his mistress every where is not a great example and it doesn’t convey a good message to the society
youtube,comment,Ugzj_UKw3kmQXLDPMil4AaABAg,yfBQOmQJTvc,2026-09-15 03:42:14+00:00,2026-09-22T04:34:55Z,11e598b391f6,"If there is sever panishment can give it to Vijay.
I respected him alots once he became CM, after his all actions  these days... hating. 
Tamil people never ever think about it. 
Compare to this tolerate DMK tolerate is better than this",0,0,0,https://youtube.com/watch?v=yfBQOmQJTvc&lc=Ugzj_UKw3kmQXLDPMil4AaABAg,விஜய் திரிஷா,en,"If there is sever panishment can give it to Vijay.
I respected him alots once he became CM, after his all actions  these days... hating. 
Tamil people never ever think about it. 
Compare to this tolerate DMK tolerate is better than this"
youtube,comment,UgzL8leBr-tSIvAAJ1R4AaABAg,yDTSQAzA2SQ,2026-09-15 03:59:09+00:00,2026-09-22T04:34:41Z,8027c677b180,Anne ple intha ponnu venda anni mattum pothum ple,0,0,0,https://youtube.com/watch?v=yDTSQAzA2SQ&lc=UgzL8leBr-tSIvAAJ1R4AaABAg,விஜய் திரிஷா,en,Anne ple intha ponnu venda anni mattum pothum ple
youtube,comment,UgzBwQ2JJdRy3SWzmOV4AaABAg,36UIMG2yRDU,2026-09-15 04:00:06+00:00,2026-09-22T04:19:43Z,e29438103221,His wife was already seperated then he has the right but he sgould giv money to his wife,1,0,0,https://youtube.com/watch?v=36UIMG2yRDU&lc=UgzBwQ2JJdRy3SWzmOV4AaABAg,Vijay Trisha,en,His wife was already seperated then he has the right but he sgould giv money to his wife
youtube,comment,UgxGMxY_iYoTzV8_5gB4AaABAg,CRNza2iMSJE,2026-09-15 04:02:53+00:00,2026-09-22T03:58:45Z,d5d113a1ce2b,Bailvan mudhalae sonnaru apo ellarum ivara thitnanga ana ipo ithu than unmai,2,0,0,https://youtube.com/watch?v=CRNza2iMSJE&lc=UgxGMxY_iYoTzV8_5gB4AaABAg,Vijay Trisha,en,Bailvan mudhalae sonnaru apo ellarum ivara thitnanga ana ipo ithu than unmai
youtube,comment,Ugws35AYu5WpCGkQxj54AaABAg,CRNza2iMSJE,2026-09-15 04:07:35+00:00,2026-09-22T03:58:45Z,3c53c068aa80,த்ரிஷா  movie show kku poirugaga.திரிஷா  vijay kku suniyakari than,0,0,0,https://youtube.com/watch?v=CRNza2iMSJE&lc=Ugws35AYu5WpCGkQxj54AaABAg,Vijay Trisha,mixed,Vijay Kku Suniyakari Than
youtube,comment,Ugwrg5Lqj4_2dNnQ5lN4AaABAg,i1BqRYMFS08,2026-09-15 04:11:40+00:00,2026-09-22T13:54:25Z,6142142a02bf,Hamrake kuchh samajh me na ail ham Bhojpuriya marad hai bhojpuri hit Jay Bihar Jay bhojpuri,0,0,0,https://youtube.com/watch?v=i1BqRYMFS08&lc=Ugwrg5Lqj4_2dNnQ5lN4AaABAg,Vijay Trisha,en,Hamrake kuchh samajh me na ail ham Bhojpuriya marad hai bhojpuri hit Jay Bihar Jay bhojpuri
youtube,comment,UgyyyROYwbN0HKYRCJN4AaABAg,CRNza2iMSJE,2026-09-15 04:15:54+00:00,2026-09-22T03:58:45Z,6f09bbdda9e8,ஏண்டா என்ன ஆதாரம் அதை முதலில் காட்டு சும்மா கதை விடாத.,1,0,0,https://youtube.com/watch?v=CRNza2iMSJE&lc=UgyyyROYwbN0HKYRCJN4AaABAg,Vijay Trisha,ta,"Whatever the evidence, show it first, don't just talk about it."
youtube,comment,UgzksnatuScoS_-QqR54AaABAg,yfBQOmQJTvc,2026-09-15 04:34:43+00:00,2026-09-22T04:34:55Z,4c54ebf9e5bb,Oho then why drama thania pora mari from India inyme senthe inga irunthu poga from next election will not vote for tvk..Sangeetha divorce withdraw pana apramum en ipdy chi,2,0,0,https://youtube.com/watch?v=yfBQOmQJTvc&lc=UgzksnatuScoS_-QqR54AaABAg,விஜய் திரிஷா,en,Oho then why drama thania pora mari from India inyme senthe inga irunthu poga from next election will not vote for tvk..Sangeetha divorce withdraw pana apramum en ipdy chi
youtube,comment,Ugy0chdJyHTb7I_3YbZ4AaABAg,yfBQOmQJTvc,2026-09-15 04:35:33+00:00,2026-09-22T04:34:55Z,4c54ebf9e5bb,Dmk sona mari atchi kalaya asa padre ...suthama na al nu vesa podravana vida oolal panra dmk evlo mel,3,0,0,https://youtube.com/watch?v=yfBQOmQJTvc&lc=Ugy0chdJyHTb7I_3YbZ4AaABAg,விஜய் திரிஷா,en,Dmk sona mari atchi kalaya asa padre ...suthama na al nu vesa podravana vida oolal panra dmk evlo mel
youtube,comment,UgwdLjVePnFkIN_2uh14AaABAg,yDTSQAzA2SQ,2026-09-15 04:37:56+00:00,2026-09-22T04:34:41Z,0e57eb44717e,Vijay arrest aganum,0,0,0,https://youtube.com/watch?v=yDTSQAzA2SQ&lc=UgwdLjVePnFkIN_2uh14AaABAg,விஜய் திரிஷா,en,Vijay arrest aganum
youtube,comment,UgxTGCC-g4yKPqPwfup4AaABAg,i1BqRYMFS08,2026-09-15 04:41:03+00:00,2026-09-22T13:54:25Z,42431219b6ff,3:33 3:35 3:36 3:37 3:37 3:37,0,0,0,https://youtube.com/watch?v=i1BqRYMFS08&lc=UgxTGCC-g4yKPqPwfup4AaABAg,Vijay Trisha,en,3:33 3:35 3:36 3:37 3:37 3:37
youtube,comment,Ugz9q2prFzZy2GIy0AR4AaABAg,CRNza2iMSJE,2026-09-15 04:47:40+00:00,2026-09-22T03:58:45Z,d88391a0f982,Super ah information koduthinga Bro 👌,1,0,0,https://youtube.com/watch?v=CRNza2iMSJE&lc=Ugz9q2prFzZy2GIy0AR4AaABAg,Vijay Trisha,en,Super ah information koduthinga Bro 👌
youtube,comment,UgwWG3CK10n7zWwpk8t4AaABAg,i1BqRYMFS08,2026-09-15 04:49:30+00:00,2026-09-22T13:54:25Z,0bdf93883c14,This channel is well made I did not expect it to be this good.,0,0,0,https://youtube.com/watch?v=i1BqRYMFS08&lc=UgwWG3CK10n7zWwpk8t4AaABAg,Vijay Trisha,en,This channel is well made I did not expect it to be this good.
youtube,comment,UgxGZ_1b1i8cY9y3q8d4AaABAg,yfBQOmQJTvc,2026-09-15 04:50:42+00:00,2026-09-22T04:34:55Z,efc87a730e24,Car rasai  pokala 3sa vepasaram  saya vejay  dog mathre suthe varum evaluku  ratheka sarath sayrthuvedo,0,0,0,https://youtube.com/watch?v=yfBQOmQJTvc&lc=UgxGZ_1b1i8cY9y3q8d4AaABAg,விஜய் திரிஷா,en,Car rasai  pokala 3sa vepasaram  saya vejay  dog mathre suthe varum evaluku  ratheka sarath sayrthuvedo
youtube,comment,Ugz8hg_LoMOuepUW6md4AaABAg,yDTSQAzA2SQ,2026-09-15 04:54:25+00:00,2026-09-22T04:34:41Z,3f413b2183d9,திரிஷாவாள விஜய் விளங்காம போகப்போரார் அதுதான் உண்மை பொது இடங்களிலாவது நாகரீகமாக நடந்து கொண்டால் நல்லது,0,0,0,https://youtube.com/watch?v=yDTSQAzA2SQ&lc=Ugz8hg_LoMOuepUW6md4AaABAg,விஜய் திரிஷா,ta,"Trishawala Vijay is going to be misunderstood, that's the truth, at least behave civilly in public places."
youtube,comment,Ugxd9YQ9-ZlCNscIhLd4AaABAg,CRNza2iMSJE,2026-09-15 05:12:31+00:00,2026-09-22T03:58:45Z,90e80796a7b8,இந்த பையில் வான் ரங்கசாமி  பெண் புரோக்கர்,0,0,0,https://youtube.com/watch?v=CRNza2iMSJE&lc=Ugxd9YQ9-ZlCNscIhLd4AaABAg,Vijay Trisha,ta,Van Rangasamy is a female broker in this bag
youtube,comment,UgyQWZ6JZAfox2jbM6R4AaABAg,CRNza2iMSJE,2026-09-15 05:15:05+00:00,2026-09-22T03:58:45Z,ab27530524a4,Thanoda pondati pullainga manasa kashtapaduthura endha manushanum nala vazha mudiathu seekram end ku varum,0,0,0,https://youtube.com/watch?v=CRNza2iMSJE&lc=UgyQWZ6JZAfox2jbM6R4AaABAg,Vijay Trisha,en,Thanoda pondati pullainga manasa kashtapaduthura endha manushanum nala vazha mudiathu seekram end ku varum
youtube,comment,UgxH_HpVtS7lPfGluVx4AaABAg,yDTSQAzA2SQ,2026-09-15 05:22:18+00:00,2026-09-22T04:34:41Z,fe169b7c4af7,Comment pandravunga ippa yarum wife ku illa husband ku yaru unmaiya iruka atha first sollunga athu avunga personal namaku thevai illathathu ok va namaku nallathu thaan pandraru,0,0,0,https://youtube.com/watch?v=yDTSQAzA2SQ&lc=UgxH_HpVtS7lPfGluVx4AaABAg,விஜய் திரிஷா,tanglish,Comment pandravunga ippa yarum wife ku illa husband ku yaru unmaiya iruka atha first sollunga athu avunga personal namaku thevai illathathu ok va namaku nallathu thaan pandraru
youtube,comment,Ugw9AHhGkjvzcYeT1px4AaABAg,yDTSQAzA2SQ,2026-09-15 05:27:34+00:00,2026-09-22T04:34:41Z,242dde4895d3,"Worse than dog's life. Is he fit to be a CM?
Only supporters are to be blamed.",0,0,0,https://youtube.com/watch?v=yDTSQAzA2SQ&lc=Ugw9AHhGkjvzcYeT1px4AaABAg,விஜய் திரிஷா,en,"Worse than dog's life. Is he fit to be a CM?
Only supporters are to be blamed."
youtube,comment,UgyxL-975lGLKrMsSoV4AaABAg,yfBQOmQJTvc,2026-09-15 05:29:16+00:00,2026-09-22T04:34:55Z,f0b89d3471b8,ivalikkellam vekkamae illaya ! aduthava purusanoda suthurathu ivaluku perumaya iruka ? thoo,4,0,0,https://youtube.com/watch?v=yfBQOmQJTvc&lc=UgyxL-975lGLKrMsSoV4AaABAg,விஜய் திரிஷா,en,ivalikkellam vekkamae illaya ! aduthava purusanoda suthurathu ivaluku perumaya iruka ? thoo
youtube,comment,UgwKPJWA1hIJAhux5bV4AaABAg,CRNza2iMSJE,2026-09-15 05:38:06+00:00,2026-09-22T03:58:45Z,86967bec761c,அமெரிக்கா அதிபர் வந்தாகூட கூட்டம் குறைவா வருது ஆனா தற்குறி விஜய் வந்தா கூட்டம் அலைமோதுதா நம்ம தமிழ்நாட்டில்தானே தற்குறிகள் அதிகம் அப்போ வரத்தானே செய்யும்,9,0,0,https://youtube.com/watch?v=CRNza2iMSJE&lc=UgwKPJWA1hIJAhux5bV4AaABAg,Vijay Trisha,ta,"Even if the US President comes, the number of people will be less, but if Vijay comes, the crowd will swell, only in our Tamil Nadu, more people will come."
youtube,comment,UgyG_qmrx4lwsO5VZgt4AaABAg,36UIMG2yRDU,2026-09-15 05:42:22+00:00,2026-09-22T04:19:43Z,07b294ade1b3,"Hey NDTV, Vijay and Trisha are not doing anything against the Constitution, nor are they involved in any anti-national activities. They are simply exercising the freedom guaranteed by our Constitution. Maybe they are just friends, if not, why u bothering —so why make such a big issue out of their relationship?
If you can accept Modi and Meloni’s friendship, why are you so irritated by Vijay and Trisha’s relationship? Apply the same standards to everyone.",0,0,0,https://youtube.com/watch?v=36UIMG2yRDU&lc=UgyG_qmrx4lwsO5VZgt4AaABAg,Vijay Trisha,en,"Hey NDTV, Vijay and Trisha are not doing anything against the Constitution, nor are they involved in any anti-national activities. They are simply exercising the freedom guaranteed by our Constitution. Maybe they are just friends, if not, why u bothering —so why make such a big issue out of their relationship?
If you can accept Modi and Meloni’s friendship, why are you so irritated by Vijay and Trisha’s relationship? Apply the same standards to everyone."
youtube,comment,UgyocGqnO7oRsvMWbdd4AaABAg,CRNza2iMSJE,2026-09-15 05:50:44+00:00,2026-09-22T03:58:45Z,e4682f679dde,"Ayyaa கீர்த்தி கனடா போய் இருக்காங்க சினிமா சம்பந்தமா,😡cm மனைவியோட சேரணும்னு ஆசை படுங்க அதை விட்டு தப்பா பேசாதீங்க😡👍🤫",1,0,0,https://youtube.com/watch?v=CRNza2iMSJE&lc=UgyocGqnO7oRsvMWbdd4AaABAg,Vijay Trisha,mixed,"Ayyaa, Keerthy has gone to Canada, is it related to the movie, 😡cm, please don't talk about it 😡👍🤫"
youtube,comment,Ugw9wwmoHOMT1q-91N54AaABAg,yfBQOmQJTvc,2026-09-15 05:51:34+00:00,2026-09-22T04:34:55Z,15635e3f9282,You are done vijay,7,0,0,https://youtube.com/watch?v=yfBQOmQJTvc&lc=Ugw9wwmoHOMT1q-91N54AaABAg,விஜய் திரிஷா,en,You are done vijay
youtube,comment,UgxyeLp72t_HaTrO_mp4AaABAg,CRNza2iMSJE,2026-09-15 05:52:19+00:00,2026-09-22T03:58:45Z,3b3c1b81c2e0,அண்ணன் தங்கச்சியை பார்த்து பேச போயிருக்கார்... அதில் என்ன தப்பு இருக்கு...,8,1,0,https://youtube.com/watch?v=CRNza2iMSJE&lc=UgxyeLp72t_HaTrO_mp4AaABAg,Vijay Trisha,ta,Annan went to see Thangachi and talk to her... what's wrong with that...
youtube,comment,UgyHpnquRsvFJORb1tB4AaABAg,yDTSQAzA2SQ,2026-09-15 05:52:53+00:00,2026-09-22T04:34:41Z,85ca7295a24c,ஐயா நான் மளிகை கடை நடத்துற எல்லாரும் விஜய்க்கு ஓட்டு போடுங்க ஓட்டு போடுங்கன்னு சொன்னேன் கடைக்கு வர கிழவன் எல்லாம் கேள்வி கேட்டு காரித்துப்புறானுங்க கேள்வியா கேட்டு கொல்றாங்க இதுல வேற திரிஷா திர்ஷா என்றாங்க😢😢,27,0,0,https://youtube.com/watch?v=yDTSQAzA2SQ&lc=UgyHpnquRsvFJORb1tB4AaABAg,விஜய் திரிஷா,ta,"Sir, I told everyone who runs a grocery store to vote for Vijay. The old men come to the store and ask questions. They ask questions and kill them. This is another Trisha Tirsha. 😢😢"
youtube,comment,UgwFkBqXNu8rF-KjulJ4AaABAg,yDTSQAzA2SQ,2026-09-15 05:53:29+00:00,2026-09-22T04:34:41Z,e67ea58e2d3e,Chumma vijay pathiye  pesanum nu ipdi oru drama pola.,0,0,0,https://youtube.com/watch?v=yDTSQAzA2SQ&lc=UgwFkBqXNu8rF-KjulJ4AaABAg,விஜய் திரிஷா,en,Chumma vijay pathiye  pesanum nu ipdi oru drama pola.
youtube,comment,UgybD7xO9vZbFOrher54AaABAg,CRNza2iMSJE,2026-09-15 05:55:06+00:00,2026-09-22T03:58:45Z,b3d39136ec9d,thirisha venummunu pannura,1,0,0,https://youtube.com/watch?v=CRNza2iMSJE&lc=UgybD7xO9vZbFOrher54AaABAg,Vijay Trisha,en,thirisha venummunu pannura
youtube,comment,UgyXmEamSKE4knJ8I8x4AaABAg,yDTSQAzA2SQ,2026-09-15 06:11:30+00:00,2026-09-22T04:34:41Z,d8f8e2a67a56,"எல்லா கமெண்ட்ஸ்லயும், உங்கள பத்தி ரொம்ப ரொம்ப தவறாக பேசப்படுகிறது, உங்கள் காரியம் வெட்ட வெளிச்சமாய் இருக்கிறது, தமிழ்நாட்டையோ, உங்களுக்கு ஓட்டு போட்டவர்களையும், கேடுகெட்ட முட்டாள் ஆகிவிட்டீர்கள், உங்கள குறிச்ச கட்சியை குறித்து, டி வி கே காரன் அத்தனை பேரும் கூனி குறுகிப் போய் இருக்கிறான், ஒரு முக்கியமான பொறுப்பில் இருந்து, இப்படி மதிகெட்ட காரியங்களை செய்கிறீர்களே.",2,0,0,https://youtube.com/watch?v=yDTSQAzA2SQ&lc=UgyXmEamSKE4knJ8I8x4AaABAg,விஜய் திரிஷா,ta,"In all the comments, you are being talked about very badly, your work is in the limelight, Tamil Nadu and those who voted for you, you have become a bad fool, all the people of DVK Karan are angry about your party."
youtube,comment,UgzYpCRLTwiX5wSsiLZ4AaABAg,i1BqRYMFS08,2026-09-15 06:15:52+00:00,2026-09-22T13:54:25Z,c6db4ca9777a,❤❤❤❤😊❤😊😊❤😊❤😊,0,0,0,https://youtube.com/watch?v=i1BqRYMFS08&lc=UgzYpCRLTwiX5wSsiLZ4AaABAg,Vijay Trisha,en,❤❤❤❤😊❤😊😊❤😊❤😊
youtube,comment,UgyGovJWm0bjvakAQi54AaABAg,yDTSQAzA2SQ,2026-09-15 06:54:44+00:00,2026-09-22T04:34:41Z,5bb20491c342,"Idhanai perum oru matram vendum yendru vote pottargal?
But you are very very selfish mind aha  irundha yepadi ? Yenna periya family issue va irundhalum ippadiya ? Idhe velaiya sangeetha mam unga kuda irundhu ippadi nadandha neinga summa irupeingal sir plz ask for you?
This a real life sir rendu pasanga wife 25or 26 years marriage life 
Idhu ungalakku just pass away illa",0,0,0,https://youtube.com/watch?v=yDTSQAzA2SQ&lc=UgyGovJWm0bjvakAQi54AaABAg,விஜய் திரிஷா,tanglish,"Idhanai perum oru matram vendum yendru vote pottargal?
But you are very very selfish mind aha irundha yepadi ?Yenna periya family issue va irundhalum ippadiya ?Idhe velaiya sangeetha mam unga kuda irundhu ippadi nadandha neinga summa irupingal sir plz ask for you?
This a real life sir rendu pasanga wife 25 or 26 years married life
Idhu ungalakku just pass away illa"
youtube,comment,Ugzi46JCpFv-6BGlbtV4AaABAg,yDTSQAzA2SQ,2026-09-15 06:58:34+00:00,2026-09-22T04:34:41Z,5bb20491c342,No sir i am also misunderstaning the life but my two sons is my life .ippavum amma tha apadinu irukkanga but 10th or 7th std ye vali na manage it but namma kitta sollama pasanga manasu ippave ranam puriyuthanga sir.extra pitting venda athu maram thavum monkey madhiri plz ingnore of trisha.,0,0,0,https://youtube.com/watch?v=yDTSQAzA2SQ&lc=Ugzi46JCpFv-6BGlbtV4AaABAg,விஜய் திரிஷா,en,No sir i am also misunderstaning the life but my two sons is my life .ippavum amma tha apadinu irukkanga but 10th or 7th std ye vali na manage it but namma kitta sollama pasanga manasu ippave ranam puriyuthanga sir.extra pitting venda athu maram thavum monkey madhiri plz ingnore of trisha.
youtube,comment,Ugy8L8w9xZCpmhcDoG54AaABAg,yDTSQAzA2SQ,2026-09-15 06:59:01+00:00,2026-09-22T04:34:41Z,6325ea3ee328,வெட்கக்கேடு,0,0,0,https://youtube.com/watch?v=yDTSQAzA2SQ&lc=Ugy8L8w9xZCpmhcDoG54AaABAg,விஜய் திரிஷா,ta,Shame on you
youtube,comment,UgwC5PMKfkatU33ZUVd4AaABAg,w0d_bPb3tz4,2026-09-15 07:02:03+00:00,2026-09-22T13:54:31Z,348c16126b70,Both are irritating and triggering. Sangeetha  in her place worst  behaviour,0,0,0,https://youtube.com/watch?v=w0d_bPb3tz4&lc=UgwC5PMKfkatU33ZUVd4AaABAg,Vijay Trisha,en,Both are irritating and triggering. Sangeetha  in her place worst  behaviour
youtube,comment,UgxQva3YEMu1wsHGZQh4AaABAg,yDTSQAzA2SQ,2026-09-15 07:03:04+00:00,2026-09-22T04:34:41Z,bcdd7b9c9134,Ya indha vijay ku thrisha vei avoid panna mudiyadha kandippa mudiyum because avange relationship le irukaange adhanale dhan avoid panna mudile,0,0,0,https://youtube.com/watch?v=yDTSQAzA2SQ&lc=UgxQva3YEMu1wsHGZQh4AaABAg,விஜய் திரிஷா,en,Ya indha vijay ku thrisha vei avoid panna mudiyadha kandippa mudiyum because avange relationship le irukaange adhanale dhan avoid panna mudile
youtube,comment,Ugz1oYvjjGQ0YnRY8v94AaABAg,yDTSQAzA2SQ,2026-09-15 07:05:13+00:00,2026-09-22T04:34:41Z,bcdd7b9c9134,Ethini per vijay ku sonnange Sangeethavei kootitu avange nu avalo solliyum avan kootitu vaaraame vappati koode suthitu irukaan idhuleye therinjikonge tn makkale,0,0,0,https://youtube.com/watch?v=yDTSQAzA2SQ&lc=Ugz1oYvjjGQ0YnRY8v94AaABAg,விஜய் திரிஷா,en,Ethini per vijay ku sonnange Sangeethavei kootitu avange nu avalo solliyum avan kootitu vaaraame vappati koode suthitu irukaan idhuleye therinjikonge tn makkale
youtube,comment,Ugw0dE8anfFgQOt6REd4AaABAg,yDTSQAzA2SQ,2026-09-15 07:05:33+00:00,2026-09-22T04:34:41Z,62c403ee6541,Vijay sir  thrishava thukkipodunga apram DMK than pathukonga sir  familya parunga sir,0,0,0,https://youtube.com/watch?v=yDTSQAzA2SQ&lc=Ugw0dE8anfFgQOt6REd4AaABAg,விஜய் திரிஷா,en,Vijay sir  thrishava thukkipodunga apram DMK than pathukonga sir  familya parunga sir
youtube,comment,UgwjTZtfWszjypM0d754AaABAg,yDTSQAzA2SQ,2026-09-15 07:06:40+00:00,2026-09-22T04:34:41Z,bcdd7b9c9134,Vijay mele oru maryadhai irundhuchi ippo suthama poiruchi andha trisha mudhevi naale,0,0,0,https://youtube.com/watch?v=yDTSQAzA2SQ&lc=UgwjTZtfWszjypM0d754AaABAg,விஜய் திரிஷா,en,Vijay mele oru maryadhai irundhuchi ippo suthama poiruchi andha trisha mudhevi naale
youtube,comment,Ugx1LipF7B4AYsNNywB4AaABAg,yDTSQAzA2SQ,2026-09-15 07:09:13+00:00,2026-09-22T04:34:41Z,09bd2c356a43,"நீங்க போய் உண்மைய தெடுங்க,இந்த படம் போய்",0,1,0,https://youtube.com/watch?v=yDTSQAzA2SQ&lc=Ugx1LipF7B4AYsNNywB4AaABAg,விஜய் திரிஷா,ta,"Go and get real, this movie is gone"
youtube,comment,UgwfGFsxQ-rO-DJftDF4AaABAg,yDTSQAzA2SQ,2026-09-15 07:10:21+00:00,2026-09-22T04:34:41Z,62c403ee6541,Sir unga wife pavum oru penna antha unarvu tamil nattu pengal ellorkum therium sir careful cm sir,0,0,0,https://youtube.com/watch?v=yDTSQAzA2SQ&lc=UgwfGFsxQ-rO-DJftDF4AaABAg,விஜய் திரிஷா,en,Sir unga wife pavum oru penna antha unarvu tamil nattu pengal ellorkum therium sir careful cm sir
youtube,comment,UgwzCJ0OnAADe5mJ7jJ4AaABAg,CRNza2iMSJE,2026-09-15 07:10:40+00:00,2026-09-22T03:58:45Z,bccf7dba0fe8,"In Thillana Mohanambal movie , Sivaji will leave the camp on the pretext of taking soda . Balaiya will also leave saying he is going to take beda. Actually they are going to see the dance program of Padmini- the Mohanambal.",1,0,0,https://youtube.com/watch?v=CRNza2iMSJE&lc=UgwzCJ0OnAADe5mJ7jJ4AaABAg,Vijay Trisha,en,"In Thillana Mohanambal movie , Sivaji will leave the camp on the pretext of taking soda . Balaiya will also leave saying he is going to take beda. Actually they are going to see the dance program of Padmini- the Mohanambal."
youtube,comment,UgyNJDx_bURvkpG1CKV4AaABAg,yDTSQAzA2SQ,2026-09-15 07:17:33+00:00,2026-09-22T04:34:41Z,6f745e09d744,Please ignore and do your work. This is not that much worth,0,0,0,https://youtube.com/watch?v=yDTSQAzA2SQ&lc=UgyNJDx_bURvkpG1CKV4AaABAg,விஜய் திரிஷா,en,Please ignore and do your work. This is not that much worth
youtube,comment,UgzBPb2OzS90ioaoVkp4AaABAg,yDTSQAzA2SQ,2026-09-15 07:22:58+00:00,2026-09-22T04:34:41Z,2fe32541fb2c,விஜய் அண்ணா நீங்க லண்டன் போனது sagetha anne papega nenichi thapo kanaku pottuten,0,0,0,https://youtube.com/watch?v=yDTSQAzA2SQ&lc=UgzBPb2OzS90ioaoVkp4AaABAg,விஜய் திரிஷா,mixed,Vijay Anna you went to London sagetha anne papega nenichi thapo kanaku pottuten
youtube,comment,Ugx8rsy3BOuAuxtd6fB4AaABAg,yfBQOmQJTvc,2026-09-15 07:34:24+00:00,2026-09-22T04:34:55Z,b6d1fc2952c5,Seekiram 2 paarum sethu ponga naigala,0,0,0,https://youtube.com/watch?v=yfBQOmQJTvc&lc=Ugx8rsy3BOuAuxtd6fB4AaABAg,விஜய் திரிஷா,en,Seekiram 2 paarum sethu ponga naigala
youtube,comment,UgxtW8P390pHStVixE94AaABAg,yDTSQAzA2SQ,2026-09-15 07:43:28+00:00,2026-09-22T04:34:41Z,9c51524a3f62,Sameless Trisha,0,0,0,https://youtube.com/watch?v=yDTSQAzA2SQ&lc=UgxtW8P390pHStVixE94AaABAg,விஜய் திரிஷா,en,Sameless Trisha
youtube,comment,Ugz3puBfNHzwSnoRxYx4AaABAg,yDTSQAzA2SQ,2026-09-15 07:48:38+00:00,2026-09-22T04:34:41Z,c98bdb8ed977,No  no no no no no,0,0,0,https://youtube.com/watch?v=yDTSQAzA2SQ&lc=Ugz3puBfNHzwSnoRxYx4AaABAg,விஜய் திரிஷா,en,No  no no no no no
youtube,comment,UgyDZfOl-582q9NCz_Z4AaABAg,yDTSQAzA2SQ,2026-09-15 07:49:04+00:00,2026-09-22T04:34:41Z,32755bc8de08,varungala muthalvaar trisha anni valga.puratchi talavi trisha anni valga,0,0,0,https://youtube.com/watch?v=yDTSQAzA2SQ&lc=UgyDZfOl-582q9NCz_Z4AaABAg,விஜய் திரிஷா,en,varungala muthalvaar trisha anni valga.puratchi talavi trisha anni valga
youtube,comment,UgxhZlEZhf3LQdnh0N94AaABAg,CRNza2iMSJE,2026-09-15 08:00:21+00:00,2026-09-22T03:58:45Z,e5e4fa37d187,"சட்டமன்றத்தில் அப்படி பேசிய முதல்வர்,லண்டனில் இது என்ன கூத்து.மன்னர் எவ்வழி மக்கள் அவ்வழி.சோஷியல் மீடியாவில் 
கருணாநிதி குடும்ப விவகாரம்
எப்படி பேசப்படுகிற து என்பதை விஜய் நினைவில் கொள்ள வேண்டிய முக்கியமான ஒன்று.",3,0,0,https://youtube.com/watch?v=CRNza2iMSJE&lc=UgxhZlEZhf3LQdnh0N94AaABAg,Vijay Trisha,ta,"Speaking in the Assembly, the Chief Minister said, ""What is this noise in London? What is the way of the king? People are going that way. On social media.
Karunanidhi family affair
One important thing for Vijay to remember is how to speak."
youtube,comment,UgzfK-c1OCOQMhH_EM54AaABAg,yfBQOmQJTvc,2026-09-15 08:02:57+00:00,2026-09-22T04:34:55Z,ab3964fcd8fe,Maanaketta viji,0,0,0,https://youtube.com/watch?v=yfBQOmQJTvc&lc=UgzfK-c1OCOQMhH_EM54AaABAg,விஜய் திரிஷா,en,Maanaketta viji
youtube,comment,UgytgIbJWv6C5DSNV414AaABAg,yDTSQAzA2SQ,2026-09-15 08:04:40+00:00,2026-09-22T04:34:41Z,6fcdec209e50,சீக்கிரம் கல்யாணம் பண்ணி தொலைங்கடா,0,0,0,https://youtube.com/watch?v=yDTSQAzA2SQ&lc=UgytgIbJWv6C5DSNV414AaABAg,விஜய் திரிஷா,ta,Don't get married early
youtube,comment,UgxngMqJMwHryeRJ4IZ4AaABAg,w0d_bPb3tz4,2026-09-15 08:07:29+00:00,2026-09-22T13:54:31Z,688c0310eae5,Anbu annan is avoiding Trisha ❤,0,0,0,https://youtube.com/watch?v=w0d_bPb3tz4&lc=UgxngMqJMwHryeRJ4IZ4AaABAg,Vijay Trisha,en,Anbu annan is avoiding Trisha ❤
youtube,comment,Ugy-DFUTcPboyPjDXkN4AaABAg,T7w0Scr1bG8,2026-09-15 08:08:46+00:00,2026-09-22T13:54:33Z,01f927f1c004,Trisha moongi enjoying with someone husband.....,1,0,0,https://youtube.com/watch?v=T7w0Scr1bG8&lc=Ugy-DFUTcPboyPjDXkN4AaABAg,Vijay Trisha,en,Trisha moongi enjoying with someone husband.....
youtube,comment,UgyRujn4DHeRIQuJuel4AaABAg,yfBQOmQJTvc,2026-09-15 08:20:25+00:00,2026-09-22T04:34:55Z,4f37d5c39d65,"Eruchala varuthu entha Trisha ah pathaalea, Trisha edhuku vijay Sir pinadiyea enga ponalum poitu eruka",1,0,0,https://youtube.com/watch?v=yfBQOmQJTvc&lc=UgyRujn4DHeRIQuJuel4AaABAg,விஜய் திரிஷா,tanglish,"Trisha is getting angry, why is Trisha going to follow Vijay sir wherever he goes?"
youtube,comment,Ugwl0O01wgXy4AJ0Sq54AaABAg,sw3fmisrLMk,2026-09-15 08:34:36+00:00,2026-09-22T04:33:39Z,b643985e4dc9,Super good 🎉🎉🎉,0,0,0,https://youtube.com/watch?v=sw3fmisrLMk&lc=Ugwl0O01wgXy4AJ0Sq54AaABAg,Vijay Sangeetha divorce,en,Super good 🎉🎉🎉
youtube,comment,UgyHYo0ZD_-5mFqfjnx4AaABAg,yfBQOmQJTvc,2026-09-15 08:42:12+00:00,2026-09-22T04:34:55Z,488e126aa93b,Where is keerty madam🤔,0,0,0,https://youtube.com/watch?v=yfBQOmQJTvc&lc=UgyHYo0ZD_-5mFqfjnx4AaABAg,விஜய் திரிஷா,en,Where is keerty madam🤔
youtube,comment,Ugy7wNBB5IYXOqyngVl4AaABAg,zH0Q8imJk0c,2026-09-15 08:45:22+00:00,2026-09-22T04:33:26Z,01f927f1c004,"Spoiler kilavi , Spoiled  some Telugu guys life, everyone throw away, now no way alayura, spoiling Tamil politics...😊",0,0,0,https://youtube.com/watch?v=zH0Q8imJk0c&lc=Ugy7wNBB5IYXOqyngVl4AaABAg,Thalapathy Vijay Trisha,en,"Spoiler kilavi , Spoiled  some Telugu guys life, everyone throw away, now no way alayura, spoiling Tamil politics...😊"
youtube,comment,UgxHnvH1Gp3CMrSMEBR4AaABAg,CRNza2iMSJE,2026-09-15 08:54:39+00:00,2026-09-22T03:58:45Z,c350403bcd16,அளவுக்கு அதிகமா புழுகாதீங்க,1,0,0,https://youtube.com/watch?v=CRNza2iMSJE&lc=UgxHnvH1Gp3CMrSMEBR4AaABAg,Vijay Trisha,ta,Don't overdo it
youtube,comment,UgxCYZZzYf6Z1ZHIvQx4AaABAg,yDTSQAzA2SQ,2026-09-15 08:59:58+00:00,2026-09-22T04:34:41Z,613a687c19a7,Veru vazhi illai DMK reppeating,0,0,0,https://youtube.com/watch?v=yDTSQAzA2SQ&lc=UgxCYZZzYf6Z1ZHIvQx4AaABAg,விஜய் திரிஷா,en,Veru vazhi illai DMK reppeating
youtube,comment,Ugz6_ynTJlKvIGIdIut4AaABAg,w0d_bPb3tz4,2026-09-15 09:06:47+00:00,2026-09-22T13:54:31Z,b4ed04c02063,தமிழகத்தின் தலைவன் கேவலத்திலும் கேவலம்,0,0,0,https://youtube.com/watch?v=w0d_bPb3tz4&lc=Ugz6_ynTJlKvIGIdIut4AaABAg,Vijay Trisha,ta,The leader of Tamil Nadu is also despicable
youtube,comment,UgwjLev3YJLuYYazczl4AaABAg,w0d_bPb3tz4,2026-09-15 09:22:08+00:00,2026-09-22T13:54:31Z,888fb9a29b50,Vijay is rejoicing while talking with Trisha.Pour his wife family?,0,0,0,https://youtube.com/watch?v=w0d_bPb3tz4&lc=UgwjLev3YJLuYYazczl4AaABAg,Vijay Trisha,en,Vijay is rejoicing while talking with Trisha.Pour his wife family?
youtube,comment,UgwQuTtZbzgWHotcN6t4AaABAg,yDTSQAzA2SQ,2026-09-15 09:23:57+00:00,2026-09-22T04:34:41Z,4dedcee33a26,"No this is not true... He was with Ajith sir till night, they went for a
 drive, held the National flag together, Vijay sir was wearing a track suit... By the time all this was happening, it was already dark outside.. How could they have let together...??
I feel it is an edited picture... Nothing is true. They just want to spoil his name and fame.",0,0,0,https://youtube.com/watch?v=yDTSQAzA2SQ&lc=UgwQuTtZbzgWHotcN6t4AaABAg,விஜய் திரிஷா,en,"No this is not true... He was with Ajith sir till night, they went for a
 drive, held the National flag together, Vijay sir was wearing a track suit... By the time all this was happening, it was already dark outside.. How could they have let together...??
I feel it is an edited picture... Nothing is true. They just want to spoil his name and fame."
youtube,comment,UgwjxOP3FTH--iu-6TB4AaABAg,36UIMG2yRDU,2026-09-15 10:06:38+00:00,2026-09-22T04:19:43Z,c7d6bbb6f946,"When same thing repeated, people eventually accept it 😅.. well done.. Vijay - Trisha.",0,0,0,https://youtube.com/watch?v=36UIMG2yRDU&lc=UgwjxOP3FTH--iu-6TB4AaABAg,Vijay Trisha,en,"When same thing repeated, people eventually accept it 😅.. well done.. Vijay - Trisha."
youtube,comment,Ugz2qQUGpcLT16teC594AaABAg,yDTSQAzA2SQ,2026-09-15 10:11:42+00:00,2026-09-22T04:34:41Z,9fc180016b97,Vote kekkum nalla cinema dialogue la pesuninga. Oruthanum vaaraane thiruthida poranaenu. Ippo nadakkardha paaththa neengadha thirundhanum first,0,0,0,https://youtube.com/watch?v=yDTSQAzA2SQ&lc=Ugz2qQUGpcLT16teC594AaABAg,விஜய் திரிஷா,en,Vote kekkum nalla cinema dialogue la pesuninga. Oruthanum vaaraane thiruthida poranaenu. Ippo nadakkardha paaththa neengadha thirundhanum first
youtube,comment,Ugx1q3kiD9dTcAGrnFd4AaABAg,tXF0m9aktp4,2026-09-15 10:15:00+00:00,2026-09-22T04:34:47Z,2aa60297a5c0,விஜய் இந்த விஷயத்தில் நன்றாக மாட்டிக் கொண்டார் நான் உள்ள தானே உன்னை இருக்க சொன்னேன் நீ ஏன் வெளியே வந்த இடது கையை மூடிக் கொண்டு விஜய் செய்வது மிகத்தெளிவாக அனைவருக்கும் தெரிந்து விட்டது விஜய் உடைய மானம் கப்பலில் ஏறிவிட்டது😂,6,0,0,https://youtube.com/watch?v=tXF0m9aktp4&lc=Ugx1q3kiD9dTcAGrnFd4AaABAg,விஜய் திரிஷா,ta,"Vijay is well caught in this matter, I asked you to stay, why did you come out with your left hand covered, it is very clear to everyone that Vijay's dignity has gone on board."
youtube,comment,Ugw-HQREDnfqV20drmt4AaABAg,yDTSQAzA2SQ,2026-09-15 10:31:28+00:00,2026-09-22T04:34:41Z,af5a91673ff8,அந்த காரில் அவர் மட்டும் தான் எனக்கு தெரிகிறார் உண்மை என்றால் ஓட்டு போட்டதற்கு மிகவும் வருந்துகிறேன் 😢😢😢😢😢,0,0,0,https://youtube.com/watch?v=yDTSQAzA2SQ&lc=Ugw-HQREDnfqV20drmt4AaABAg,விஜய் திரிஷா,ta,"He is the only one I see in that car, if it's true I'm really sorry for driving 😢😢😢😢😢"
youtube,comment,Ugy7ESUmFjIWoJjGyZd4AaABAg,yfBQOmQJTvc,2026-09-15 10:38:22+00:00,2026-09-22T04:34:55Z,65e50fb66715,விஜய் ய பிடிக்காம போகுது,32,0,0,https://youtube.com/watch?v=yfBQOmQJTvc&lc=Ugy7ESUmFjIWoJjGyZd4AaABAg,விஜய் திரிஷா,ta,Vijay will not like it
youtube,comment,UgxQ6j86V1XH-Hyw7Dl4AaABAg,yfBQOmQJTvc,2026-09-15 10:39:01+00:00,2026-09-22T04:34:55Z,65e50fb66715,Fans போகவே கூடாது இதுக்குத்தான் சிம் ஆனாரா,1,0,0,https://youtube.com/watch?v=yfBQOmQJTvc&lc=UgxQ6j86V1XH-Hyw7Dl4AaABAg,விஜய் திரிஷா,mixed,Fans should never go
youtube,comment,UgxYhfXpEkbDjJ2FDKB4AaABAg,36UIMG2yRDU,2026-09-15 10:42:52+00:00,2026-09-22T04:19:43Z,e9e6767ed5ea,Illegitimate affair,0,0,0,https://youtube.com/watch?v=36UIMG2yRDU&lc=UgxYhfXpEkbDjJ2FDKB4AaABAg,Vijay Trisha,en,Illegitimate affair
youtube,comment,UgxbsI3VoF-ApjES8O94AaABAg,i1BqRYMFS08,2026-09-15 10:59:38+00:00,2026-09-22T13:54:25Z,8016be4cca99,❤❤❤❤❤❤❤❤❤❤❤❤❤❤❤❤❤❤❤❤❤❤❤❤❤❤❤❤❤❤❤❤❤❤❤❤❤❤❤❤❤❤,0,0,0,https://youtube.com/watch?v=i1BqRYMFS08&lc=UgxbsI3VoF-ApjES8O94AaABAg,Vijay Trisha,en,❤❤❤❤❤❤❤❤❤❤❤❤❤❤❤❤❤❤❤❤❤❤❤❤❤❤❤❤❤❤❤❤❤❤❤❤❤❤❤❤❤❤
youtube,comment,UgzqQqaTX0RO5CRNvYF4AaABAg,36UIMG2yRDU,2026-09-15 11:04:30+00:00,2026-09-22T04:19:43Z,0d97842c2177,This guy 😂😂😂😂😂😂😂 trying to evade her in public,0,0,0,https://youtube.com/watch?v=36UIMG2yRDU&lc=UgzqQqaTX0RO5CRNvYF4AaABAg,Vijay Trisha,en,This guy 😂😂😂😂😂😂😂 trying to evade her in public
youtube,comment,UgzTfuBUhkD6L5RIVVN4AaABAg,yfBQOmQJTvc,2026-09-15 11:05:15+00:00,2026-09-22T04:34:55Z,0661ed2bc42e,"When Vijay came , people forgot the real gem of Tamil Nadu - Annamalai",27,1,0,https://youtube.com/watch?v=yfBQOmQJTvc&lc=UgzTfuBUhkD6L5RIVVN4AaABAg,விஜய் திரிஷா,en,"When Vijay came , people forgot the real gem of Tamil Nadu - Annamalai"
youtube,comment,Ugz4Xbwa_q6gBZv_NKB4AaABAg,CRNza2iMSJE,2026-09-15 11:21:43+00:00,2026-09-22T03:58:45Z,44434f36d326,விஐயைக்குகெட்டகாளம்வந்துட்டுதுநடுரோட்டுக்குவருவார்கடசியில்பிள்ளைகள்தான்சேர்க்கவேனும்,1,0,0,https://youtube.com/watch?v=CRNza2iMSJE&lc=Ugz4Xbwa_q6gBZv_NKB4AaABAg,Vijay Trisha,ta,Only the children who come to the middle of the road in bad times will join the VI.
youtube,comment,UgwChYxJSHOcVv30S1N4AaABAg,yDTSQAzA2SQ,2026-09-15 11:27:03+00:00,2026-09-22T04:34:41Z,a6da9cc88aaa,"First, learn politics from the brave lady Kangana Ranaut. When a lady can handle politics in the right way, why can't you? Are you really not ashamed of being a chief minister? You are setting a bad example for youngsters. If you want Trisha, then divorce Sangeetha. Why do you want to trouble and ruin your wife's and your children's lives? Coming everywhere with this illegal Trisha is not the way to come into politics. Have some ethics. Have some respect and love for your family. Trisha can get some other guy for her sex life. Leave Trisha and learn politics.",0,0,0,https://youtube.com/watch?v=yDTSQAzA2SQ&lc=UgwChYxJSHOcVv30S1N4AaABAg,விஜய் திரிஷா,en,"First, learn politics from the brave lady Kangana Ranaut. When a lady can handle politics in the right way, why can't you? Are you really not ashamed of being a chief minister? You are setting a bad example for youngsters. If you want Trisha, then divorce Sangeetha. Why do you want to trouble and ruin your wife's and your children's lives? Coming everywhere with this illegal Trisha is not the way to come into politics. Have some ethics. Have some respect and love for your family. Trisha can get some other guy for her sex life. Leave Trisha and learn politics."
youtube,comment,Ugx7Hl6RHuyVeG-0HFF4AaABAg,yDTSQAzA2SQ,2026-09-15 11:27:19+00:00,2026-09-22T04:34:41Z,bc42d5b62cb1,Idhunga thirundhadhunga polayey😂😂😂,1,0,0,https://youtube.com/watch?v=yDTSQAzA2SQ&lc=Ugx7Hl6RHuyVeG-0HFF4AaABAg,விஜய் திரிஷா,en,Idhunga thirundhadhunga polayey😂😂😂
youtube,comment,Ugy-W3kMq0zdt_KYMrp4AaABAg,i1BqRYMFS08,2026-09-15 11:31:02+00:00,2026-09-22T13:54:25Z,c74c3cf40814,1:31  this  music  that step is best,0,0,0,https://youtube.com/watch?v=i1BqRYMFS08&lc=Ugy-W3kMq0zdt_KYMrp4AaABAg,Vijay Trisha,en,1:31  this  music  that step is best
youtube,comment,Ugzq6kX0ieBz6p1Pe3x4AaABAg,yfBQOmQJTvc,2026-09-15 12:02:13+00:00,2026-09-22T04:34:55Z,d49e085d80f0,Ppl should not believe everything that's posted with AI everything looks real this must be the work of the ppl who want ppl to loose confidence,0,0,0,https://youtube.com/watch?v=yfBQOmQJTvc&lc=Ugzq6kX0ieBz6p1Pe3x4AaABAg,விஜய் திரிஷா,en,Ppl should not believe everything that's posted with AI everything looks real this must be the work of the ppl who want ppl to loose confidence
youtube,comment,Ugz694NxXwbWGA4blnF4AaABAg,36UIMG2yRDU,2026-09-15 12:09:37+00:00,2026-09-22T04:19:43Z,3f3955fbf962,Honey moon @ TN People Tax.. never accepted this,1,0,0,https://youtube.com/watch?v=36UIMG2yRDU&lc=Ugz694NxXwbWGA4blnF4AaABAg,Vijay Trisha,en,Honey moon @ TN People Tax.. never accepted this
youtube,comment,UgykB_4E8txtqf_EEOJ4AaABAg,yfBQOmQJTvc,2026-09-15 12:22:41+00:00,2026-09-22T04:34:55Z,89b58b539282,பேசாம சங்கீதா மேடம் உங்களுக்கு இவர் வேண்டாம்❤❤❤இவர் திருத்த மாட்டார்❤❤❤ஐந்து வருடம் முடிந்ததும்‌ நாங்க வேற தலைவரை தேர்ந்தெடுத்து கொள்கிறோம் எப்படியும் நாசமா போகட்டும்❤❤இவர திருத்த‌ முடியாது என்று‌‌ நினைத்து தான் சங்கீதா மேடம் தமிழகம் வரலை❤❤❤இவர் வேண்டாம் உங்களுக்கு❤❤❤,5,0,0,https://youtube.com/watch?v=yfBQOmQJTvc&lc=UgykB_4E8txtqf_EEOJ4AaABAg,விஜய் திரிஷா,ta,"Don't speak, Sangeeta madam, you don't want him ❤❤❤ He won't fix it ❤❤❤ After five years, we will choose another leader, let it go to waste anyway ❤❤ Sangeeta madam, don't come to Tamil Nadu thinking that he can't be fixed ❤❤❤ You don't want him ❤❤❤"
youtube,comment,UgzB9nSDlNo5scKrRgd4AaABAg,yfBQOmQJTvc,2026-09-15 12:26:36+00:00,2026-09-22T04:34:55Z,89b58b539282,எப்படியோ போகட்டும்‌ ரசிகர்களே அவருக்கு நம்மளை பற்றி எல்லாம் கவலை இல்லை❤❤இவருக்கு எங்க வீட்டில் எட்டு ஓட்டு போட்டோம்❤❤ஏன் தான் போட்டோம் என்று இருக்கு❤❤சங்கீதா மேடம் நீங்க டைவர்ஸ்க்கு‌ மறுபடியும் அப்ளை பண்ணூங்க❤❤❤,15,0,0,https://youtube.com/watch?v=yfBQOmQJTvc&lc=UgzB9nSDlNo5scKrRgd4AaABAg,விஜய் திரிஷா,ta,"Let him go anyway fans, he doesn't care about us at all❤❤We gave him eight votes in our house❤❤I wonder why we did it❤❤Sangeetha madam please apply again for divers❤❤❤"
youtube,comment,UgzWLX8amOPjt_3YnWt4AaABAg,yfBQOmQJTvc,2026-09-15 12:26:40+00:00,2026-09-22T04:34:55Z,b488dc43ccd3,சங்கீதா divorce பண்ணுங்க,4,1,0,https://youtube.com/watch?v=yfBQOmQJTvc&lc=UgzWLX8amOPjt_3YnWt4AaABAg,விஜய் திரிஷா,mixed,Divorce Sangeeta
youtube,comment,UgwPYZdvohuRmxNpdIZ4AaABAg,yfBQOmQJTvc,2026-09-15 12:30:55+00:00,2026-09-22T04:34:55Z,6d19f8a3dfb4,"நாற்றம் இலங்கைக்கு அடிக்குது
கேவலம்",1,0,0,https://youtube.com/watch?v=yfBQOmQJTvc&lc=UgwPYZdvohuRmxNpdIZ4AaABAg,விஜய் திரிஷா,ta,"The smell hits Sri Lanka
Disgusting"
youtube,comment,UgyU-dsGAtWRqdbm1TJ4AaABAg,yDTSQAzA2SQ,2026-09-15 12:54:23+00:00,2026-09-22T04:34:41Z,99a0d05f94f6,Tamil culture a kedukranka😢😢,0,0,0,https://youtube.com/watch?v=yDTSQAzA2SQ&lc=UgyU-dsGAtWRqdbm1TJ4AaABAg,விஜய் திரிஷா,en,Tamil culture a kedukranka😢😢
youtube,comment,UgzCcLwuxiSgS_iTbKl4AaABAg,CRNza2iMSJE,2026-09-15 12:58:22+00:00,2026-09-22T03:58:45Z,43bc94506761,Entha moodoo ayya...😂😂,1,0,0,https://youtube.com/watch?v=CRNza2iMSJE&lc=UgzCcLwuxiSgS_iTbKl4AaABAg,Vijay Trisha,en,Entha moodoo ayya...😂😂
youtube,comment,UgzV2wdb0fuq6mg0GfN4AaABAg,sw3fmisrLMk,2026-09-15 12:58:28+00:00,2026-09-22T04:33:39Z,5458232eedb9,"இது நிஜமா 
அப்டினா தேங்ஸ்கடவுளே❤❤❤❤",0,0,0,https://youtube.com/watch?v=sw3fmisrLMk&lc=UgzV2wdb0fuq6mg0GfN4AaABAg,Vijay Sangeetha divorce,ta,"Is this real?
Aptina Thank you God❤❤❤❤"
youtube,comment,UgyMv7AajPee4rj3RFp4AaABAg,yDTSQAzA2SQ,2026-09-15 13:04:57+00:00,2026-09-22T04:34:41Z,d578b08f790c,Vijay sir I am ur fan but now from this I will ban u next time va unaku abroad vote lam varathu amma appa ayya thatha votum varathu,0,0,0,https://youtube.com/watch?v=yDTSQAzA2SQ&lc=UgyMv7AajPee4rj3RFp4AaABAg,விஜய் திரிஷா,tanglish,Vijay sir e ama ur ban but now prom this e villa bang u nest time va unku aprodi vottai lam varatu amma papa aya dada odum varatu
youtube,comment,UgzyesSBgb-u5qJAhX14AaABAg,sw3fmisrLMk,2026-09-15 13:31:03+00:00,2026-09-22T04:33:39Z,21ec99115215,Always telling lies.,0,0,0,https://youtube.com/watch?v=sw3fmisrLMk&lc=UgzyesSBgb-u5qJAhX14AaABAg,Vijay Sangeetha divorce,en,Always telling lies.
youtube,comment,Ugy9_hMFZI4rC9_oW-t4AaABAg,CRNza2iMSJE,2026-09-15 13:37:01+00:00,2026-09-22T03:58:45Z,62c89e8746c9,யோவ் நீ பேசுவது உனக்கு நியாயமா படுதா 😡 ஜோக்கர் ஜோசப் ரொம்ப நல்லவன் 😂,1,0,0,https://youtube.com/watch?v=CRNza2iMSJE&lc=Ugy9_hMFZI4rC9_oW-t4AaABAg,Vijay Trisha,ta,Yo what you talking is not fair to you 😡 Joker Joseph is very good 😂
youtube,comment,UgxfgaWczIy0un7tFVB4AaABAg,CRNza2iMSJE,2026-09-15 13:45:39+00:00,2026-09-22T03:58:45Z,56d74a3ff4be,சிம் விஜய் என்று சொல்லைய்யா பெரியவரே,1,0,0,https://youtube.com/watch?v=CRNza2iMSJE&lc=UgxfgaWczIy0un7tFVB4AaABAg,Vijay Trisha,ta,"Do you say Sim Vijay, great man?"
youtube,comment,UgylaGGbZfRByIzUDWV4AaABAg,LtFVk5EKhJM,2026-09-15 13:57:31+00:00,2026-09-22T04:35:07Z,9baee1e08224,Yes ipo tan cm anar atukula enn travel and public money waste,0,0,0,https://youtube.com/watch?v=LtFVk5EKhJM&lc=UgylaGGbZfRByIzUDWV4AaABAg,விஜய் திரிஷா,en,Yes ipo tan cm anar atukula enn travel and public money waste
youtube,comment,UgwpEVsRSKB-TL4RLZp4AaABAg,CRNza2iMSJE,2026-09-15 14:02:18+00:00,2026-09-22T03:58:45Z,9cc671627dff,സൂപ്പർ ❤❤❤❤,1,0,0,https://youtube.com/watch?v=CRNza2iMSJE&lc=UgwpEVsRSKB-TL4RLZp4AaABAg,Vijay Trisha,en,സൂപ്പർ ❤❤❤❤
youtube,comment,Ugz88OCVErRuVKsWLtZ4AaABAg,yfBQOmQJTvc,2026-09-15 14:05:37+00:00,2026-09-22T04:34:55Z,dccfc2c7be83,Intha poruki vijay pinadi poi ovorthiyu alaira,0,0,0,https://youtube.com/watch?v=yfBQOmQJTvc&lc=Ugz88OCVErRuVKsWLtZ4AaABAg,விஜய் திரிஷா,en,Intha poruki vijay pinadi poi ovorthiyu alaira
youtube,comment,UgzF31FL06XZXYMKcTt4AaABAg,w0d_bPb3tz4,2026-09-15 14:05:45+00:00,2026-09-22T13:54:31Z,759aa79eda40,Stipid tumils deserve Anil😂,0,0,0,https://youtube.com/watch?v=w0d_bPb3tz4&lc=UgzF31FL06XZXYMKcTt4AaABAg,Vijay Trisha,en,Stipid tumils deserve Anil😂
youtube,comment,UgyMZ7PGsPQtPvb6xAZ4AaABAg,zH0Q8imJk0c,2026-09-15 14:05:57+00:00,2026-09-22T04:33:26Z,b9f79864ae83,"In my point of view 
As a fan of them its nice to see 
But
After some issue by this 
They must avoid infront of  public",0,0,0,https://youtube.com/watch?v=zH0Q8imJk0c&lc=UgyMZ7PGsPQtPvb6xAZ4AaABAg,Thalapathy Vijay Trisha,en,"In my point of view 
As a fan of them its nice to see 
But
After some issue by this 
They must avoid infront of  public"
youtube,comment,UgyvWmzEw6phMjgjzIN4AaABAg,yDTSQAzA2SQ,2026-09-15 14:07:38+00:00,2026-09-22T04:34:41Z,3127f56cdea5,நம்மை தினமும்  குழந்தைகள் இளைஞர்கள் பார்க்கறாங்கன்ற பொறுப்பு கொஞ்சமாவது வேண்டும்.  முதல்வர் பதவிக்குன்னு ஒரு மரியாதை இருக்கு. அதை கெடுக்காதீங்க.,0,0,0,https://youtube.com/watch?v=yDTSQAzA2SQ&lc=UgyvWmzEw6phMjgjzIN4AaABAg,விஜய் திரிஷா,ta,We need at least a little bit of responsibility that children and young people see us every day.There is an honor in being the chief minister.Don't spoil it.
youtube,comment,UgygZ0gR7MTrkmN584p4AaABAg,yfBQOmQJTvc,2026-09-15 14:09:22+00:00,2026-09-22T04:34:55Z,3127f56cdea5,நம்மை தினமும்  குழந்தைகள் இளைஞர்கள் பார்க்கறாங்கன்ற பொறுப்பு கொஞ்சமாவது வேண்டும்.  முதல்வர் பதவிக்குன்னு ஒரு மரியாதை இருக்கு. அதை கெடுக்காதீங்க..,30,2,0,https://youtube.com/watch?v=yfBQOmQJTvc&lc=UgygZ0gR7MTrkmN584p4AaABAg,விஜய் திரிஷா,ta,We need at least a little bit of responsibility that children and young people see us every day.There is an honor in being the chief minister.Don't spoil it..
youtube,comment,UgyTwBfdfpEk8zeVcsl4AaABAg,yDTSQAzA2SQ,2026-09-15 14:19:30+00:00,2026-09-22T04:34:41Z,5a358be5f49d,தமிழ் நாட்டு மக்கள் உங்களை நம்பி ஓட்டு போட்டு உங்களை முதல்வர் ஆக்கி அழகு பார்த்து கொண்டு இருக்கிறார்கள்!!அவர்கள் ஒருத்தரை வெறுக்க ஆரம்பித்தால் அவ்ளோ தான். எல்லா நேரமும் ஒரே மாதிரி இருக்காது.உங்களை ரொம்ப ரொம்ப நம்புறோம். எங்களால் இது போல சகித்து கொள்ள முடியவில்லை.உங்களுக்கு மிக பெரிய பொறுப்பு இருக்குங்க சார்!!இந்த உண்மை யான தமிழ் மக்களின் அன்பை இழந்து விடாதீர்கள்!!😔😔😔. பெறுவது கடினம் இழப்பது சுலபம். வேணாம் சார்!!🙏🙏🙏🙏🙏,0,0,0,https://youtube.com/watch?v=yDTSQAzA2SQ&lc=UgyTwBfdfpEk8zeVcsl4AaABAg,விஜய் திரிஷா,ta,"The people of Tamil Nadu trust you and vote for you as Chief Minister!! If they start hating each other, that's it.Not all times will be the same. We trust you very much.We can't tolerate like this. You have a great responsibility sir!! Don't lose the love of this true Tamil people!! 😔😔😔.Hard to get is easy to lose.No sir!!🙏🙏🙏🙏🙏"
youtube,comment,Ugxcqne8YQnPDCcFArZ4AaABAg,i1BqRYMFS08,2026-09-15 14:32:52+00:00,2026-09-22T13:54:25Z,bd0598040b89,Me and my 5 year old nephew jamming to this...,0,0,0,https://youtube.com/watch?v=i1BqRYMFS08&lc=Ugxcqne8YQnPDCcFArZ4AaABAg,Vijay Trisha,en,Me and my 5 year old nephew jamming to this...
youtube,comment,UgzvEWKk345mJyTmNVh4AaABAg,CRNza2iMSJE,2026-09-15 14:43:44+00:00,2026-09-22T03:58:45Z,69a18affe24f,Trisha vijay kazhagam(TVK),1,0,0,https://youtube.com/watch?v=CRNza2iMSJE&lc=UgzvEWKk345mJyTmNVh4AaABAg,Vijay Trisha,en,Trisha vijay kazhagam(TVK)
youtube,comment,UgxNB90LBesGg3yy9mh4AaABAg,yDTSQAzA2SQ,2026-09-15 14:51:06+00:00,2026-09-22T04:34:41Z,f603e831cc45,உங்களுக்காக நாங்க‌ எங்க வீட்டிலே சண்டைப் போட்டுக்கிட்டு இருக்கோம். நீங்க எங்கள துளிக் கூட மதிக்கவில்லை என்று தெரிகிறது. மீண்டும் மீண்டும் ஆவளை எல்லா இடத்திலும் வர வைக்கிறிங்க. முன்னாடி அவ மேலே மட்டும் தான் கோபம் வந்துச்சு. இப்போ எல்லாம் விஜய் மேலே கூட பயங்கரம கோவம் வருது. இது இப்படியே தொடர்ந்த உங்களுக்கு நல்லது அல்ல.,0,0,0,https://youtube.com/watch?v=yDTSQAzA2SQ&lc=UgxNB90LBesGg3yy9mh4AaABAg,விஜய் திரிஷா,ta,"We are fighting for you in our house.It seems you don't respect us at all.Make her come everywhere again and again.Earlier, only she got angry.Now even Vijay is very angry.It is not good for you to continue like this."
youtube,comment,UgyyLrBSr1gYAYwzFtJ4AaABAg,w0d_bPb3tz4,2026-09-15 14:51:09+00:00,2026-09-22T13:54:31Z,920eb54c46e9,Shame on you.....sir.....GOD will definitely punish this,1,0,0,https://youtube.com/watch?v=w0d_bPb3tz4&lc=UgyyLrBSr1gYAYwzFtJ4AaABAg,Vijay Trisha,en,Shame on you.....sir.....GOD will definitely punish this
youtube,comment,Ugzs7B3cJn1iYUa7k354AaABAg,yfBQOmQJTvc,2026-09-15 14:58:33+00:00,2026-09-22T04:34:55Z,266e9424741c,அந்த மனைவி மகள் மகனுக்கு எப்படி வேதனையாய் இருக்கும் .,35,1,0,https://youtube.com/watch?v=yfBQOmQJTvc&lc=Ugzs7B3cJn1iYUa7k354AaABAg,விஜய் திரிஷா,ta,"How painful it will be for that wife, daughter and son."
youtube,comment,Ugy2r0g5D29gr1OclPx4AaABAg,yDTSQAzA2SQ,2026-09-15 15:05:57+00:00,2026-09-22T04:34:41Z,a461ac6cc70c,மக்களையே இப்படி பதற வைக்கிறீங்க நீங்க வருங்கால பிள்ளைகளுக்கு நல்ல வழி காட்டணும் தப்புக்கு மேல தப்பு செய்றீங்க,0,0,0,https://youtube.com/watch?v=yDTSQAzA2SQ&lc=Ugy2r0g5D29gr1OclPx4AaABAg,விஜய் திரிஷா,ta,"You are making people panic like this, you are making more mistakes than you want to show the future children a good way"
youtube,comment,Ugx_gjpgjTniW6WzVCl4AaABAg,yDTSQAzA2SQ,2026-09-15 15:06:27+00:00,2026-09-22T04:34:41Z,73c7f46f8759,Avoid trisha please,0,0,0,https://youtube.com/watch?v=yDTSQAzA2SQ&lc=Ugx_gjpgjTniW6WzVCl4AaABAg,விஜய் திரிஷா,en,Avoid trisha please
youtube,comment,UgxNSe_RIBiEEz-IOF54AaABAg,i1BqRYMFS08,2026-09-15 15:37:44+00:00,2026-09-22T13:54:25Z,3b4b19a3470b,Instant like from me.,0,0,0,https://youtube.com/watch?v=i1BqRYMFS08&lc=UgxNSe_RIBiEEz-IOF54AaABAg,Vijay Trisha,en,Instant like from me.
youtube,comment,UgxQ1zfRORIspwmzzex4AaABAg,5B50fq1slcA,2026-09-15 16:13:23+00:00,2026-09-22T04:33:08Z,db2bee18f33f,So cute dance ❤❤,0,0,0,https://youtube.com/watch?v=5B50fq1slcA&lc=UgxQ1zfRORIspwmzzex4AaABAg,Thalapathy Vijay Trisha,en,So cute dance ❤❤
youtube,comment,UgxF942wqOGh4dVO_LF4AaABAg,CRNza2iMSJE,2026-09-15 16:28:18+00:00,2026-09-22T03:58:45Z,9a741434352c,Vijay selfish ipo dhan koncham konchama  theriya varuthu,1,0,0,https://youtube.com/watch?v=CRNza2iMSJE&lc=UgxF942wqOGh4dVO_LF4AaABAg,Vijay Trisha,en,Vijay selfish ipo dhan koncham konchama  theriya varuthu
youtube,comment,UgyGm8rlsPzIR_Kykbx4AaABAg,yDTSQAzA2SQ,2026-09-15 16:29:06+00:00,2026-09-22T04:34:41Z,dcdc1aabf459,Romba kastam ah Iruku promise ah feel panrom eduthuku vote potomnu kandipa political career close aidum,0,0,0,https://youtube.com/watch?v=yDTSQAzA2SQ&lc=UgyGm8rlsPzIR_Kykbx4AaABAg,விஜய் திரிஷா,tanglish,"It is very difficult. Ah, there is a promise."
youtube,comment,UgzGne5rMP3rZ2MPQuZ4AaABAg,w0d_bPb3tz4,2026-09-15 16:31:33+00:00,2026-09-22T13:54:31Z,39c163ce1f85,parkkave aruvaruppa irukku,1,0,0,https://youtube.com/watch?v=w0d_bPb3tz4&lc=UgzGne5rMP3rZ2MPQuZ4AaABAg,Vijay Trisha,en,parkkave aruvaruppa irukku
youtube,comment,Ugwl3_Nz3Kv9rv3P49d4AaABAg,CRNza2iMSJE,2026-09-15 16:38:36+00:00,2026-09-22T03:58:45Z,a5ebecce98b0,Ya maganoda audio launch poga villai oru appa thannoda magan munnettratha pathu rasikka vendam Ajith a vachu arasiyal panna poittarra,0,0,0,https://youtube.com/watch?v=CRNza2iMSJE&lc=Ugwl3_Nz3Kv9rv3P49d4AaABAg,Vijay Trisha,tanglish,"A father who didn't go to the audio launch with his son wants to watch and enjoy his son's progress, has Ajith gone into politics?"
youtube,comment,Ugwao8SzgtUTawGay694AaABAg,yDTSQAzA2SQ,2026-09-15 16:45:14+00:00,2026-09-22T04:34:41Z,3ed8aeb967ea,"விஜய் தனது   மனைவியை திரும்ப திரும்ப கஷ்டப்படுத்துகிறார். ஒரு பெண்ணுக்கும் மற்றும் ஆணுக்கும் மிக பெரிய கஷ்டத்தை கொடுப்பது என்னவென்றால் தனது கண் முன்னே  வேறு பெண்ணிடம் அல்லது வேறு ஆணிடம் நெருக்கமாக இருப்பதை பார்ப்பது. விஜய் த்ரிஷாவிடம் இப்படி சுத்திவது  சங்கீதாவுக்கும் அவர்களது குழந்தைகளுக்கும் எவ்வளவு பெரிய வலியை கொடுக்கும் . விஜய் கடவுளுக்கு பதில் சொல்லி ஆக வேண்டும் என்னுடைய தோழியின் அண்ணன்  மனைவி வேறு ஆணுடன் பழக்கம் வைத்து இருந்தாள். ஒரு  நாள்  வேலைக்கு சென்ற கணவனை அவசரமாக வீட்டுக்கு வர சொன்னாள்   . அவனும் உடனே வீட்டுக்கு வந்து பார்த்தா  , அவள் வேணுமென்றே வேறு ஆண்  முன்னால் டிரஸ் போடாமல் நின்றாள் அவன் குமுறி அழுதான்.  விஜய் இப்போது செய்வதும் அது போல தான். விஜய் பொண்டாட்டி முன்னால் மட்டும் அம்மணமாக நிற்கவில்லை. அவனது இரு பிள்ளைகள் முன்னாலும் அம்மணமாக நிற்கிறான். இவனைஇ  ஒரு தலைவனாக எப்படித்தான் பார்க்க முடிகிறதோ . TVK கட்சிக்கு  சப்போர்ட் செய்யும் ஒவ்வொருவரையயும் கேட்கிறேன், உங்கள் கட்சியில் வேறு யாரையும் தலைவராக வைத்து கொள்ளுங்கள். நடத்தையில் சரி இல்லாதவன் வேண்டாம். சங்கீதாவை உங்கள் அக்காவாக அல்லது உங்கள் மகளாக நினைத்து பாருங்கள். உங்கள் அக்கா புருஷன் வேறு ஒரு பெண்ணிடம் இப்படி சுத்தினால் உங்களுக்கு எப்படி இருக்கும். உங்கள் பெண்ணின் கணவன் வேறு பெண்ணிடம் இப்படி சுத்தினால் எப்படி இருக்கும். விஜய் நமது சமுதாயத்திற்க்கே அனுமதிக்க முடியாதவன். அவனை தலைவனாக வைப்பது பீயை தின்பதற்கு சமம்  அவ்வளவு அருவெறுப்பானது. சங்கீதாவுக்கு மற்றும் அவரது ரெண்டு குழந்தைகளுக்கும்  கடவுள் மனா திடனை கொடுக்க வேண்டுவோம். எனக்கு இப்படி ஒரு தகப்பன் கிடைத்து இருந்தால் உயிருடன் இருந்திருக்க மாட்டேன். சங்கீதாவின் மகனுக்கு நாம்  நிறைய வேண்ட வேண்டும் .",1,0,0,https://youtube.com/watch?v=yDTSQAzA2SQ&lc=Ugwao8SzgtUTawGay694AaABAg,விஜய் திரிஷா,mixed,"Vijay tortures his wife repeatedly.The greatest difficulty for a woman and a man is to see him close to another woman or man before his eyes.Vijay hammering Trisha like this will cause great pain to Sangeeta and their children.Vijay should answer God. My friend's brother's wife was having an affair with another man.One day she asked her husband who had gone to work to come home urgently.When he came home immediately, she stood in front of another man without putting on her dress as she wanted, and he wept bitterly.Vijay is doing the same now.Vijay Pontati did not just stand in front.He stands in front of his two children.How can you see him as a leader?I request everyone who supports TVK party, put someone else as leader in your party.Don't be a misbehaved person.Think of Sangeeta as your sister or your daughter.How would you feel if your older brother kissed another woman like this?What if your girl's husband fucks another girl like this?Vijay is unacceptable to our society.Putting him in charge is just as disgusting as eating pea.May God bless Sangeetha and her two children.I wouldn't be alive if I had such a father.We should wish a lot for Sangeeta's son."
youtube,comment,Ugzr590iY3tAkVAqXsh4AaABAg,36UIMG2yRDU,2026-09-15 16:56:45+00:00,2026-09-22T04:19:43Z,0fa10f348a7b,"📍அண்ணாமலை போன்ற படித்த, ஒழுக்கமான  இளைஞர்களுக்கு.. தமிழ்நாட்டில் இடம் இல்லை..

சரக்கு அடிக்கிறவன், சிகரெட் பிடிக்கிறவன், ஆல் வச்சிருக்கிறவனுக்கு தான் தமிழ்நாட்டில் மரியாதை... ( vj, sman, un )

📍 அண்ணாமலை IPS + சகாயம் IAS +  பொன்மாணிக்கவேல் IPS .. இந்த மூவர் இணைந்தால் தமிழ்நாடு உருப்படும்.. 👍",1,0,0,https://youtube.com/watch?v=36UIMG2yRDU&lc=Ugzr590iY3tAkVAqXsh4AaABAg,Vijay Trisha,mixed,"📍 There is no place for educated and moral youth like Annamalai.. in Tamil Nadu..

In Tamilnadu respect is given to the one who carries goods, smokes cigarettes and carries alcohol... ( vj, sman, un )

📍 Annamalai IPS + Sagayam IAS + Ponmanikavel IPS .. Tamil Nadu will be formed if these three combine.. 👍"
youtube,comment,Ugysk1qJ7tZ-2xpph0h4AaABAg,zH0Q8imJk0c,2026-09-15 17:13:19+00:00,2026-09-22T04:33:26Z,83e772b3ea0a,👠👠👠👠👠👠👠👠👠👠👠👠👠👠👠👠👠👠👠👠👠👠👠👠👠👠👠👠👠👠👠👠👠👠👠👠,0,0,0,https://youtube.com/watch?v=zH0Q8imJk0c&lc=Ugysk1qJ7tZ-2xpph0h4AaABAg,Thalapathy Vijay Trisha,en,👠👠👠👠👠👠👠👠👠👠👠👠👠👠👠👠👠👠👠👠👠👠👠👠👠👠👠👠👠👠👠👠👠👠👠👠
youtube,comment,Ugyt3iP9j0yvnZbciXR4AaABAg,yDTSQAzA2SQ,2026-09-15 17:33:51+00:00,2026-09-22T04:34:41Z,a77f1bb1e3c6,"Very bad Vijay,",0,0,0,https://youtube.com/watch?v=yDTSQAzA2SQ&lc=Ugyt3iP9j0yvnZbciXR4AaABAg,விஜய் திரிஷா,en,"Very bad Vijay,"
youtube,comment,UgyVecyxMX0sHTsMkeZ4AaABAg,CRNza2iMSJE,2026-09-15 17:38:04+00:00,2026-09-22T03:58:45Z,9abf96fe8fbb,"உலகத்தில் உள்ள அனைத்து மக்களுக்கும் மிக மிக மன வேதனையையும் கண்ணீரையும் வரவழைக்கிறது...😢
    ‌‌சனியன் தொலையட்டும்..",14,0,0,https://youtube.com/watch?v=CRNza2iMSJE&lc=UgyVecyxMX0sHTsMkeZ4AaABAg,Vijay Trisha,ta,"Bringing so much heartache and tears to all the people in the world...😢
Let Sanyan go away.."
youtube,comment,UgysRQkXdYa7_82uMc94AaABAg,yfBQOmQJTvc,2026-09-15 17:58:07+00:00,2026-09-22T04:34:55Z,5e1563b48891,"Tamilnadu cm having illegal affair,without divorce with otherwoman its called illegal affair 😂",17,0,0,https://youtube.com/watch?v=yfBQOmQJTvc&lc=UgysRQkXdYa7_82uMc94AaABAg,விஜய் திரிஷா,en,"Tamilnadu cm having illegal affair,without divorce with otherwoman its called illegal affair 😂"
youtube,comment,Ugy0NYabN_fA7b6wYtl4AaABAg,yfBQOmQJTvc,2026-09-15 17:58:51+00:00,2026-09-22T04:34:55Z,5e1563b48891,dog sitting on valuble chair 😂,11,0,0,https://youtube.com/watch?v=yfBQOmQJTvc&lc=Ugy0NYabN_fA7b6wYtl4AaABAg,விஜய் திரிஷா,en,dog sitting on valuble chair 😂
youtube,comment,UgzM8sPCV9QieDzEReV4AaABAg,yDTSQAzA2SQ,2026-09-15 18:19:05+00:00,2026-09-22T04:34:41Z,8848e5f1890e,Thayavu seidhu iven aatchiye kalàiyhu vidu gal makkale,0,0,0,https://youtube.com/watch?v=yDTSQAzA2SQ&lc=UgzM8sPCV9QieDzEReV4AaABAg,விஜய் திரிஷா,en,Thayavu seidhu iven aatchiye kalàiyhu vidu gal makkale
youtube,comment,Ugzo9Ic1iCi510A6udV4AaABAg,yfBQOmQJTvc,2026-09-15 18:21:29+00:00,2026-09-22T04:34:55Z,2962ccbec622,Ithu avanga sontha life avanga husband and wife problem namakku theriyadhu.Janaki amma irukumbothe MGR Jayalalitha ippadithaan irunthanga.andhra la pawan kalyan ippadi irukaru DMK kalaingar manaivi thunaivi nu 2 marriage senjukittaru.innum niraya tamil cinema karanga wifeaa vittu aniyayama innoru marriage senju nalla irukanga.vijay trisha onnum pudhusa pannala.jayamravi prabhudeva Sarathkumar prakashraj kamalhassan innum niraya per ippadithaan.,0,0,0,https://youtube.com/watch?v=yfBQOmQJTvc&lc=Ugzo9Ic1iCi510A6udV4AaABAg,விஜய் திரிஷா,tanglish,Ithu avanga sontha life avanga husband and wife problem namakku theriyadhu.Janaki amma irukumbothe MGR Jayalalitha ippadithaan irunthanga.andhra la pawan kalyan ippadi irukaru DMK kalaingar manaivi thunaivi nu 2 marriage senjukittaru.innum niraya tamil cinema karanga wifeaa vittu aniyayama innoru marriage senju nalla irukanga.vijay trisha onnum pudhusa pannala.jayamravi prabhudeva Sarathkumarprakashraj kamalhassan innum niraya per ippadithaan.
youtube,comment,Ugx6Tu51ePjYoV1wcLp4AaABAg,i1BqRYMFS08,2026-09-15 18:22:19+00:00,2026-09-22T13:54:25Z,ec076ca5bf54,Thala for a region 👀🥶,0,0,0,https://youtube.com/watch?v=i1BqRYMFS08&lc=Ugx6Tu51ePjYoV1wcLp4AaABAg,Vijay Trisha,en,Thala for a region 👀🥶
youtube,comment,Ugz7MBYasArHayVIPBx4AaABAg,CRNza2iMSJE,2026-09-15 18:27:40+00:00,2026-09-22T03:58:45Z,e6ce5254b8c3,ஆவதும் பெண்ணாலே அழிவதும் பெண்ணாலே! விழித்துக்கொல்லப்பா,0,0,0,https://youtube.com/watch?v=CRNza2iMSJE&lc=Ugz7MBYasArHayVIPBx4AaABAg,Vijay Trisha,ta,Creation and destruction by women!Wake up
youtube,comment,UgzGmInD3MZQhITtWEN4AaABAg,CRNza2iMSJE,2026-09-15 18:47:56+00:00,2026-09-22T03:58:45Z,cacdd154dca0,Theriyadhu ellam onnum illai nadandadhu ellam etheychaoyaga amaindalum adhanai thanuku sadhagamaga use pannubavargal. Sangeethavai magalai santhithaarvendral photo yen varavillai. Matra photo ellam varum idhu mattum varadhu. Vijay waste.,1,0,0,https://youtube.com/watch?v=CRNza2iMSJE&lc=UgzGmInD3MZQhITtWEN4AaABAg,Vijay Trisha,tanglish,Theriyadhu ellam onnum illai nadandadhu ellam etheychaoyaga amaindalum adhanai thanuku sadhagamaga use pannubavargal.Sangeethavai magalai santhithaarvendral photo yen varavillai.Matra photo ellam varum idhu mattum varadhu.Vijay waste.
youtube,comment,UgytZ_tBbSd1BGX-OJB4AaABAg,i1BqRYMFS08,2026-09-15 18:53:54+00:00,2026-09-22T13:54:25Z,9651fdf1f705,❤❤❤❤❤❤❤❤❤❤❤❤❤❤❤❤❤❤❤❤❤❤❤❤❤❤❤❤❤❤❤❤❤❤❤❤❤❤❤❤❤❤,0,0,0,https://youtube.com/watch?v=i1BqRYMFS08&lc=UgytZ_tBbSd1BGX-OJB4AaABAg,Vijay Trisha,en,❤❤❤❤❤❤❤❤❤❤❤❤❤❤❤❤❤❤❤❤❤❤❤❤❤❤❤❤❤❤❤❤❤❤❤❤❤❤❤❤❤❤
youtube,comment,Ugwez7JxZOwgfdknHGB4AaABAg,i1BqRYMFS08,2026-09-15 19:03:43+00:00,2026-09-22T13:54:25Z,1204776bd02d,Vibe Undi Le😊❤,0,0,0,https://youtube.com/watch?v=i1BqRYMFS08&lc=Ugwez7JxZOwgfdknHGB4AaABAg,Vijay Trisha,en,Vibe Undi Le😊❤
youtube,comment,UgzZqy_z5SK0_y7gOst4AaABAg,i1BqRYMFS08,2026-09-15 19:54:50+00:00,2026-09-22T13:54:25Z,b1320bdbaf7b,160m ✅ Sep 16th,1,0,0,https://youtube.com/watch?v=i1BqRYMFS08&lc=UgzZqy_z5SK0_y7gOst4AaABAg,Vijay Trisha,en,160m ✅ Sep 16th
youtube,comment,UgzArH_3B-PFNrkhiQt4AaABAg,yDTSQAzA2SQ,2026-09-15 20:32:33+00:00,2026-09-22T04:34:41Z,aa89bbb8e5f6,Enda vote pottanu romba vethanai padaran pavam sangeetha😢😢😢 sisyer Ajith kitta kathukkonga family👨‍👩‍👦‍👦 eppadi ksvanikkarathunu,0,0,0,https://youtube.com/watch?v=yDTSQAzA2SQ&lc=UgzArH_3B-PFNrkhiQt4AaABAg,விஜய் திரிஷா,tanglish,Enda vote pottanu romba vethanai padaran pavam sangeetha😢😢😢 sisyer Ajith kitta kathukkonga family👨‍👩‍👦‍👦 eppadi ksvanikkarathunu
youtube,comment,Ugx08_WvVHCSr1xXStV4AaABAg,36UIMG2yRDU,2026-09-15 20:50:18+00:00,2026-09-22T04:19:43Z,3599f3667fc3,No one ask how much money Modi spend on travelling to foreign countries?,0,0,0,https://youtube.com/watch?v=36UIMG2yRDU&lc=Ugx08_WvVHCSr1xXStV4AaABAg,Vijay Trisha,en,No one ask how much money Modi spend on travelling to foreign countries?
youtube,comment,Ugxz4VZCM78Jp8V_NeJ4AaABAg,LtFVk5EKhJM,2026-09-15 20:51:32+00:00,2026-09-22T04:35:07Z,3599f3667fc3,No one ask how much money Modi spend on travelling to foreign countries?,0,0,0,https://youtube.com/watch?v=LtFVk5EKhJM&lc=Ugxz4VZCM78Jp8V_NeJ4AaABAg,விஜய் திரிஷா,en,No one ask how much money Modi spend on travelling to foreign countries?
youtube,comment,UgwiopYaYHBHtj0M4rN4AaABAg,i1BqRYMFS08,2026-09-16 01:38:48+00:00,2026-09-22T13:54:20Z,26e7e7d0d032,Mujhe song bilkul bhi samjh nhi aaya fir bhi bht acha lga hai 😊😊,1,0,0,https://youtube.com/watch?v=i1BqRYMFS08&lc=UgwiopYaYHBHtj0M4rN4AaABAg,Vijay Trisha,en,Mujhe song bilkul bhi samjh nhi aaya fir bhi bht acha lga hai 😊😊
youtube,comment,Ugw7fQRkxXNmS4zdt5J4AaABAg,w0d_bPb3tz4,2026-09-16 01:45:50+00:00,2026-09-22T13:54:31Z,863b24f3cfd5,Thirisha saguni poyta vijay anna life nallairrukum,3,0,0,https://youtube.com/watch?v=w0d_bPb3tz4&lc=Ugw7fQRkxXNmS4zdt5J4AaABAg,Vijay Trisha,en,Thirisha saguni poyta vijay anna life nallairrukum
youtube,comment,UgwYIACUSAPMIeni1od4AaABAg,yDTSQAzA2SQ,2026-09-16 01:49:47+00:00,2026-09-22T04:34:41Z,44765316097,MmulluSumma london layum awakku mappullai illa pola,0,0,0,https://youtube.com/watch?v=yDTSQAzA2SQ&lc=UgwYIACUSAPMIeni1od4AaABAg,விஜய் திரிஷா,en,MmulluSumma london layum awakku mappullai illa pola
youtube,comment,UgxTIurgXwF1vovZQWB4AaABAg,CRNza2iMSJE,2026-09-16 01:56:25+00:00,2026-09-22T03:58:45Z,addd5b79bdcb,Avan oru aalunnu vottu pottu cheey Ivan personal mukkiyama tamilnaadaa parathesi gha kaasu koluthupoi arasiyalkkuvaraangha,0,0,0,https://youtube.com/watch?v=CRNza2iMSJE&lc=UgxTIurgXwF1vovZQWB4AaABAg,Vijay Trisha,en,Avan oru aalunnu vottu pottu cheey Ivan personal mukkiyama tamilnaadaa parathesi gha kaasu koluthupoi arasiyalkkuvaraangha
youtube,comment,UgxIz2_8353h4elxnJB4AaABAg,yDTSQAzA2SQ,2026-09-16 01:59:50+00:00,2026-09-22T04:34:41Z,c5af53e8d891,Cm vijay ah pathu nadu kettu kutti chuvaragum ellorukkum makkalai kakkum manithanaga illamal thangam,0,0,0,https://youtube.com/watch?v=yDTSQAzA2SQ&lc=UgxIz2_8353h4elxnJB4AaABAg,விஜய் திரிஷா,en,Cm vijay ah pathu nadu kettu kutti chuvaragum ellorukkum makkalai kakkum manithanaga illamal thangam
youtube,comment,Ugzlg1ME6Tvy_hfXsPR4AaABAg,yfBQOmQJTvc,2026-09-16 02:05:06+00:00,2026-09-22T04:34:55Z,ee6ad7840cc5,Very big news,0,0,0,https://youtube.com/watch?v=yfBQOmQJTvc&lc=Ugzlg1ME6Tvy_hfXsPR4AaABAg,விஜய் திரிஷா,en,Very big news
youtube,comment,UgwMNGJnQFFHh3u9Z0h4AaABAg,yDTSQAzA2SQ,2026-09-16 02:25:29+00:00,2026-09-22T04:34:41Z,40e5d14297f6,விஜய் சொன்னபடியே 500 கோடி சொத்து உள்ள திரிஷாவை ஈர்த்தார்.,0,0,0,https://youtube.com/watch?v=yDTSQAzA2SQ&lc=UgwMNGJnQFFHh3u9Z0h4AaABAg,விஜய் திரிஷா,ta,Vijay attracted Trisha who has 500 crore assets as per his words.
youtube,comment,UgyDEvzcyt2vXHGvzbB4AaABAg,vMyj_qs7hrY,2026-09-16 02:52:59+00:00,2026-09-22T04:33:47Z,71a8ae882e92,சும்மா விடக்கூடாது திரிஸாவை விடக்கூடாது ௮றையவேண்டும்,1,0,0,https://youtube.com/watch?v=vMyj_qs7hrY&lc=UgyDEvzcyt2vXHGvzbB4AaABAg,Vijay Sangeetha divorce,ta,Trisa should not be left alone
youtube,comment,UgwvIIsuj9HAOUYXSrh4AaABAg,yDTSQAzA2SQ,2026-09-16 02:59:57+00:00,2026-09-22T04:34:40Z,ebeb66f1edab,திமுக 50வருடங்கள் ஆட்சி செய்தும் பல நல்ல திட்டங்களை கொண்டுவந்தது திமுகாதான் எல்லா கட்சியிலும் சில தவறுகள் இருக்கும் அதையே இந்த முட்டாள் மக்களுக்கு தெரியவில்லை ஊழல் ஊழல் என்று தூக்கி எறிந்து விட்டனர் முழுகட்சியே ஊழலாக இருக்கும் இந்த தர்குறி கட்சி😂😂😂 மக்களிடத்தில் வெகு காலம் நீடிக்காது என்பதையும் இங்கு நான் சொல்ல கடமைபட்டுள்ளேன்,0,0,0,https://youtube.com/watch?v=yDTSQAzA2SQ&lc=UgwvIIsuj9HAOUYXSrh4AaABAg,விஜய் திரிஷா,ta,"Even though DMK ruled for 50 years, it was DMUK that brought many good programs. Every party has some faults and these stupid people don't know that. They threw it away as corruption. The whole party is corrupt. This party is corrupt. I have to say here that it will not last long with the people."
youtube,comment,UgwWydskcid5OXkfwNN4AaABAg,yDTSQAzA2SQ,2026-09-16 03:08:18+00:00,2026-09-22T04:34:40Z,20a8c50b8632,Makiale konjamavathu arivu irrukkaa unganalathaan naadu ippadi youngsters  ethukku ippadi kooppadu ithu oru asingamaana kalachaaram avanuga kodigalil irrukkanuga naam theru kodiyil nirkkirom,0,0,0,https://youtube.com/watch?v=yDTSQAzA2SQ&lc=UgwWydskcid5OXkfwNN4AaABAg,விஜய் திரிஷா,en,Makiale konjamavathu arivu irrukkaa unganalathaan naadu ippadi youngsters  ethukku ippadi kooppadu ithu oru asingamaana kalachaaram avanuga kodigalil irrukkanuga naam theru kodiyil nirkkirom
youtube,comment,UgyK1Do9lAkD9g4KOvl4AaABAg,yDTSQAzA2SQ,2026-09-16 03:20:40+00:00,2026-09-22T04:34:40Z,cd34b0109a50,இது ஒருத்தரோட personel வழ்கை...அதில் தலையிடக்கூடாது....அரசியல் ரீதியாக எவளோ விஷயங்கள் இருக்கு...அதெபட்டி பேசுங்க...,0,0,0,https://youtube.com/watch?v=yDTSQAzA2SQ&lc=UgyK1Do9lAkD9g4KOvl4AaABAg,விஜய் திரிஷா,mixed,It's a personal matter...don't interfere in it....there are some political matters...talk about it...
youtube,comment,UgxfleIzOmeYh0TmcQp4AaABAg,yDTSQAzA2SQ,2026-09-16 03:28:33+00:00,2026-09-22T04:34:40Z,65ae817f10e0,So sir is comfort in her zone super 👌🏻 maintain,0,0,0,https://youtube.com/watch?v=yDTSQAzA2SQ&lc=UgxfleIzOmeYh0TmcQp4AaABAg,விஜய் திரிஷா,en,So sir is comfort in her zone super 👌🏻 maintain
youtube,comment,Ugz2IIgM5XeOnn1CA5F4AaABAg,yDTSQAzA2SQ,2026-09-16 03:36:27+00:00,2026-09-22T04:34:40Z,ac3c5f01d830,Londan trisha ponathu reason abarana rathika and trisha mam evanka yeallam movie ku promosion pana ponaka so pls understand peole,0,0,0,https://youtube.com/watch?v=yDTSQAzA2SQ&lc=Ugz2IIgM5XeOnn1CA5F4AaABAg,விஜய் திரிஷா,en,Londan trisha ponathu reason abarana rathika and trisha mam evanka yeallam movie ku promosion pana ponaka so pls understand peole
youtube,comment,UgzG8bVOrBNBX75MMHh4AaABAg,i1BqRYMFS08,2026-09-16 03:43:17+00:00,2026-09-22T13:54:20Z,513eb05db1e1,Nice  song   🎉🎉🎉🎉🎉,2,0,0,https://youtube.com/watch?v=i1BqRYMFS08&lc=UgzG8bVOrBNBX75MMHh4AaABAg,Vijay Trisha,en,Nice  song   🎉🎉🎉🎉🎉
youtube,comment,UgyVS3-NDuElUtGBX0N4AaABAg,w0d_bPb3tz4,2026-09-16 04:10:27+00:00,2026-09-22T13:54:31Z,fe55657727f0,3sha eathukku varnum  shalini ye varle,0,0,0,https://youtube.com/watch?v=w0d_bPb3tz4&lc=UgyVS3-NDuElUtGBX0N4AaABAg,Vijay Trisha,en,3sha eathukku varnum  shalini ye varle
youtube,comment,UgxmxV8rfbptV_cLX1t4AaABAg,w0d_bPb3tz4,2026-09-16 04:11:47+00:00,2026-09-22T13:54:31Z,fe55657727f0,3sha irukkura varikum vijay uruppadamattar,0,0,0,https://youtube.com/watch?v=w0d_bPb3tz4&lc=UgxmxV8rfbptV_cLX1t4AaABAg,Vijay Trisha,en,3sha irukkura varikum vijay uruppadamattar
youtube,comment,UgxjngJ1wnLfYfdZmwZ4AaABAg,yDTSQAzA2SQ,2026-09-16 04:12:21+00:00,2026-09-22T04:34:40Z,88790fc9bc57,God bless you Sangeeta mam,0,0,0,https://youtube.com/watch?v=yDTSQAzA2SQ&lc=UgxjngJ1wnLfYfdZmwZ4AaABAg,விஜய் திரிஷா,en,God bless you Sangeeta mam
youtube,comment,UgyKOWqmeMbCzEOVcpB4AaABAg,CRNza2iMSJE,2026-09-16 04:23:49+00:00,2026-09-22T03:58:45Z,9e3bcef473fe,Familya vittutu kudikeduthava kuda dhan irupen solravan enna dhan solrathu.,1,0,0,https://youtube.com/watch?v=CRNza2iMSJE&lc=UgyKOWqmeMbCzEOVcpB4AaABAg,Vijay Trisha,en,Familya vittutu kudikeduthava kuda dhan irupen solravan enna dhan solrathu.
youtube,comment,Ugyu8HMpzf0nnYuiEdZ4AaABAg,yDTSQAzA2SQ,2026-09-16 04:36:50+00:00,2026-09-22T04:34:40Z,4bb10f59b025,There is good name for cm sir.plz avoid  is trisha mam,0,0,0,https://youtube.com/watch?v=yDTSQAzA2SQ&lc=Ugyu8HMpzf0nnYuiEdZ4AaABAg,விஜய் திரிஷா,en,There is good name for cm sir.plz avoid  is trisha mam
youtube,comment,UgwD8SslrzxGAJnxNe54AaABAg,yDTSQAzA2SQ,2026-09-16 04:40:12+00:00,2026-09-22T04:34:40Z,2d94ab9d2fc7,ஓட்டு போட்ட தற்குறிகளுக்கு மூஞ்சில் துப்பினால் அவர்கள் துடைத்து கொள்வார்கள் ஆனால் tvk இக்கு ஓட்டு போட்ட மக்களின் முகத்தில் கரியை பூசி விட்டார் விஜய் 😂😂,0,0,0,https://youtube.com/watch?v=yDTSQAzA2SQ&lc=UgwD8SslrzxGAJnxNe54AaABAg,விஜய் திரிஷா,mixed,"If you spit in the mouth of the people who voted, they will wipe it off but Vijay smeared charcoal on the faces of the people who voted for this tvk 😂😂"
youtube,comment,UgzbKx5UdGsFEsnX4914AaABAg,yDTSQAzA2SQ,2026-09-16 04:42:35+00:00,2026-09-22T04:34:40Z,9775053dc948,தேவடியா கூட சுத்தும் ஒரே முதலமைச்சர் நம்ம விஜய்தான்.,0,0,0,https://youtube.com/watch?v=yDTSQAzA2SQ&lc=UgzbKx5UdGsFEsnX4914AaABAg,விஜய் திரிஷா,ta,Namma Vijay is the only Chief Minister that even Devadia can beat.
youtube,comment,UgwySzIlkH0AzJpuo-J4AaABAg,yDTSQAzA2SQ,2026-09-16 04:43:48+00:00,2026-09-22T04:34:40Z,17a7a507af8d,"I'm a big fan of thalapathy but literally after independence day feeling irritated, people loves him so much can't he avoid her for peoples love.",0,0,0,https://youtube.com/watch?v=yDTSQAzA2SQ&lc=UgwySzIlkH0AzJpuo-J4AaABAg,விஜய் திரிஷா,en,"I'm a big fan of thalapathy but literally after independence day feeling irritated, people loves him so much can't he avoid her for peoples love."
youtube,comment,UgzF_bX9PacFIBCvbfp4AaABAg,36UIMG2yRDU,2026-09-16 04:51:10+00:00,2026-09-22T04:19:43Z,46ca49ca2acf,"திரை துரையில் இரு பெரும் எதிரிகள் இணையும் பொழுது, திமுக-ஆதிமுக இணைந்தால் நாட்டுக்கு நல்லது தான். புரிந்திருக்கும் இப்ப.",0,0,0,https://youtube.com/watch?v=36UIMG2yRDU&lc=UgzF_bX9PacFIBCvbfp4AaABAg,Vijay Trisha,ta,"When two big enemies join forces on screen, it is good for the country if DMK-ADMK join forces.I understand now."
youtube,comment,UgzOnll1CX1nq16TTXR4AaABAg,yfBQOmQJTvc,2026-09-16 05:05:33+00:00,2026-09-22T04:34:55Z,03b0c77d884e,We don't like vijay nowadays,5,0,0,https://youtube.com/watch?v=yfBQOmQJTvc&lc=UgzOnll1CX1nq16TTXR4AaABAg,விஜய் திரிஷா,en,We don't like vijay nowadays
youtube,comment,UgwY1qRQE8WWgbcVCoR4AaABAg,yDTSQAzA2SQ,2026-09-16 05:39:18+00:00,2026-09-22T04:34:40Z,9a715563f32c,"41 peru irandhapo pavam pakkala avar santhosham,than mukiyam",0,0,0,https://youtube.com/watch?v=yDTSQAzA2SQ&lc=UgwY1qRQE8WWgbcVCoR4AaABAg,விஜய் திரிஷா,en,"41 peru irandhapo pavam pakkala avar santhosham,than mukiyam"
youtube,comment,Ugz3mGgZOK5X9Aq_OUx4AaABAg,yDTSQAzA2SQ,2026-09-16 05:58:17+00:00,2026-09-22T04:34:40Z,dafb2b1febc5,Rendu perum ore colour dress,0,0,0,https://youtube.com/watch?v=yDTSQAzA2SQ&lc=Ugz3mGgZOK5X9Aq_OUx4AaABAg,விஜய் திரிஷா,en,Rendu perum ore colour dress
youtube,comment,UgzJxlHGZE7nudso49J4AaABAg,36UIMG2yRDU,2026-09-16 06:11:23+00:00,2026-09-22T04:19:43Z,6d307a7524f6,Shame to have this cm,0,0,0,https://youtube.com/watch?v=36UIMG2yRDU&lc=UgzJxlHGZE7nudso49J4AaABAg,Vijay Trisha,en,Shame to have this cm
youtube,comment,UgwJ53inM7Ug2ZdfWRR4AaABAg,yfBQOmQJTvc,2026-09-16 06:26:24+00:00,2026-09-22T04:34:55Z,66f6efc5b82e,விஜயின் அரசியல் திரிஷா வால் அஸ்தமனம் ஆக போகிறது..வாழ்க்கையே அர்ப்பணித்த மனைவிக்கு உண்மை யாக இல்லாத இவர் நமக்காக என்ன செய்து விட போகிறார்,1,0,0,https://youtube.com/watch?v=yfBQOmQJTvc&lc=UgwJ53inM7Ug2ZdfWRR4AaABAg,விஜய் திரிஷா,ta,Vijay's politics is going to sink because of Trisha.
youtube,comment,Ugz28gFPf7xqBciXWnZ4AaABAg,yDTSQAzA2SQ,2026-09-16 06:40:45+00:00,2026-09-22T04:34:40Z,9215a1c571b4,சீமான் SOLLUVATHELLAM THAMIL NATTIL THAN பைத்தியம் ENDRAL VELINAATTILUM பைத்தியம் UNDIU எ‌ன்பது  உண்மை,0,0,0,https://youtube.com/watch?v=yDTSQAzA2SQ&lc=Ugz28gFPf7xqBciXWnZ4AaABAg,விஜய் திரிஷா,mixed,SEAMAN SOLLUVATHELLAM THAMIL NATTIL THAN INSANE ENDRAL VELINAATTILUM INSANE UNDIU IS TRUE
youtube,comment,UgwRaYBMlUB6KmNhRZZ4AaABAg,w0d_bPb3tz4,2026-09-16 06:41:38+00:00,2026-09-22T13:54:31Z,3bc334b01820,Not likethat vijay sir 😢,0,0,0,https://youtube.com/watch?v=w0d_bPb3tz4&lc=UgwRaYBMlUB6KmNhRZZ4AaABAg,Vijay Trisha,en,Not likethat vijay sir 😢
youtube,comment,Ugxs-YdGz-m5FKOLG2F4AaABAg,yDTSQAzA2SQ,2026-09-16 06:42:50+00:00,2026-09-22T04:34:40Z,61872085ce83,உல்லாச பயணம் 🐿️🐿️🐿️🐿️🐿️🐿️🐿️,1,0,0,https://youtube.com/watch?v=yDTSQAzA2SQ&lc=Ugxs-YdGz-m5FKOLG2F4AaABAg,விஜய் திரிஷா,ta,Excursion 🐿️🐿️🐿️🐿️🐿️🐿️🐿️
youtube,comment,Ugw_u8gAB8TdX_-5EeJ4AaABAg,yDTSQAzA2SQ,2026-09-16 06:48:40+00:00,2026-09-22T04:34:40Z,a6dc395e6a46,Really 🥺 pavam Sangeetha,0,0,0,https://youtube.com/watch?v=yDTSQAzA2SQ&lc=Ugw_u8gAB8TdX_-5EeJ4AaABAg,விஜய் திரிஷா,en,Really 🥺 pavam Sangeetha
youtube,comment,UgzPj3pNmiB7G-PqZwh4AaABAg,yDTSQAzA2SQ,2026-09-16 06:50:22+00:00,2026-09-22T04:34:40Z,d5078693766a,Tamil nadu  people  are cinema fools trusting  vijay but he is doing all stupid things,0,0,0,https://youtube.com/watch?v=yDTSQAzA2SQ&lc=UgzPj3pNmiB7G-PqZwh4AaABAg,விஜய் திரிஷா,en,Tamil nadu  people  are cinema fools trusting  vijay but he is doing all stupid things
youtube,comment,UgxYhKvLCWFCwAaBEQB4AaABAg,tXF0m9aktp4,2026-09-16 06:53:19+00:00,2026-09-22T04:34:47Z,cf3efb52bd6b,"TVK is in Thrisha's hand .she is only making CM Vijay to rule 
WhateverThrisha ssy he must do.
Cheap lady and cheap vijay
Great  path they giving to DMK and ADMK.
After 5 years they will come to aatchi
.",0,0,0,https://youtube.com/watch?v=tXF0m9aktp4&lc=UgxYhKvLCWFCwAaBEQB4AaABAg,விஜய் திரிஷா,en,"TVK is in Thrisha's hand .she is only making CM Vijay to rule 
WhateverThrisha ssy he must do.
Cheap lady and cheap vijay
Great  path they giving to DMK and ADMK.
After 5 years they will come to aatchi
."
youtube,comment,Ugx_yQ994th4oOme7El4AaABAg,tXF0m9aktp4,2026-09-16 06:54:14+00:00,2026-09-22T04:34:47Z,cf3efb52bd6b,So both are dating.,1,0,0,https://youtube.com/watch?v=tXF0m9aktp4&lc=Ugx_yQ994th4oOme7El4AaABAg,விஜய் திரிஷா,en,So both are dating.
youtube,comment,Ugx2NK-f36XC4O2TX1p4AaABAg,yDTSQAzA2SQ,2026-09-16 06:57:02+00:00,2026-09-22T04:34:40Z,d68a89979fa4,Pls divore Sangeetha and married trisha it's perfect dissision,0,0,0,https://youtube.com/watch?v=yDTSQAzA2SQ&lc=Ugx2NK-f36XC4O2TX1p4AaABAg,விஜய் திரிஷா,en,Pls divore Sangeetha and married trisha it's perfect dissision
youtube,comment,Ugz4AWXPCJRTtCHsApt4AaABAg,yDTSQAzA2SQ,2026-09-16 07:50:58+00:00,2026-09-22T04:34:40Z,21e4da1c1233,த்ரிஷா ஒரு ஜென்ம சனி போல விடவே விடாது அவரை😢,0,0,0,https://youtube.com/watch?v=yDTSQAzA2SQ&lc=Ugz4AWXPCJRTtCHsApt4AaABAg,விஜய் திரிஷா,ta,Trisha will never let him go like a Janma Shani😢
youtube,comment,UgxCuZx0rPPAs2EOfsJ4AaABAg,i1BqRYMFS08,2026-09-16 08:01:25+00:00,2026-09-22T13:54:20Z,1c4a83363013,"Song meaning 0% ❌
Dance vibe 100% ✅",1,0,0,https://youtube.com/watch?v=i1BqRYMFS08&lc=UgxCuZx0rPPAs2EOfsJ4AaABAg,Vijay Trisha,en,"Song meaning 0% ❌
Dance vibe 100% ✅"
youtube,comment,UgyUOg4IZTo26y_UkZp4AaABAg,yfBQOmQJTvc,2026-09-16 08:18:58+00:00,2026-09-22T04:34:55Z,86acdcb00464,Next cm may be annamalai sir,0,0,0,https://youtube.com/watch?v=yfBQOmQJTvc&lc=UgyUOg4IZTo26y_UkZp4AaABAg,விஜய் திரிஷா,en,Next cm may be annamalai sir
youtube,comment,Ugzucqud0PupO7LTD1Z4AaABAg,yfBQOmQJTvc,2026-09-16 08:50:14+00:00,2026-09-22T04:34:55Z,174414fe5794,He had a grown up daughter and son what example  is he  shamless trisha,18,0,0,https://youtube.com/watch?v=yfBQOmQJTvc&lc=Ugzucqud0PupO7LTD1Z4AaABAg,விஜய் திரிஷா,en,He had a grown up daughter and son what example  is he  shamless trisha
youtube,comment,UgyMQfU0r6xfPoi7o0d4AaABAg,yfBQOmQJTvc,2026-09-16 08:52:36+00:00,2026-09-22T04:34:55Z,174414fe5794,Public affair without divorce what example he is giving as a CM for one state,10,0,0,https://youtube.com/watch?v=yfBQOmQJTvc&lc=UgyMQfU0r6xfPoi7o0d4AaABAg,விஜய் திரிஷா,en,Public affair without divorce what example he is giving as a CM for one state
youtube,comment,UgygdkWOis553pmB24J4AaABAg,yDTSQAzA2SQ,2026-09-16 08:56:15+00:00,2026-09-22T04:34:40Z,137ee975d018,விஜய் சார் உங்களுக்கு ஓட்டு போட்டுட்டு வீட்ல இருக்குறவங்களுக்கு எல்லாம் பாட்டு வாங்கிட்டு இருக்கோம்,0,0,0,https://youtube.com/watch?v=yDTSQAzA2SQ&lc=UgygdkWOis553pmB24J4AaABAg,விஜய் திரிஷா,ta,"Vijay sir, we have bought songs for all the people who voted for you"
youtube,comment,UgxsmEAF9AeW37wPpYx4AaABAg,yDTSQAzA2SQ,2026-09-16 09:03:19+00:00,2026-09-22T04:34:40Z,15435f5472c8,விசய் ஐ மட்டும் அல்ல அவரின் கட்சியையும் வேரோடு பிடுங்கி வீச வந்தவள் தான் திரிசா,0,0,0,https://youtube.com/watch?v=yDTSQAzA2SQ&lc=UgxsmEAF9AeW37wPpYx4AaABAg,விஜய் திரிஷா,ta,Trisha is the one who has come to uproot not only Vishay but also his party
youtube,comment,UgwSz3GfypCO9t2049V4AaABAg,i1BqRYMFS08,2026-09-16 09:04:03+00:00,2026-09-22T13:54:20Z,a9fe55b935c6,Gatta kusti 2 ke wajah se aane wale like kare 😂😂😂❤❤❤❤,0,0,0,https://youtube.com/watch?v=i1BqRYMFS08&lc=UgwSz3GfypCO9t2049V4AaABAg,Vijay Trisha,en,Gatta kusti 2 ke wajah se aane wale like kare 😂😂😂❤❤❤❤
youtube,comment,Ugy2o30WxIwUTKxstNR4AaABAg,yDTSQAzA2SQ,2026-09-16 09:04:47+00:00,2026-09-22T04:34:40Z,15435f5472c8,விசய் ஒரு காமுகன்.அவன் திருந்த மாட்டான்,0,0,0,https://youtube.com/watch?v=yDTSQAzA2SQ&lc=Ugy2o30WxIwUTKxstNR4AaABAg,விஜய் திரிஷா,ta,Vishay is a homosexual. He will not change
youtube,comment,UgwxMkPSsv3NWxno1sJ4AaABAg,CRNza2iMSJE,2026-09-16 09:11:23+00:00,2026-09-22T03:58:45Z,b8c018d93096,"அஜித்துக்கு பணம் + விளம்பரம்.
விஜய்க்கு ஓட்டு + அரசியல்.
ரசிகர்களுக்கு பிம்பிலிக்கே , பிலிக்கி 🥳🤪.

Car பந்தையம் நடத்த நிறைய பணம் தேவை. 
அது பெரும் பணக்காரர்களின் பொழுதுபோக்கு. விஜய் + Root mafia விரிச்சு வலையில் விழுந்து விட்டார் அஜித்.
நடிகர்களுக்கு பணம் மட்டுமே குறிக்கோள்.

அஜித்துக்கு பணம் + விளம்பர.
விஜய்க்கு ஓட்டு + அரசியல்.

மக்கள் பணத்தில் Racing Track செய்வதால் தமிழர்களுக்கு எந்த முன்னேற்றமும் வராது..",4,0,0,https://youtube.com/watch?v=CRNza2iMSJE&lc=UgwxMkPSsv3NWxno1sJ4AaABAg,Vijay Trisha,mixed,"Money + publicity for Ajith.
Vote for Vijay + Politics.
Pimbilike, Biliki for the fans 🥳🤪.

Car racing requires a lot of money.
It is a pastime of the super rich.Ajith has fallen into the trap of Vijay + Root mafia.
Money is the only goal for actors.

Money + advertising for Ajith.
Vote for Vijay + Politics.

Doing racing track with people's money will not bring any progress to Tamils.."
youtube,comment,UgzFk-Q_VwfIBQtlNmt4AaABAg,yDTSQAzA2SQ,2026-09-16 09:29:35+00:00,2026-09-22T04:34:40Z,22297e586813,When will be the next election?,0,0,0,https://youtube.com/watch?v=yDTSQAzA2SQ&lc=UgzFk-Q_VwfIBQtlNmt4AaABAg,விஜய் திரிஷா,en,When will be the next election?
youtube,comment,UgxHEMeWSsQK7PX2Afh4AaABAg,CRNza2iMSJE,2026-09-16 09:41:53+00:00,2026-09-22T03:58:45Z,0b7ab98074f4,பைல்வான் ரங்கநாதன்  வயிற்றுப் பிழைப்புக்கு எல்லோருடைய நேரத்தை வீணாக்கும் பேர்விழி,0,0,0,https://youtube.com/watch?v=CRNza2iMSJE&lc=UgxHEMeWSsQK7PX2Afh4AaABAg,Vijay Trisha,ta,Bailwan Ranganathan is a notorious waste of everyone's time for stomach ache
youtube,comment,UgwkVWhRo7iVm5O9v2x4AaABAg,yDTSQAzA2SQ,2026-09-16 09:47:13+00:00,2026-09-22T04:34:40Z,083d11f556ff,ஏமாறுகிறவர்கள் இருக்கும் வரை இது நடக்கும,0,0,0,https://youtube.com/watch?v=yDTSQAzA2SQ&lc=UgwkVWhRo7iVm5O9v2x4AaABAg,விஜய் திரிஷா,ta,This will happen as long as there are deceivers
youtube,comment,UgzFBGD6J2YJhnXK0kB4AaABAg,yDTSQAzA2SQ,2026-09-16 09:48:33+00:00,2026-09-22T04:34:40Z,23a9648b43ff,பர்சனல் வாழ்க்கை வேற அரசியல் வேற,0,0,0,https://youtube.com/watch?v=yDTSQAzA2SQ&lc=UgzFBGD6J2YJhnXK0kB4AaABAg,விஜய் திரிஷா,ta,Personal life is different from politics
youtube,comment,Ugx1VB8wcXJ2to3hNSJ4AaABAg,yDTSQAzA2SQ,2026-09-16 10:07:25+00:00,2026-09-22T04:34:40Z,c8db519653ec,சங்கீதா  அவர்களின் சொந்த ஊரில் இப்படி செய்கிறாளே  என்ன தைரியம்  சங்கீதா அப்பா பெரிய பிஸினஸ் மேன் என சொல்லு கிறார்களே  அவர் ஆட்களை வைத்து பேசி அவளை அடக்க முடியல யா  அந்த திரிஷாஎன்ன பெரிய ஆளா,0,0,0,https://youtube.com/watch?v=yDTSQAzA2SQ&lc=Ugx1VB8wcXJ2to3hNSJ4AaABAg,விஜய் திரிஷா,ta,How dare Sangeeta do this in her hometown. Sangeeta says father is a big business man. He talks to people and can't control her. What a big person Trisha is.
youtube,comment,UgzB82z8q2b6hd8-4X14AaABAg,yDTSQAzA2SQ,2026-09-16 10:12:43+00:00,2026-09-22T04:34:40Z,566080b359f9,ஓட்டு போட்ட மக்கள்  இவரை வெறுக்கிறாங்க காரணம் 3 SA,0,0,0,https://youtube.com/watch?v=yDTSQAzA2SQ&lc=UgzB82z8q2b6hd8-4X14AaABAg,விஜய் திரிஷா,mixed,People who voted for him hate him because of 3 reasons SA
youtube,comment,Ugww-wIejonfcumBb454AaABAg,yDTSQAzA2SQ,2026-09-16 10:15:03+00:00,2026-09-22T04:34:40Z,566080b359f9,சங்கீதா அண்ணி நல்லவங்க குடும்ப பெண்,0,0,0,https://youtube.com/watch?v=yDTSQAzA2SQ&lc=Ugww-wIejonfcumBb454AaABAg,விஜய் திரிஷா,ta,Sangeeta Anni is a good family woman
youtube,comment,UgzDRfzh5PrmWuE_MyB4AaABAg,yDTSQAzA2SQ,2026-09-16 10:16:10+00:00,2026-09-22T04:34:40Z,566080b359f9,அடுத்த வாய்ப்பு. ADMK😅,0,0,0,https://youtube.com/watch?v=yDTSQAzA2SQ&lc=UgzDRfzh5PrmWuE_MyB4AaABAg,விஜய் திரிஷா,mixed,Next chance.ADMK😅
youtube,comment,UgzIeeoAhochIx7AZ314AaABAg,CRNza2iMSJE,2026-09-16 10:23:56+00:00,2026-09-22T03:58:45Z,074794c21818,"என்னைப் பொறுத்தவரைக்கும் திரிஷாவை மட்டும் குறை சொல்வதில் எந்தப் பயனும் இல்லை. ஒரு விஷயம் நடக்கிறது என்றால், அதற்கு இடம் கொடுப்பவர் யார் என்பதைத்தான் முதலில் பார்க்க வேண்டும்.

விஜய்தான் பொறுப்பில் இருக்கும் ஒரு முக்கியமான அரசியல் தலைவர். அவர் தனது தனிப்பட்ட வாழ்க்கையிலும், பொது வாழ்க்கையிலும் ஒரு தெளிவான எல்லையை வைத்துக்கொண்டால், மற்றவர்கள் அந்த எல்லையைத் தாண்டி எதையும் செய்ய முடியாது.

அதனால் திரிஷாவை மட்டும் குறை சொல்வதைவிட, விஜயின் செயல்பாடுகளையும் பொறுப்பையும் கேள்வி கேட்பதுதான் நியாயம். ஒருவரை மட்டும் குற்றவாளியாக்கி இன்னொருவரை விட்டுவிடுவது சரியான அணுகுமுறை இல்லை.

பிரச்சனை திரிஷா மட்டும் இல்லை; விஜய் கொடுக்கும் இடமும், அவர் எடுக்கும் முடிவுகளும்தான் முக்கியம்.",9,0,0,https://youtube.com/watch?v=CRNza2iMSJE&lc=UgzIeeoAhochIx7AZ314AaABAg,Vijay Trisha,ta,"As far as I am concerned, there is no point in blaming Trisha alone.If something is happening, the first thing to do is to see who is giving place to it.

Vijay is an important political leader in charge.If he keeps a clear boundary in his personal and public life, others cannot do anything beyond that boundary.

So instead of blaming Trisha alone, it is fair to question Vijay's activities and responsibility.It is not the right approach to convict only one and let the other go.

Trisha isn't the only one with the problem;What matters is the place Vijay gives and the decisions he takes."
youtube,comment,UgzjGb6WoECEanrSnE14AaABAg,yDTSQAzA2SQ,2026-09-16 10:45:18+00:00,2026-09-22T04:34:40Z,b36911392f7f,"மொத்தத்தில் தமிழக மக்களின் பணத்தில் விஜய் திரிஷா  அரசு முறை பயணத்தில இருக்காங்க 
மக்கள் பணத்தில் ஆடம்பரமான ஆட்டம் ஆனால் மைக் கிடைத்துவிட்டால் மக்கள் பணத்தை தொட மாட்டேன் தொடவும் விட மாட்டேன் தொட்வர்களையும் விட மாட்டேன் என்று எவனாவது எழுதி கொடுத்த சினிமா வசனத்தை வாசிப்பான் தரம் கெட்டவன்",0,0,0,https://youtube.com/watch?v=yDTSQAzA2SQ&lc=UgzjGb6WoECEanrSnE14AaABAg,விஜய் திரிஷா,ta,"On the whole, Vijay Trisha is on a government trip with the money of the people of Tamil Nadu
It's a fancy game with people's money, but if you get a mic, someone will read the script written by someone that says, ""I won't touch people's money, I won't let go of it, I won't let go of people."""
youtube,comment,UgzSGc_ww402kzNUvfp4AaABAg,i1BqRYMFS08,2026-09-16 10:58:15+00:00,2026-09-22T13:54:20Z,b1ff4049a4bd,So cute dance Vijay chief minister❤😅,1,0,0,https://youtube.com/watch?v=i1BqRYMFS08&lc=UgzSGc_ww402kzNUvfp4AaABAg,Vijay Trisha,en,So cute dance Vijay chief minister❤😅
youtube,comment,Ugz6MwBEw5pCeUkTrJR4AaABAg,CRNza2iMSJE,2026-09-16 11:26:01+00:00,2026-09-22T03:58:45Z,ee36ba873909,Bailu summa ve kisu kisu kaatu kaatuvaru ippo video content sikki irukku summa va viduvaru😂😂,1,0,0,https://youtube.com/watch?v=CRNza2iMSJE&lc=Ugz6MwBEw5pCeUkTrJR4AaABAg,Vijay Trisha,tanglish,Bailu summa ve kisu kisu kaatu kaatuvaru ippo video content sikki irukku summa va viduvaru😂😂
youtube,comment,UgyqO4tz8GrsAFQn5cR4AaABAg,yDTSQAzA2SQ,2026-09-16 12:09:02+00:00,2026-09-22T04:34:40Z,88abffff9864,🐿️🐿️Power cut frequently in coimbatore outer area athipalayam 🐿️🐿️,1,0,0,https://youtube.com/watch?v=yDTSQAzA2SQ&lc=UgyqO4tz8GrsAFQn5cR4AaABAg,விஜய் திரிஷா,en,🐿️🐿️Power cut frequently in coimbatore outer area athipalayam 🐿️🐿️
youtube,comment,UgzfNVAEwtDwDDi2-PF4AaABAg,yfBQOmQJTvc,2026-09-16 12:10:02+00:00,2026-09-22T04:34:55Z,88abffff9864,🐿️🐿️Power cut frequently in coimbatore outer area athipalayam 🐿️🐿️,1,0,0,https://youtube.com/watch?v=yfBQOmQJTvc&lc=UgzfNVAEwtDwDDi2-PF4AaABAg,விஜய் திரிஷா,en,🐿️🐿️Power cut frequently in coimbatore outer area athipalayam 🐿️🐿️
youtube,comment,UgzzSwwJ_G_BnOs-HuB4AaABAg,yDTSQAzA2SQ,2026-09-16 12:59:51+00:00,2026-09-22T04:34:40Z,704e41c38cc7,ஒரு  நேர்மையான மனைவியின் கண்ணீர் மிகவும் வலிமையானது கவனம் விஜய் உங்கள் மனைவி இல்லையென்றால் உங்கள் குழந்தைகளால் நீங்கள் பெருமைப்பட்டிருக்க முடியாது உங்கள் மனைவி இல்லையென்றால் நீங்கள் நிம்மதியாக வேலை செய்திருக்க முடியாது உங்கள் மனைவி தன் சுதந்திரத்தைப்பார்த்திருந்தால் குழந்தைகளை ஒழுக்கமாக வளர்நத்திருக்க முடியாது  நல்லா சிந்தித்துப் பார்த்து உங்கள் மனைவியை தேவதை போல் நினைத்து அன்பு செலுத்துங்கள் அதுதான் உங்கள் வளர்ச்சிக்கு உகந்த செயல் இல்லையெனில் அடுத்த ஐந்து வருடங்களில் எந்தப்பெண்களை நம்பி ஓட்டுக்கேட்டீரீகளோ அதே பெண்களே உங்களை ஒன்றுமில்லாமல் பண்ணிவிடுவார்கள் பெண் பாவம் பொல்லாதது,0,0,0,https://youtube.com/watch?v=yDTSQAzA2SQ&lc=UgzzSwwJ_G_BnOs-HuB4AaABAg,விஜய் திரிஷா,ta,"An honest wife's tears are very powerful Attention Vijay If it wasn't for your wife you couldn't have been proud of your children If it wasn't for your wife you couldn't have worked in peace If your wife had seen her independence She couldn't have brought up the children morally Think and love your wife like an angel That's the best thing for your development Otherwise, in the next five years, whichever women you trust and ask for votes, the same women will make you nothing."
youtube,comment,Ugx5BugVKhlIiuDa0sh4AaABAg,yDTSQAzA2SQ,2026-09-16 13:48:34+00:00,2026-09-22T04:34:40Z,9c4e501cafc5,Vokka punma,0,0,0,https://youtube.com/watch?v=yDTSQAzA2SQ&lc=Ugx5BugVKhlIiuDa0sh4AaABAg,விஜய் திரிஷா,en,Vokka punma
youtube,comment,UgyEXfCozCgk2dZpTyx4AaABAg,CRNza2iMSJE,2026-09-16 14:00:16+00:00,2026-09-22T03:58:45Z,42de453a79ad,Tirisha va vitta vijay ku nallathu ellana next time cm ah vara mataar tirisha va la cm pathavi poidum,1,0,0,https://youtube.com/watch?v=CRNza2iMSJE&lc=UgyEXfCozCgk2dZpTyx4AaABAg,Vijay Trisha,en,Tirisha va vitta vijay ku nallathu ellana next time cm ah vara mataar tirisha va la cm pathavi poidum
youtube,comment,Ugyxh8Gm2MSK0zBgpx54AaABAg,DnrJui-dXic,2026-09-16 14:04:56+00:00,2026-09-22T04:33:29Z,c87578f2a6bd,nice video ❤❤,0,0,0,https://youtube.com/watch?v=DnrJui-dXic&lc=Ugyxh8Gm2MSK0zBgpx54AaABAg,Thalapathy Vijay Trisha,en,nice video ❤❤
youtube,comment,UgynMWgMs6V438ZAdv94AaABAg,w0d_bPb3tz4,2026-09-16 14:14:04+00:00,2026-09-22T13:54:31Z,35c64b36c41a,Vijay should feel ashamed . Roaming with a lady ditching his family but tight lipped . What kind of path he shows to today generation.,0,0,0,https://youtube.com/watch?v=w0d_bPb3tz4&lc=UgynMWgMs6V438ZAdv94AaABAg,Vijay Trisha,en,Vijay should feel ashamed . Roaming with a lady ditching his family but tight lipped . What kind of path he shows to today generation.
youtube,comment,UgxKaka5s5b5-Lsn8oV4AaABAg,yDTSQAzA2SQ,2026-09-16 14:32:55+00:00,2026-09-22T04:34:40Z,fedd9f8b1064,Sangeeta sabamm summa vidathu vote pota makkalai summa vedathu,1,0,0,https://youtube.com/watch?v=yDTSQAzA2SQ&lc=UgxKaka5s5b5-Lsn8oV4AaABAg,விஜய் திரிஷா,tanglish,The Sangeet Sabha will not leave people idle to vote
youtube,comment,UgwgZkReAiqiriBl6gx4AaABAg,w0d_bPb3tz4,2026-09-16 14:38:33+00:00,2026-09-22T13:54:31Z,00231e8123ba,"சட்ட எச்சரிக்கை: இது போன்ற அவதூறான தகவல்களைப் பரப்புவதும், ஆதரவாகக் கருத்து தெரிவிப்பதும் BNS பிரிவு 356 மற்றும் IT சட்டம் (பிரிவு 67, 66E) விதிகளின்படி தண்டனைக்குரிய குற்றமாகும். வதந்திகளைப் பரப்புவோர்களை  சைபர் கிரைம் கண்காணித்து வருகின்றது .                                                                                              கமெண்ட் செய்யும்போது எச்சரிக்கை: எவ்விதச் சரிபார்ப்பும் இல்லாமல் அல்லது அவதூறான முறையில் மற்றவர்கள் பதிவிடும் வீடியோக்களுக்குக் கீழே கருத்துகளைப் பதிவிடுவதைத் தவிர்க்க வேண்டும்.                                                          சமூக வலைதளங்களின் பண்புகளும் மாண்புகளும்: உண்மைத் தன்மை,பொறுப்புணர்வு ,மரியாதை",0,0,0,https://youtube.com/watch?v=w0d_bPb3tz4&lc=UgwgZkReAiqiriBl6gx4AaABAg,Vijay Trisha,mixed,"LEGAL WARNING: Spreading and advocating such defamatory information is a punishable offense under Section 356 of BNS and provisions of IT Act (Section 67, 66E).Cybercrime is keeping an eye on those who spread rumours.Caution when commenting: Avoid posting comments below videos posted by others without any verification or in a defamatory manner.Attributes and Values ​​of Social Networks: Authenticity, Responsibility, Respect"
youtube,comment,UgzEN3cwMMLDvEPx0Eh4AaABAg,yDTSQAzA2SQ,2026-09-16 14:44:26+00:00,2026-09-22T04:34:40Z,ec48252c7ede,அன்று திரிஷா இல்லன்னா நயன்தாரா இன்று சங்கீதா இல்லன்னா திரிஷா நாளை?,0,0,0,https://youtube.com/watch?v=yDTSQAzA2SQ&lc=UgzEN3cwMMLDvEPx0Eh4AaABAg,விஜய் திரிஷா,ta,Trisha or Nayanthara today or Sangeeta or Trisha tomorrow?
youtube,comment,UgxzTGNXq5Q2Bpa8XuB4AaABAg,yDTSQAzA2SQ,2026-09-16 14:48:45+00:00,2026-09-22T04:34:40Z,ec48252c7ede,விஜய்யின் mind voice: சங்கு ஊதுற வயசில சங்கீதாவா!,0,0,0,https://youtube.com/watch?v=yDTSQAzA2SQ&lc=UgxzTGNXq5Q2Bpa8XuB4AaABAg,விஜய் திரிஷா,mixed,Vijay's mind voice: Sangu Uthura Vayasila Sangeetava!
youtube,comment,Ugz28w701CCvDK871-14AaABAg,yfBQOmQJTvc,2026-09-16 15:17:37+00:00,2026-09-22T04:34:55Z,873a73d3c406,We are votes for Annamali,0,0,0,https://youtube.com/watch?v=yfBQOmQJTvc&lc=Ugz28w701CCvDK871-14AaABAg,விஜய் திரிஷா,en,We are votes for Annamali
youtube,comment,UgzYI9qC8EJ8KYzKh9J4AaABAg,yfBQOmQJTvc,2026-09-16 15:18:25+00:00,2026-09-22T04:34:55Z,873a73d3c406,We are don't want Vijay with Trisha  we are don't votes for TVK,0,0,0,https://youtube.com/watch?v=yfBQOmQJTvc&lc=UgzYI9qC8EJ8KYzKh9J4AaABAg,விஜய் திரிஷா,en,We are don't want Vijay with Trisha  we are don't votes for TVK
youtube,comment,UgwHH0Jeogmf0Ng9ANV4AaABAg,yDTSQAzA2SQ,2026-09-16 15:33:20+00:00,2026-09-22T04:34:40Z,09651a8b7813,"Ivar mela iruntha mariyathai abimanam ellam suthama pochu .. pakka plan makkal than muttal agitu irukom enda vote porom nu varuthu cheyy.

next kandipa  ivaruku vote podamatom",1,0,0,https://youtube.com/watch?v=yDTSQAzA2SQ&lc=UgwHH0Jeogmf0Ng9ANV4AaABAg,விஜய் திரிஷா,en,"Ivar mela iruntha mariyathai abimanam ellam suthama pochu .. pakka plan makkal than muttal agitu irukom enda vote porom nu varuthu cheyy.

next kandipa  ivaruku vote podamatom"
youtube,comment,UgxRxUteDxPcHz_8Tst4AaABAg,w0d_bPb3tz4,2026-09-16 15:35:52+00:00,2026-09-22T13:54:31Z,d03b52333a76,"Pengalai avamadhikira maadiri pesakoodadhunu sollitu evaru avar manaiviyayum avar magalayum kaayapaduthugiraar, edhudhan pengaluku kudukum mariyadhaya?",0,0,0,https://youtube.com/watch?v=w0d_bPb3tz4&lc=UgxRxUteDxPcHz_8Tst4AaABAg,Vijay Trisha,en,"Pengalai avamadhikira maadiri pesakoodadhunu sollitu evaru avar manaiviyayum avar magalayum kaayapaduthugiraar, edhudhan pengaluku kudukum mariyadhaya?"
youtube,comment,Ugwcc-CUWh_lj6LLJc14AaABAg,vMyj_qs7hrY,2026-09-16 15:38:53+00:00,2026-09-22T04:33:47Z,c09f1717b86e,"Nandanal.T.n.sathi.serikuthu.??vast.,??❤❤❤❤❤❤❤❤❤😂😂😂😂😂😂😂😂😂🎉🎉🎉🎉🎉🎉",0,0,0,https://youtube.com/watch?v=vMyj_qs7hrY&lc=Ugwcc-CUWh_lj6LLJc14AaABAg,Vijay Sangeetha divorce,en,"Nandanal.T.n.sathi.serikuthu.??vast.,??❤❤❤❤❤❤❤❤❤😂😂😂😂😂😂😂😂😂🎉🎉🎉🎉🎉🎉"
youtube,comment,UgwyKYtea1pm8tR5wsl4AaABAg,36UIMG2yRDU,2026-09-16 15:52:36+00:00,2026-09-22T04:19:43Z,96f1c4304ee0,"Nice role models... And reel models.
His reaction is... She blew my cover off 😅",0,0,0,https://youtube.com/watch?v=36UIMG2yRDU&lc=UgwyKYtea1pm8tR5wsl4AaABAg,Vijay Trisha,en,"Nice role models... And reel models.
His reaction is... She blew my cover off 😅"
youtube,comment,UgyU5RgS1vyiPdH13eR4AaABAg,yfBQOmQJTvc,2026-09-16 15:55:17+00:00,2026-09-22T04:34:55Z,578da645e743,She's purposely peeping from the balcony. What an attention seeker.,0,0,0,https://youtube.com/watch?v=yfBQOmQJTvc&lc=UgyU5RgS1vyiPdH13eR4AaABAg,விஜய் திரிஷா,en,She's purposely peeping from the balcony. What an attention seeker.
youtube,comment,UgzCGxVr7SpELLXsh9V4AaABAg,yfBQOmQJTvc,2026-09-16 16:27:06+00:00,2026-09-22T04:34:55Z,0d66d6967695,She is purposly using every chance to harass his wife,0,0,0,https://youtube.com/watch?v=yfBQOmQJTvc&lc=UgzCGxVr7SpELLXsh9V4AaABAg,விஜய் திரிஷா,en,She is purposly using every chance to harass his wife
youtube,comment,UgzYjZ9ccrSviqTzsOl4AaABAg,yfBQOmQJTvc,2026-09-16 16:28:35+00:00,2026-09-22T04:34:55Z,0d66d6967695,"High time people put her in place, if Vijays parents doesn't  know how to...
Literally after him",0,0,0,https://youtube.com/watch?v=yfBQOmQJTvc&lc=UgzYjZ9ccrSviqTzsOl4AaABAg,விஜய் திரிஷா,en,"High time people put her in place, if Vijays parents doesn't  know how to...
Literally after him"
youtube,comment,UgySqHbe9VrTE3NGSs54AaABAg,yDTSQAzA2SQ,2026-09-16 16:38:29+00:00,2026-09-22T04:34:40Z,68eb95e666e5,Vijay sir please tamilnadu people ungala   nambi vote potuerukanga don't forget,0,0,0,https://youtube.com/watch?v=yDTSQAzA2SQ&lc=UgySqHbe9VrTE3NGSs54AaABAg,விஜய் திரிஷா,en,Vijay sir please tamilnadu people ungala   nambi vote potuerukanga don't forget
youtube,comment,UgxnjdJCuBcfSEJJwuZ4AaABAg,yfBQOmQJTvc,2026-09-16 16:39:18+00:00,2026-09-22T04:34:55Z,6a9f2d823c9a,Vijayku vaiypati kuta Lutheran kuvalama irukku,0,0,0,https://youtube.com/watch?v=yfBQOmQJTvc&lc=UgxnjdJCuBcfSEJJwuZ4AaABAg,விஜய் திரிஷா,en,Vijayku vaiypati kuta Lutheran kuvalama irukku
youtube,comment,Ugzsdt-MPkSnaiZDbRN4AaABAg,CRNza2iMSJE,2026-09-16 16:47:39+00:00,2026-09-22T03:58:45Z,242cb68643e6,No morality,1,0,0,https://youtube.com/watch?v=CRNza2iMSJE&lc=Ugzsdt-MPkSnaiZDbRN4AaABAg,Vijay Trisha,en,No morality
youtube,comment,UgzBh7ttfXDGJhKd0Ql4AaABAg,CRNza2iMSJE,2026-09-16 16:48:14+00:00,2026-09-22T03:58:45Z,242cb68643e6,Don't follow tn people be aware,1,0,0,https://youtube.com/watch?v=CRNza2iMSJE&lc=UgzBh7ttfXDGJhKd0Ql4AaABAg,Vijay Trisha,en,Don't follow tn people be aware
youtube,comment,UgyFBhbLjwfhvxesfBV4AaABAg,i1BqRYMFS08,2026-09-16 17:25:15+00:00,2026-09-22T13:54:20Z,238535d6f886,Very good song vijay sir ❤❤❤❤❤❤❤❤❤❤❤❤❤❤❤❤❤❤❤❤❤❤❤❤❤❤❤❤❤❤❤❤❤❤❤❤❤❤❤❤❤❤❤❤❤❤❤❤❤❤❤,1,0,0,https://youtube.com/watch?v=i1BqRYMFS08&lc=UgyFBhbLjwfhvxesfBV4AaABAg,Vijay Trisha,en,Very good song vijay sir ❤❤❤❤❤❤❤❤❤❤❤❤❤❤❤❤❤❤❤❤❤❤❤❤❤❤❤❤❤❤❤❤❤❤❤❤❤❤❤❤❤❤❤❤❤❤❤❤❤❤❤
youtube,comment,UgwbkXU2IJzensjY3Rd4AaABAg,w0d_bPb3tz4,2026-09-16 17:45:20+00:00,2026-09-22T13:54:31Z,95f3b535653d,Sangeeta Venum vijay,0,0,0,https://youtube.com/watch?v=w0d_bPb3tz4&lc=UgwbkXU2IJzensjY3Rd4AaABAg,Vijay Trisha,en,Sangeeta Venum vijay
youtube,comment,UgwbQT23P4M9GFSIJBN4AaABAg,CRNza2iMSJE,2026-09-16 17:51:24+00:00,2026-09-22T03:58:45Z,e282994ca89d,விசில் அடிங்கடா....ஒப்பாட்டி கூட லண்டன் போகலாம்,0,0,0,https://youtube.com/watch?v=CRNza2iMSJE&lc=UgwbQT23P4M9GFSIJBN4AaABAg,Vijay Trisha,ta,Don't blow the whistle...even Oppati can go to London
youtube,comment,Ugxqy_u1JaMt3_vuhSx4AaABAg,DUdl8kGBXkE,2026-09-16 18:02:26+00:00,2026-09-22T04:32:45Z,e165817a97a7,👠👠👠👠👠👠👠👠👠👠👠👠👠👠👠👠👠👠,1,0,0,https://youtube.com/watch?v=DUdl8kGBXkE&lc=Ugxqy_u1JaMt3_vuhSx4AaABAg,Vijay Trisha,en,👠👠👠👠👠👠👠👠👠👠👠👠👠👠👠👠👠👠
youtube,comment,Ugzi3oup7gyvalVEtI54AaABAg,yfBQOmQJTvc,2026-09-16 18:08:38+00:00,2026-09-22T04:34:55Z,2901ac6bd4c3,விஜய் பெண் பாவம் பொல்லாதது . அழிந்து போவாய் . உனக்கு ஓட்டு போட்டதை நினைத்து வெட்கப்படுகிறேன் . உன்னை பெற்றவளும பெண் தானே .இறக்கமே இல்லையா . நீ செய்த வினை உன் மகளுக்கு ஏற்படும். திருத்திக்கொள்  இல்லை அழிந்து போவாய்  இடைத்தேர்தலில் தோல்வி அடையும் .தவெகா. ஆட்சி கவிழும் . வாழ்த்துக்கள் 🎉🎉🎉,2,1,0,https://youtube.com/watch?v=yfBQOmQJTvc&lc=Ugzi3oup7gyvalVEtI54AaABAg,விஜய் திரிஷா,ta,Vijay's female sin is wicked.You will perish.I am ashamed of voting for you.The woman who gave birth to you is the one who died or not.What you have done will happen to your daughter.Amend it or you will perish and lose the by-elections. Thaveka.The regime will fall.Congratulations 🎉🎉🎉
youtube,comment,UgzF9u0h5t3m-p6ilQB4AaABAg,yDTSQAzA2SQ,2026-09-16 18:29:31+00:00,2026-09-22T04:34:40Z,27180b15a069,தமிழ்நாட்டு மாணம் போகுதுடா சாமி 😂😂,0,0,0,https://youtube.com/watch?v=yDTSQAzA2SQ&lc=UgzF9u0h5t3m-p6ilQB4AaABAg,விஜய் திரிஷா,ta,Don't go to Tamilnadu manam Sami 😂😂
youtube,comment,UgyzgQPnoqxUC2h3zoF4AaABAg,yDTSQAzA2SQ,2026-09-16 18:41:24+00:00,2026-09-22T04:34:40Z,1ccde04d588e,இந்த சனியன் புடிச்ச திரிஷா ஏன் எல்லா இடமும் சுற்றுது.,0,0,0,https://youtube.com/watch?v=yDTSQAzA2SQ&lc=UgyzgQPnoqxUC2h3zoF4AaABAg,விஜய் திரிஷா,ta,Why is this Sanyan Pudichha Trisha traveling all over the place?
youtube,comment,UgyWh599m_qDFN46Ijx4AaABAg,yDTSQAzA2SQ,2026-09-16 18:56:05+00:00,2026-09-22T04:34:40Z,8a286d2ac49f,கடவுளுக்கு பயந்தாலும் மக்களுக்கு பயந்தாலும் அது உண்மையா இருக்க வேண்டும் மனைவிக்கு துரோகம் பண்ணும் எவனும் ஒரு நாள் இல்லாத போயிடும்,0,0,0,https://youtube.com/watch?v=yDTSQAzA2SQ&lc=UgyWh599m_qDFN46Ijx4AaABAg,விஜய் திரிஷா,ta,"Be it fearing God or fearing people, it must be true that anyone who cheats on his wife will die one day."
youtube,comment,UgweeRkNMkwYh-If4Lt4AaABAg,i1BqRYMFS08,2026-09-16 19:47:18+00:00,2026-09-22T13:54:20Z,298b7442d96e,972K likes ❤,1,0,0,https://youtube.com/watch?v=i1BqRYMFS08&lc=UgweeRkNMkwYh-If4Lt4AaABAg,Vijay Trisha,en,972K likes ❤
youtube,comment,UgzLb5oyooZDBTRK51Z4AaABAg,yDTSQAzA2SQ,2026-09-17 00:27:05+00:00,2026-09-22T04:34:40Z,43f32d17188b,விஜய் சார் கு தெரியலையா?? மக்கள் என்ன நினைக்குறாங்கனு?? இவராவது avoid பண்ணலாம்... இல்லைனா இந்த மேடம் ஒதுங்கணும்...த்ரிஷ மேடம் மட்டும் தான் விஜய் சார் ஆட்சிக்கு ஆபத்து....,0,0,0,https://youtube.com/watch?v=yDTSQAzA2SQ&lc=UgzLb5oyooZDBTRK51Z4AaABAg,விஜய் திரிஷா,mixed,Vijay sir don't you know??What do people think??At least she can be avoided...otherwise this madam should step aside...only madam Trisha is a danger to Vijay sir's rule....
youtube,comment,UgzC8HDHNKtX4ZuRYF14AaABAg,yDTSQAzA2SQ,2026-09-17 00:40:24+00:00,2026-09-22T04:34:40Z,410a366f9da5,"CM க்கு எந்த இழப்பும் இல்லை. எல்லா இழப்பும்... நம்பி ஓட்டுப்போட்ட மக்களுக்குத்தான்.
 பிரச்சனைகளை திசை மாற்றி விட்டுட்டு போய்கிட்டே இருப்பாங்க.பாவம் மக்கள்தான் வேடிக்கை பார்த்துட்டே இருக்க வேண்டியதுதான்... கடைசி வரைக்கும்",8,0,0,https://youtube.com/watch?v=yDTSQAzA2SQ&lc=UgzC8HDHNKtX4ZuRYF14AaABAg,விஜய் திரிஷா,mixed,"No loss to CM.All the loss is to the people who trusted and voted.
They divert the problems and keep going. It's the people who have to keep having fun... until the end"
youtube,comment,Ugz9Tht_DnGtZ8l19Id4AaABAg,T7w0Scr1bG8,2026-09-17 00:41:00+00:00,2026-09-22T13:54:33Z,c951f2959088,This video in 2023,0,0,0,https://youtube.com/watch?v=T7w0Scr1bG8&lc=Ugz9Tht_DnGtZ8l19Id4AaABAg,Vijay Trisha,en,This video in 2023
youtube,comment,Ugz4V8d5dcYAntds1al4AaABAg,36UIMG2yRDU,2026-09-17 02:15:36+00:00,2026-09-22T04:19:43Z,dec77527b1d4,All were well advanced planning. The people of TamilNadu are only foolish.,0,0,0,https://youtube.com/watch?v=36UIMG2yRDU&lc=Ugz4V8d5dcYAntds1al4AaABAg,Vijay Trisha,en,All were well advanced planning. The people of TamilNadu are only foolish.
youtube,comment,UgyIeV1hsZrZYR_s8pV4AaABAg,yDTSQAzA2SQ,2026-09-17 03:23:23+00:00,2026-09-22T04:34:40Z,abb697b92116,Innum nalla clarity ah edit pannunga da,0,0,0,https://youtube.com/watch?v=yDTSQAzA2SQ&lc=UgyIeV1hsZrZYR_s8pV4AaABAg,விஜய் திரிஷா,tanglish,Edit for better clarity ah
youtube,comment,UgxqQu11P40580eSFBh4AaABAg,yDTSQAzA2SQ,2026-09-17 03:24:57+00:00,2026-09-22T04:34:40Z,abb697b92116,Ean da nattukku nallathu Pannala na kelvi keunga da. Atha vitutu vilakku putikirendra perla vathadhi ya kilapatheenga.,0,0,0,https://youtube.com/watch?v=yDTSQAzA2SQ&lc=UgxqQu11P40580eSFBh4AaABAg,விஜய் திரிஷா,tanglish,Why don't you do good for the country?Don't get confused by the argument that I'm going to light the lamp after that.
youtube,comment,UgxOuMMomZWlGe5pgoB4AaABAg,yDTSQAzA2SQ,2026-09-17 03:24:57+00:00,2026-09-22T04:34:40Z,b3aac7a27c4f,I am really freshtated about this... I don't know what vijay thinking about TN people,0,0,0,https://youtube.com/watch?v=yDTSQAzA2SQ&lc=UgxOuMMomZWlGe5pgoB4AaABAg,விஜய் திரிஷா,en,I am really freshtated about this... I don't know what vijay thinking about TN people
youtube,comment,UgzV8FTYumevPCEtM0F4AaABAg,CRNza2iMSJE,2026-09-17 03:25:40+00:00,2026-09-22T03:58:45Z,de49f91bafb5,"Urupadave maatanga vijay, thrisha rendu perum",2,0,0,https://youtube.com/watch?v=CRNza2iMSJE&lc=UgzV8FTYumevPCEtM0F4AaABAg,Vijay Trisha,en,"Urupadave maatanga vijay, thrisha rendu perum"
youtube,comment,UgxEhQ2S0GkF1TjokvZ4AaABAg,yDTSQAzA2SQ,2026-09-17 03:25:54+00:00,2026-09-22T04:34:40Z,b3aac7a27c4f,My vote is gone.. i feel like this😢,0,0,0,https://youtube.com/watch?v=yDTSQAzA2SQ&lc=UgxEhQ2S0GkF1TjokvZ4AaABAg,விஜய் திரிஷா,en,My vote is gone.. i feel like this😢
youtube,comment,UgzBjIhUmu5NBZPW3Kl4AaABAg,yDTSQAzA2SQ,2026-09-17 03:28:39+00:00,2026-09-22T04:34:40Z,1dd9c1326d76,த்ரிஷா நல்ல பிரண்டு என்று சொல்கிறார் அப்படி பிரெண்டாவே இருந்தாலும் அவருக்கு ஆட்சி சார்ந்த பயணத்தில் என்ன வேலை எங்கு சென்றாலும் போவதற்கு இவர்களுக்கு உரிமை இல்லை எல்லாரும் திரிஷாவை குறை சொல்றாங்க விஜய் கூப்பிடாமல் போறாங்க இது தப்புன்னு ரெண்டு பேருக்குமே தெரியும்ல அவர்கள் மக்களை மதிக்கவில்லை ஆனால் அவர்களை தூக்கி வைத்து கொண்டாடுகிறார்கள்,0,0,0,https://youtube.com/watch?v=yDTSQAzA2SQ&lc=UgzBjIhUmu5NBZPW3Kl4AaABAg,விஜய் திரிஷா,ta,"Trisha says that she is a good friend, even if she is a friend, they have no right to go wherever she goes on government trips. Everyone blames Trisha."
youtube,comment,Ugy1E7W9ZqrSg3CDW954AaABAg,yDTSQAzA2SQ,2026-09-17 03:28:57+00:00,2026-09-22T04:34:40Z,b3aac7a27c4f,We need re election... Vijay you are unfit for this position... I am telling this in the rights of my vote given to you.,0,0,0,https://youtube.com/watch?v=yDTSQAzA2SQ&lc=Ugy1E7W9ZqrSg3CDW954AaABAg,விஜய் திரிஷா,en,We need re election... Vijay you are unfit for this position... I am telling this in the rights of my vote given to you.
youtube,comment,UgwteOV8JW05tCeoveN4AaABAg,36UIMG2yRDU,2026-09-17 03:33:33+00:00,2026-09-22T04:19:43Z,008ab6b33d4b,so what? they are true friends! nothing to hide,0,0,0,https://youtube.com/watch?v=36UIMG2yRDU&lc=UgwteOV8JW05tCeoveN4AaABAg,Vijay Trisha,en,so what? they are true friends! nothing to hide
youtube,comment,UgwPqPftVuUirNPLz214AaABAg,yDTSQAzA2SQ,2026-09-17 03:33:54+00:00,2026-09-22T04:34:40Z,4560f7cc739e,Angeyum tharkuri koottama da,0,0,0,https://youtube.com/watch?v=yDTSQAzA2SQ&lc=UgwPqPftVuUirNPLz214AaABAg,விஜய் திரிஷா,en,Angeyum tharkuri koottama da
youtube,comment,Ugy2ERiC1Zi1n4DYnTh4AaABAg,yfBQOmQJTvc,2026-09-17 04:14:18+00:00,2026-09-22T04:34:55Z,87978a89985d,A busy actor's profession and a would be chief minister's responsibilities created gap between him and his family. The people chosen him are now become blind to see him as a person. Vijoy sir please have patience against all criticisms. The country needs a leader like you. ❤,0,0,0,https://youtube.com/watch?v=yfBQOmQJTvc&lc=Ugy2ERiC1Zi1n4DYnTh4AaABAg,விஜய் திரிஷா,en,A busy actor's profession and a would be chief minister's responsibilities created gap between him and his family. The people chosen him are now become blind to see him as a person. Vijoy sir please have patience against all criticisms. The country needs a leader like you. ❤
youtube,comment,Ugxd00bA0z48L0z0I0J4AaABAg,yDTSQAzA2SQ,2026-09-17 04:41:25+00:00,2026-09-22T04:34:40Z,42784d581cc9,Actor went to London for this purpose only 😊,0,0,0,https://youtube.com/watch?v=yDTSQAzA2SQ&lc=Ugxd00bA0z48L0z0I0J4AaABAg,விஜய் திரிஷா,en,Actor went to London for this purpose only 😊
youtube,comment,Ugy1M7djy0936nwlKI14AaABAg,yDTSQAzA2SQ,2026-09-17 04:53:37+00:00,2026-09-22T04:34:40Z,9ca777676147,ஒரு பொண்டாட்டிக்கு என்ன வலி இருக்குமோ அந்த வலி இந்த வலி,0,0,0,https://youtube.com/watch?v=yDTSQAzA2SQ&lc=Ugy1M7djy0936nwlKI14AaABAg,விஜய் திரிஷா,ta,This pain is the pain that a baby feels
youtube,comment,UgycmpDZ2IMBvCrZ-cN4AaABAg,w0d_bPb3tz4,2026-09-17 04:55:33+00:00,2026-09-22T13:54:31Z,7d3a0af48338,Ada paothiyankalay,0,0,0,https://youtube.com/watch?v=w0d_bPb3tz4&lc=UgycmpDZ2IMBvCrZ-cN4AaABAg,Vijay Trisha,en,Ada paothiyankalay
youtube,comment,Ugz_xvGv8u4Nw_2Gf-14AaABAg,yDTSQAzA2SQ,2026-09-17 05:00:19+00:00,2026-09-22T04:34:40Z,5a349808ea66,They are enjoying in our tax money... people are idiot.,0,0,0,https://youtube.com/watch?v=yDTSQAzA2SQ&lc=Ugz_xvGv8u4Nw_2Gf-14AaABAg,விஜய் திரிஷா,en,They are enjoying in our tax money... people are idiot.
youtube,comment,UgyvQnEsOMNN2uAG2B94AaABAg,yDTSQAzA2SQ,2026-09-17 05:10:15+00:00,2026-09-22T04:34:40Z,f92ddb3f5ff1,"விஜய் திரிஷா தொடர்பு,விஜய்யின்  அரசியல் வாழ்வை  அழித்துவிட்டது.இவருக்கு ஓட்டு போட்டதற்காக மிக மிக வருந்துகிறேன்.பலரும்  இதேதான் இப்போ  சொல்கிறார்கள்.😢😢😢😢😢",1,0,0,https://youtube.com/watch?v=yDTSQAzA2SQ&lc=UgyvQnEsOMNN2uAG2B94AaABAg,விஜய் திரிஷா,ta,Vijay Trisha relationship has ruined Vijay's political life. I am very sorry for voting for him. Many people are saying the same thing now.😢😢😢😢😢😢
youtube,comment,UgwL1Kr-2itFrYjTqap4AaABAg,36UIMG2yRDU,2026-09-17 05:44:36+00:00,2026-09-22T04:19:43Z,dec77527b1d4,The obsession with cinema is ruining the youth of Tamil Nadu.,1,0,0,https://youtube.com/watch?v=36UIMG2yRDU&lc=UgwL1Kr-2itFrYjTqap4AaABAg,Vijay Trisha,en,The obsession with cinema is ruining the youth of Tamil Nadu.
youtube,comment,UgzhaT0WRinw03mFJ8V4AaABAg,yDTSQAzA2SQ,2026-09-17 05:50:02+00:00,2026-09-22T04:34:40Z,7a668323cada,Everything made a people  be foolish. They are reel. They never think about people .They want to enjoy people's life.,0,0,0,https://youtube.com/watch?v=yDTSQAzA2SQ&lc=UgzhaT0WRinw03mFJ8V4AaABAg,விஜய் திரிஷா,en,Everything made a people  be foolish. They are reel. They never think about people .They want to enjoy people's life.
youtube,comment,Ugxwa2GlI-PCOlXvknF4AaABAg,yDTSQAzA2SQ,2026-09-17 05:51:50+00:00,2026-09-22T04:34:40Z,7a668323cada,God help us,0,0,0,https://youtube.com/watch?v=yDTSQAzA2SQ&lc=Ugxwa2GlI-PCOlXvknF4AaABAg,விஜய் திரிஷா,en,God help us
youtube,comment,Ugz5aqtJAVEq_-yi6z14AaABAg,yDTSQAzA2SQ,2026-09-17 05:59:29+00:00,2026-09-22T04:34:40Z,88ac41286c70,Idhukkum muttukudukkum anil pizhappai ennanu soldrathu,0,0,0,https://youtube.com/watch?v=yDTSQAzA2SQ&lc=Ugz5aqtJAVEq_-yi6z14AaABAg,விஜய் திரிஷா,en,Idhukkum muttukudukkum anil pizhappai ennanu soldrathu
youtube,comment,UgyGYCST_HOOdpeW61l4AaABAg,yDTSQAzA2SQ,2026-09-17 06:10:36+00:00,2026-09-22T04:34:40Z,7a668323cada,Tamil Nadu people ku vera velai .illa ivangala than mobile la parthukitte irukanumpola,0,0,0,https://youtube.com/watch?v=yDTSQAzA2SQ&lc=UgyGYCST_HOOdpeW61l4AaABAg,விஜய் திரிஷா,en,Tamil Nadu people ku vera velai .illa ivangala than mobile la parthukitte irukanumpola
youtube,comment,UgziV5OJQIH7UJ2s8AZ4AaABAg,yfBQOmQJTvc,2026-09-17 06:46:27+00:00,2026-09-22T04:34:55Z,d747943cc590,Vekam illa tha girl...she is culprit,0,0,0,https://youtube.com/watch?v=yfBQOmQJTvc&lc=UgziV5OJQIH7UJ2s8AZ4AaABAg,விஜய் திரிஷா,en,Vekam illa tha girl...she is culprit
youtube,comment,Ugw-aXzC3RYIcZK2ORp4AaABAg,i1BqRYMFS08,2026-09-17 07:12:09+00:00,2026-09-22T13:54:20Z,41a361c30b5b,Vibe go he ❤,0,0,0,https://youtube.com/watch?v=i1BqRYMFS08&lc=Ugw-aXzC3RYIcZK2ORp4AaABAg,Vijay Trisha,en,Vibe go he ❤
youtube,comment,UgwPjMsDEpBNfGNinRV4AaABAg,i1BqRYMFS08,2026-09-17 07:18:15+00:00,2026-09-22T13:54:20Z,72ad11d3bb9a,Someone on ganesha chaturthi ❤,52,0,0,https://youtube.com/watch?v=i1BqRYMFS08&lc=UgwPjMsDEpBNfGNinRV4AaABAg,Vijay Trisha,en,Someone on ganesha chaturthi ❤
youtube,comment,Ugyg6IFmB3KCUwWa_kl4AaABAg,yDTSQAzA2SQ,2026-09-17 07:35:05+00:00,2026-09-22T04:34:40Z,3f355f7f1ecd,முண்டு கொடுத்து பேச தற்குறிகள் இருக்கு மட்டும் விஜய் இன்னும் ஏமாற்றி அரசியல் செய்து கொண்டு தான் இருப்பார்,1,0,0,https://youtube.com/watch?v=yDTSQAzA2SQ&lc=Ugyg6IFmB3KCUwWa_kl4AaABAg,விஜய் திரிஷா,ta,"If there is anything to talk about, Vijay will continue to cheat and do politics"
youtube,comment,UgysD-s8R2RdwdncRZR4AaABAg,CRNza2iMSJE,2026-09-17 07:48:00+00:00,2026-09-22T03:58:45Z,07f3b8c15bcd,தலைவா நீங்க தான் சரியான செய்தி நேரில் பார்த்த மாரி சொல்லுவீங்க அடிக்கடி வீடியோ போடுங்க ❤❤,1,0,0,https://youtube.com/watch?v=CRNza2iMSJE&lc=UgysD-s8R2RdwdncRZR4AaABAg,Vijay Trisha,ta,"Leader, you are the one who has seen the right news, please post more videos ❤❤"
youtube,comment,Ugy-zGD67jzCfvX1KNR4AaABAg,yDTSQAzA2SQ,2026-09-17 07:56:06+00:00,2026-09-22T04:34:40Z,c98bdb8ed977,"Only to spoil His name and  give so much of tension and unhappiness to one Happy family and also to all mothers
Unhappy News",1,0,0,https://youtube.com/watch?v=yDTSQAzA2SQ&lc=Ugy-zGD67jzCfvX1KNR4AaABAg,விஜய் திரிஷா,en,"Only to spoil His name and  give so much of tension and unhappiness to one Happy family and also to all mothers
Unhappy News"
youtube,comment,UgzyFL91ee8snIfDOaN4AaABAg,i1BqRYMFS08,2026-09-17 09:20:47+00:00,2026-09-22T13:54:20Z,5014bf2f559a,দামি গান ❤❤❤,0,0,0,https://youtube.com/watch?v=i1BqRYMFS08&lc=UgzyFL91ee8snIfDOaN4AaABAg,Vijay Trisha,en,দামি গান ❤❤❤
youtube,comment,UgyNZEUZ2AnIMi2ZL9t4AaABAg,T7w0Scr1bG8,2026-09-17 09:39:35+00:00,2026-09-22T13:54:33Z,db108dca23ec,எப்ப உள்ள வீடியோ டா இது வேற வேலையே இல்லை யா டா,0,0,0,https://youtube.com/watch?v=T7w0Scr1bG8&lc=UgyNZEUZ2AnIMi2ZL9t4AaABAg,Vijay Trisha,ta,"When is the video, this is not another job"
youtube,comment,UgwSPB613rGq245g19N4AaABAg,yfBQOmQJTvc,2026-09-17 10:21:17+00:00,2026-09-22T04:34:55Z,3be0c5223409,மானகெட்டவ எங்க போனாலும் வந்துடுவா வெக்கம் கெட்டவ,0,0,0,https://youtube.com/watch?v=yfBQOmQJTvc&lc=UgwSPB613rGq245g19N4AaABAg,விஜய் திரிஷா,ta,"Come wherever you go, shameless"
youtube,comment,Ugyj8JdzveVL0thRydh4AaABAg,yDTSQAzA2SQ,2026-09-17 11:10:22+00:00,2026-09-22T04:34:40Z,2734e1caa1e3,I am glad am not so nor my Kids will be so for any cine artist or CM from cine Industry,0,0,0,https://youtube.com/watch?v=yDTSQAzA2SQ&lc=Ugyj8JdzveVL0thRydh4AaABAg,விஜய் திரிஷா,en,I am glad am not so nor my Kids will be so for any cine artist or CM from cine Industry
youtube,comment,Ugzn0YYtDLIw9UjNe-B4AaABAg,CRNza2iMSJE,2026-09-17 11:11:52+00:00,2026-09-22T03:58:45Z,442a93d40242,"Tamil people's tax money wasted by actor for his london trip.what kamaraj said,if power given to koothadi,he will give the same to koothiyal.",0,0,0,https://youtube.com/watch?v=CRNza2iMSJE&lc=Ugzn0YYtDLIw9UjNe-B4AaABAg,Vijay Trisha,en,"Tamil people's tax money wasted by actor for his london trip.what kamaraj said,if power given to koothadi,he will give the same to koothiyal."
youtube,comment,UgwF-GRkqbp1YyjU-bx4AaABAg,CRNza2iMSJE,2026-09-17 11:13:01+00:00,2026-09-22T03:58:45Z,442a93d40242,This person tvk reels maker,1,0,0,https://youtube.com/watch?v=CRNza2iMSJE&lc=UgwF-GRkqbp1YyjU-bx4AaABAg,Vijay Trisha,en,This person tvk reels maker
youtube,comment,UgzeBFnuxlzD3s4pDBF4AaABAg,i1BqRYMFS08,2026-09-17 11:36:57+00:00,2026-09-22T13:54:20Z,90412b87ba52,"2026 , sep - 1st time I ever seen",0,0,0,https://youtube.com/watch?v=i1BqRYMFS08&lc=UgzeBFnuxlzD3s4pDBF4AaABAg,Vijay Trisha,en,"2026 , sep - 1st time I ever seen"
youtube,comment,UgzxGu4R_ncoc3xp6p94AaABAg,yDTSQAzA2SQ,2026-09-17 11:38:32+00:00,2026-09-22T04:34:40Z,04eca39d8bf7,Avanga onna nadichavanga thane....onna oru car il pona enna thappu..Trisha voda ammavum koodave irukanga. Athellam katta mattanga...chumma theva illada avadooru pechukal.....aana nijamo poy yo ivalo jananga pesrsthu ivaluku  theriyatha ava othungiks vendamyathane...ellam ava ammava sollanum edavadu oru kezhavana pathu intha krzhaviku kalyanam panni vaka vendiyathane aduthavan kudiya kedukama....Vijay enga ponalum ava valenteeyra kooda varennu  sonna oru aampalaya Vijaysla vendam nnu solla mudiyamalum irukalam innum oru nigazhchila Vijay kooda ivala paatha Vijay carrier avalov tham Vijay itha unarntha nallathu.... coments type chenju en viral tham valikuthu...ellam Vijayksga tham....inime nan eduvum podaporathillai,0,0,0,https://youtube.com/watch?v=yDTSQAzA2SQ&lc=UgzxGu4R_ncoc3xp6p94AaABAg,விஜய் திரிஷா,tanglish,Avanga onna nadichavanga thane....onna oru car il pona enna thappu..Trisha voda ammavum koodave irukanga.Athellam katta mattanga...chumma theva illada avadooru pechukal.....aana nijamo poy yo ivalo jananga pesrsthu ivaluku theriyatha ava othungiks vendamyathane...ellam ava ammava sollanum edavadu oru kezhavana pathu intha krzhaviku kalyanam panni vaka vendiyathane aduthavan kudiya kedukama....Vijay enga ponalum ava valenteeyra kooda varennu sonna oru aampalaya Vijaysla vendam nnu sollamudiyamalum irukalam innum oru nigazhchila Vijay kooda ivala paatha Vijay carrier avalov tham Vijay itha unarntha nallathu.... coments type chenju en viral tham vaikthu...ellam Vijayksga tham....inime nan eduvum podaporathillai
youtube,comment,UgyBD0CT2-ThWcZyrdF4AaABAg,w0d_bPb3tz4,2026-09-17 11:52:24+00:00,2026-09-22T13:54:31Z,20ce238951db,Why wantedly spoiling your Fame ?!,0,0,0,https://youtube.com/watch?v=w0d_bPb3tz4&lc=UgyBD0CT2-ThWcZyrdF4AaABAg,Vijay Trisha,en,Why wantedly spoiling your Fame ?!
youtube,comment,Ugzq03cMM9htI7aK9md4AaABAg,yDTSQAzA2SQ,2026-09-17 13:19:24+00:00,2026-09-22T04:34:40Z,a72b554143a2,I voted  tvk. But now I am ashamsed of me. Because They have no responsibility.,0,0,0,https://youtube.com/watch?v=yDTSQAzA2SQ&lc=Ugzq03cMM9htI7aK9md4AaABAg,விஜய் திரிஷா,en,I voted  tvk. But now I am ashamsed of me. Because They have no responsibility.
youtube,comment,UgzRNRIVe3Il3R9isvB4AaABAg,yfBQOmQJTvc,2026-09-17 13:36:22+00:00,2026-09-22T04:34:55Z,bc74dd83508f,Ava kuda photo vera edukaranka venkam ketavanka,0,0,0,https://youtube.com/watch?v=yfBQOmQJTvc&lc=UgzRNRIVe3Il3R9isvB4AaABAg,விஜய் திரிஷா,en,Ava kuda photo vera edukaranka venkam ketavanka
youtube,comment,UgyX2-QZwSHfu6XHr7J4AaABAg,CRNza2iMSJE,2026-09-17 13:57:47+00:00,2026-09-22T03:58:45Z,18cbc8acbf50,Vijay CM Trisha london honey moon ❤❤🌹🌹,1,0,0,https://youtube.com/watch?v=CRNza2iMSJE&lc=UgyX2-QZwSHfu6XHr7J4AaABAg,Vijay Trisha,en,Vijay CM Trisha london honey moon ❤❤🌹🌹
youtube,comment,Ugy8DhUrDsqIXdvBT794AaABAg,yDTSQAzA2SQ,2026-09-17 14:33:44+00:00,2026-09-22T04:34:40Z,6042211787b1,மாண்புமிகு தமிழக முதல்வர் என்கிற அந்தஸ்தை விஜய் அவர்கள் இழந்துகொண்டு இருக்கிறார் இந்த மாற்றத்தை காணத்தான் தமிழக மக்கள் விரும்பினார்களா என்ன பொறுப்பு இல்லாத முதல்வர் இவர்.,0,0,0,https://youtube.com/watch?v=yDTSQAzA2SQ&lc=Ugy8DhUrDsqIXdvBT794AaABAg,விஜய் திரிஷா,ta,"Vijay is losing his status as Hon'ble Chief Minister of Tamil Nadu, he is the irresponsible Chief Minister, did the people of Tamil Nadu want to see this change."
youtube,comment,UgxH5NrHwhyDzEZLv0J4AaABAg,yDTSQAzA2SQ,2026-09-17 14:41:10+00:00,2026-09-22T04:34:40Z,706a84eafe9d,I don't like vijay and Ajith actor behaviour.vijayku next election sanguthan😂,0,0,0,https://youtube.com/watch?v=yDTSQAzA2SQ&lc=UgxH5NrHwhyDzEZLv0J4AaABAg,விஜய் திரிஷா,en,I don't like vijay and Ajith actor behaviour.vijayku next election sanguthan😂
youtube,comment,UgxrCJyPXtcUB8f2Z_54AaABAg,yDTSQAzA2SQ,2026-09-17 15:09:31+00:00,2026-09-22T04:34:40Z,4aae95630465,Anna you should clarify this issue from ube side . We all voted for you .. enga veetla anna ippadi iruntha we will definitely ask this question... Ippayum why you are maintaining silence.. pls anna . Pls clarify this,0,0,0,https://youtube.com/watch?v=yDTSQAzA2SQ&lc=UgxrCJyPXtcUB8f2Z_54AaABAg,விஜய் திரிஷா,tanglish,Anna you should clarify this issue from ube side . We all voted for you .. enga veetla anna ippadi iruntha we will definitely ask this question... Ippayum why you are maintaining silence.. pls anna . Pls clarify this
youtube,comment,UgxZP-Qe7Q_0nY_teat4AaABAg,i1BqRYMFS08,2026-09-17 15:39:45+00:00,2026-09-22T13:54:20Z,6d2d424752f3,Kerala cm and electricity minister ai dance hits different,1,0,0,https://youtube.com/watch?v=i1BqRYMFS08&lc=UgxZP-Qe7Q_0nY_teat4AaABAg,Vijay Trisha,en,Kerala cm and electricity minister ai dance hits different
youtube,comment,Ugy4_AAYXpnLQ_YUUx14AaABAg,yDTSQAzA2SQ,2026-09-17 16:02:17+00:00,2026-09-22T04:34:40Z,5a638986bb12,"Satisfied reading the comment section. Its not just me hating him, all loyal fans are now against this behavior. Anils please support our culture too, not just your hero.",3,0,0,https://youtube.com/watch?v=yDTSQAzA2SQ&lc=Ugy4_AAYXpnLQ_YUUx14AaABAg,விஜய் திரிஷா,en,"Satisfied reading the comment section. Its not just me hating him, all loyal fans are now against this behavior. Anils please support our culture too, not just your hero."
youtube,comment,UgzsG3EIu76YEBS61b14AaABAg,CRNza2iMSJE,2026-09-17 16:21:14+00:00,2026-09-22T03:58:45Z,42e36c2cced3,Sir vijay trisha trisha nu ponal next oru vote kuda vijay ku poda mattanga 😂,1,0,0,https://youtube.com/watch?v=CRNza2iMSJE&lc=UgzsG3EIu76YEBS61b14AaABAg,Vijay Trisha,en,Sir vijay trisha trisha nu ponal next oru vote kuda vijay ku poda mattanga 😂
youtube,comment,Ugy8UeL5Pw_vsuvV__p4AaABAg,CRNza2iMSJE,2026-09-17 16:48:35+00:00,2026-09-22T03:58:45Z,d8c4d5eecfaf,Threesha  CM Vijay wife Sangeethaavargaly valavidu,1,0,0,https://youtube.com/watch?v=CRNza2iMSJE&lc=Ugy8UeL5Pw_vsuvV__p4AaABAg,Vijay Trisha,en,Threesha  CM Vijay wife Sangeethaavargaly valavidu
youtube,comment,Ugwi_F28z8xBbq2XoPl4AaABAg,yDTSQAzA2SQ,2026-09-17 17:04:04+00:00,2026-09-22T04:34:40Z,10d65511d58a,Rendu peru serndhu tamil natai naarafichitanga..... Wat to am also fan of him..... But need to tell d truth.... Fans ngloda weakness use panitinga neenga.....,1,0,0,https://youtube.com/watch?v=yDTSQAzA2SQ&lc=Ugwi_F28z8xBbq2XoPl4AaABAg,விஜய் திரிஷா,en,Rendu peru serndhu tamil natai naarafichitanga..... Wat to am also fan of him..... But need to tell d truth.... Fans ngloda weakness use panitinga neenga.....
youtube,comment,UgwO-uc6hS9hWmZjFiB4AaABAg,ldUTAZBarwc,2026-09-17 17:18:28+00:00,2026-09-22T04:33:14Z,c6b4f8df16c8,Lol edited but it's sweet,0,0,0,https://youtube.com/watch?v=ldUTAZBarwc&lc=UgwO-uc6hS9hWmZjFiB4AaABAg,Thalapathy Vijay Trisha,en,Lol edited but it's sweet
youtube,comment,UgyEIDGP1-gQv_BGJod4AaABAg,yfBQOmQJTvc,2026-09-17 17:53:11+00:00,2026-09-22T04:34:55Z,eb7f0ee68109,Intha CM engaluku vendam,0,0,0,https://youtube.com/watch?v=yfBQOmQJTvc&lc=UgyEIDGP1-gQv_BGJod4AaABAg,விஜய் திரிஷா,en,Intha CM engaluku vendam
youtube,comment,UgyJx8U7kFM1zSxuAqh4AaABAg,i1BqRYMFS08,2026-09-17 17:57:24+00:00,2026-09-22T13:54:20Z,c0452713d4a4,Best song 😂😂😂,0,0,0,https://youtube.com/watch?v=i1BqRYMFS08&lc=UgyJx8U7kFM1zSxuAqh4AaABAg,Vijay Trisha,en,Best song 😂😂😂
youtube,comment,UgxuEF8MI0_eXocd4j54AaABAg,yfBQOmQJTvc,2026-09-17 18:19:15+00:00,2026-09-22T04:34:55Z,14bbe62e4f62,"Very bad  
Shame on u  vijyay..  👎🏼",0,0,0,https://youtube.com/watch?v=yfBQOmQJTvc&lc=UgxuEF8MI0_eXocd4j54AaABAg,விஜய் திரிஷா,en,"Very bad  
Shame on u  vijyay..  👎🏼"
youtube,comment,UgweH_-RnGw-1N6Ng5B4AaABAg,CRNza2iMSJE,2026-09-17 20:31:14+00:00,2026-09-22T03:58:45Z,af5a10d89f48,பைல்வான் மட்டும் தான் எவனுக்கும் பயப்படாம விமர்சனம் செய்வார்,1,0,0,https://youtube.com/watch?v=CRNza2iMSJE&lc=UgweH_-RnGw-1N6Ng5B4AaABAg,Vijay Trisha,ta,Bailwan is the only one who criticizes without fear of anyone
youtube,comment,UgycbC1x8Irj3p8L_gx4AaABAg,yDTSQAzA2SQ,2026-09-17 20:42:34+00:00,2026-09-22T04:34:40Z,b2654d5cfd7e,Tamilnadu nasamakkiya tharkuri gal,0,0,0,https://youtube.com/watch?v=yDTSQAzA2SQ&lc=UgycbC1x8Irj3p8L_gx4AaABAg,விஜய் திரிஷா,en,Tamilnadu nasamakkiya tharkuri gal
youtube,comment,UgzUHd3t0x_CiJvldT14AaABAg,i1BqRYMFS08,2026-09-17 22:19:13+00:00,2026-09-22T13:54:20Z,0a9520ba0fa5,CM of TN (great),1,0,0,https://youtube.com/watch?v=i1BqRYMFS08&lc=UgzUHd3t0x_CiJvldT14AaABAg,Vijay Trisha,en,CM of TN (great)
youtube,comment,Ugw-iOh6UE3p1SzsCJR4AaABAg,i1BqRYMFS08,2026-09-17 22:22:31+00:00,2026-09-22T13:54:20Z,0a9520ba0fa5,Vijay ❤ trisha combo,1,0,0,https://youtube.com/watch?v=i1BqRYMFS08&lc=Ugw-iOh6UE3p1SzsCJR4AaABAg,Vijay Trisha,en,Vijay ❤ trisha combo
youtube,comment,UgzNyAyaINuuattzzD54AaABAg,yDTSQAzA2SQ,2026-09-18 01:42:46+00:00,2026-09-22T04:34:40Z,d45fa5b020ef,Vijay enjoy Trisha koduthuvachivanda,0,0,0,https://youtube.com/watch?v=yDTSQAzA2SQ&lc=UgzNyAyaINuuattzzD54AaABAg,விஜய் திரிஷா,en,Vijay enjoy Trisha koduthuvachivanda
youtube,comment,UgwSEFycu15Dxns8KdR4AaABAg,yDTSQAzA2SQ,2026-09-18 01:43:08+00:00,2026-09-22T04:34:40Z,d45fa5b020ef,Aiadmk my hearts namaste 🙏 ♥️ ❤️ 💓,0,0,0,https://youtube.com/watch?v=yDTSQAzA2SQ&lc=UgwSEFycu15Dxns8KdR4AaABAg,விஜய் திரிஷா,en,Aiadmk my hearts namaste 🙏 ♥️ ❤️ 💓
youtube,comment,UgzzPwPYdupHjqNtvU94AaABAg,yDTSQAzA2SQ,2026-09-18 01:43:22+00:00,2026-09-22T04:34:40Z,d45fa5b020ef,Eps ayya aiadmk hearts namaste namaste namaste ❤❤🎉🎉,0,0,0,https://youtube.com/watch?v=yDTSQAzA2SQ&lc=UgzzPwPYdupHjqNtvU94AaABAg,விஜய் திரிஷா,en,Eps ayya aiadmk hearts namaste namaste namaste ❤❤🎉🎉
youtube,comment,UgyK8gD8HAJC-d0bty94AaABAg,CRNza2iMSJE,2026-09-18 02:13:32+00:00,2026-09-22T03:58:45Z,65df1b9dee2f,"எம் ஆர் ராதா சொன்னார்
 கலை  என்னடா கலை காம வேட்டைக்கு மறு பெயர் தான் கலை 
தமிழ் சினிமா வாழ்க",2,0,0,https://youtube.com/watch?v=CRNza2iMSJE&lc=UgyK8gD8HAJC-d0bty94AaABAg,Vijay Trisha,ta,"MR Radha said
Art is not art but art is another name for lust hunting
Long live Tamil cinema"
youtube,comment,Ugy1Ar9ygH2jZLl_9SR4AaABAg,yDTSQAzA2SQ,2026-09-18 02:20:47+00:00,2026-09-22T04:34:40Z,39e684054c78,உண்மையிலேயே இவங்க வாழுறாங்கப்பா,0,0,0,https://youtube.com/watch?v=yDTSQAzA2SQ&lc=Ugy1Ar9ygH2jZLl_9SR4AaABAg,விஜய் திரிஷா,ta,Are they really living?
youtube,comment,Ugw6PVHlx-CB52LvDSR4AaABAg,w0d_bPb3tz4,2026-09-18 02:44:48+00:00,2026-09-22T13:54:31Z,efce60215fa9,இது அவர்கள் தனிப்பட்ட வாழ்க்கை,0,0,0,https://youtube.com/watch?v=w0d_bPb3tz4&lc=Ugw6PVHlx-CB52LvDSR4AaABAg,Vijay Trisha,ta,This is their private life
youtube,comment,UgxPmPEQLtgU4FdxDCB4AaABAg,yDTSQAzA2SQ,2026-09-18 02:47:22+00:00,2026-09-22T04:34:40Z,efce60215fa9,Trisha🎉🎉🎉🎉🎉,0,0,0,https://youtube.com/watch?v=yDTSQAzA2SQ&lc=UgxPmPEQLtgU4FdxDCB4AaABAg,விஜய் திரிஷா,en,Trisha🎉🎉🎉🎉🎉
youtube,comment,UgxZRm3VUYcb5DWSPJJ4AaABAg,yDTSQAzA2SQ,2026-09-18 04:38:18+00:00,2026-09-22T04:34:40Z,7195e2b76d57,Thirusha unakku arivillai,0,0,0,https://youtube.com/watch?v=yDTSQAzA2SQ&lc=UgxZRm3VUYcb5DWSPJJ4AaABAg,விஜய் திரிஷா,en,Thirusha unakku arivillai
youtube,comment,UgzTpGk2CLHHowgGxgN4AaABAg,yDTSQAzA2SQ,2026-09-18 04:42:25+00:00,2026-09-22T04:34:40Z,b4c8f736529b,இந்த பாப்பாவை பார்க்கத்தான் அரசு செலவில் லண்டன் போனாரா?,0,0,0,https://youtube.com/watch?v=yDTSQAzA2SQ&lc=UgzTpGk2CLHHowgGxgN4AaABAg,விஜய் திரிஷா,ta,Did he go to London at the expense of the government to see this papa?
youtube,comment,UgzKBD6hHJ9j9Pgd7ZJ4AaABAg,i1BqRYMFS08,2026-09-18 05:00:26+00:00,2026-09-22T13:54:20Z,8d14de1f1d5d,Yen lal pri chowk pange ghenasaathi,0,0,0,https://youtube.com/watch?v=i1BqRYMFS08&lc=UgzKBD6hHJ9j9Pgd7ZJ4AaABAg,Vijay Trisha,en,Yen lal pri chowk pange ghenasaathi
youtube,comment,UgyMFUABRjv_EItB6s54AaABAg,i1BqRYMFS08,2026-09-18 05:02:06+00:00,2026-09-22T13:54:20Z,42ff8f70ff24,Gatta Kusti Key Baad Fir Again Tranding May Aaya Yi Masterpiece Song 🎉❤,1,0,0,https://youtube.com/watch?v=i1BqRYMFS08&lc=UgyMFUABRjv_EItB6s54AaABAg,Vijay Trisha,en,Gatta Kusti Key Baad Fir Again Tranding May Aaya Yi Masterpiece Song 🎉❤
youtube,comment,Ugzq3Y4eitYAgXShwSp4AaABAg,i1BqRYMFS08,2026-09-18 06:47:40+00:00,2026-09-22T13:54:20Z,a69781227179,The song is very impressive 💛,1,0,0,https://youtube.com/watch?v=i1BqRYMFS08&lc=Ugzq3Y4eitYAgXShwSp4AaABAg,Vijay Trisha,en,The song is very impressive 💛
youtube,comment,Ugyq1GwJAOeP5hny7TB4AaABAg,yDTSQAzA2SQ,2026-09-18 07:09:17+00:00,2026-09-22T04:34:40Z,72eb7a2c3b38,Vijay oru tharkuri 😂,0,0,0,https://youtube.com/watch?v=yDTSQAzA2SQ&lc=Ugyq1GwJAOeP5hny7TB4AaABAg,விஜய் திரிஷா,en,Vijay oru tharkuri 😂
youtube,comment,Ugx42HVPAolUVoD94N94AaABAg,zH0Q8imJk0c,2026-09-18 07:45:48+00:00,2026-09-22T04:33:26Z,3eafe4c3a2ff,திரிஷா தயவு செய்து எங்கேயாவது போய் தொள எங்க அண்ணா அண்ணி சேர்ந்தது வாழ வேண்டும்,3,0,0,https://youtube.com/watch?v=zH0Q8imJk0c&lc=Ugx42HVPAolUVoD94N94AaABAg,Thalapathy Vijay Trisha,ta,Trisha please go somewhere and live where my brother and sister have joined
youtube,comment,UgyTVM424yLlHqaJrNR4AaABAg,T3fK0PQQfns,2026-09-18 07:47:14+00:00,2026-09-22T13:54:02Z,9cdaf07f2d3d,Selfish . Fake film industry,0,0,0,https://youtube.com/watch?v=T3fK0PQQfns&lc=UgyTVM424yLlHqaJrNR4AaABAg,Vijay Trisha,en,Selfish . Fake film industry
youtube,comment,UgwtO4GEMF5q6qJfMyR4AaABAg,yDTSQAzA2SQ,2026-09-18 07:51:40+00:00,2026-09-22T04:34:40Z,0ca46bcc58d4,யாரும் சாகலியா,0,0,0,https://youtube.com/watch?v=yDTSQAzA2SQ&lc=UgwtO4GEMF5q6qJfMyR4AaABAg,விஜய் திரிஷா,ta,No one died
youtube,comment,Ugxqp3qQp5ADSidMpKd4AaABAg,yfBQOmQJTvc,2026-09-18 07:57:07+00:00,2026-09-22T04:34:55Z,9cdaf07f2d3d,Not even a sense of shame,0,0,0,https://youtube.com/watch?v=yfBQOmQJTvc&lc=Ugxqp3qQp5ADSidMpKd4AaABAg,விஜய் திரிஷா,en,Not even a sense of shame
youtube,comment,Ugz1SiLH1_pI1MJRnnN4AaABAg,vMyj_qs7hrY,2026-09-18 08:47:10+00:00,2026-09-22T04:33:47Z,94475ab7d30d,Super interview from sri lanka❤,1,0,0,https://youtube.com/watch?v=vMyj_qs7hrY&lc=Ugz1SiLH1_pI1MJRnnN4AaABAg,Vijay Sangeetha divorce,en,Super interview from sri lanka❤
youtube,comment,UgwNYh6RTl-1ckXwsL94AaABAg,yDTSQAzA2SQ,2026-09-18 08:59:55+00:00,2026-09-22T04:34:40Z,79f90088d404,அவன் இன்னும் சினிமா மோடில் தான் உள்ளார் நாம தான் பைத்தியகாரன் மாதிரி முதல்வர் நினைத்துட்டு பேசிட்டு இருக்கோம்,0,0,0,https://youtube.com/watch?v=yDTSQAzA2SQ&lc=UgwNYh6RTl-1ckXwsL94AaABAg,விஜய் திரிஷா,ta,He is still in movie mode and we are thinking and talking like a madman
youtube,comment,Ugy_3cwLemB8bYnCo4V4AaABAg,yDTSQAzA2SQ,2026-09-18 09:14:59+00:00,2026-09-22T04:34:40Z,dd680db23df2,Sangeeta mam pavam,0,0,0,https://youtube.com/watch?v=yDTSQAzA2SQ&lc=Ugy_3cwLemB8bYnCo4V4AaABAg,விஜய் திரிஷா,en,Sangeeta mam pavam
youtube,comment,Ugwik_g7_2Uw5srjNYh4AaABAg,vMyj_qs7hrY,2026-09-18 09:29:10+00:00,2026-09-22T04:33:47Z,0a933b175987,Sari unnai thaan john sir vijay annavu thoraththittaanga ille appuram tvk vaiye pesara,0,0,0,https://youtube.com/watch?v=vMyj_qs7hrY&lc=Ugwik_g7_2Uw5srjNYh4AaABAg,Vijay Sangeetha divorce,en,Sari unnai thaan john sir vijay annavu thoraththittaanga ille appuram tvk vaiye pesara
youtube,comment,UgzXIqm6kmhBVmMt4ut4AaABAg,i1BqRYMFS08,2026-09-18 10:17:43+00:00,2026-09-22T13:54:20Z,4857653eb1c8,Pakka song on Ganesha festival dj😂😂,0,0,0,https://youtube.com/watch?v=i1BqRYMFS08&lc=UgzXIqm6kmhBVmMt4ut4AaABAg,Vijay Trisha,en,Pakka song on Ganesha festival dj😂😂
youtube,comment,UgxOJR05Gphq3MQTC3p4AaABAg,vMyj_qs7hrY,2026-09-18 10:18:00+00:00,2026-09-22T04:33:47Z,0a933b175987,Adei ellaathaiyum sollittu personal vendaamkirey.... Intha aala tvk ley illaama irupathu romba nallathum... Poison guy,0,0,0,https://youtube.com/watch?v=vMyj_qs7hrY&lc=UgxOJR05Gphq3MQTC3p4AaABAg,Vijay Sangeetha divorce,en,Adei ellaathaiyum sollittu personal vendaamkirey.... Intha aala tvk ley illaama irupathu romba nallathum... Poison guy
youtube,comment,Ugx2P6CRonVOSO8JXTJ4AaABAg,yDTSQAzA2SQ,2026-09-18 11:03:01+00:00,2026-09-22T04:34:40Z,aa714cc75842,"குரங்குகையில் பூமாலை, த.வெ.க ஆட்சி, மக்கள் வரி பணம் வீன் விரயம், மக்களின் வேர்வையை குடிக்கும் த.வெ,கஅரசு, நாடு நாசம போகுது,😭😭😭🫡",0,0,0,https://youtube.com/watch?v=yDTSQAzA2SQ&lc=Ugx2P6CRonVOSO8JXTJ4AaABAg,விஜய் திரிஷா,ta,"In Kuranguwa, Bhumalai, T.VK rule, people's tax money is wasted, T.V. is drinking the root of people, the country is going to ruin, 😭😭😭🫡"
youtube,comment,UgyuMdFgdtLXoLHJHFV4AaABAg,yfBQOmQJTvc,2026-09-18 11:13:59+00:00,2026-09-22T04:34:55Z,8bc9380879b2,Ivanellan oru CM,0,0,0,https://youtube.com/watch?v=yfBQOmQJTvc&lc=UgyuMdFgdtLXoLHJHFV4AaABAg,விஜய் திரிஷா,en,Ivanellan oru CM
youtube,comment,Ugy_C3B5SKDJaZOkIot4AaABAg,yfBQOmQJTvc,2026-09-18 11:16:11+00:00,2026-09-22T04:34:55Z,8bc9380879b2,He is in professional trip not a personal trip,0,0,0,https://youtube.com/watch?v=yfBQOmQJTvc&lc=Ugy_C3B5SKDJaZOkIot4AaABAg,விஜய் திரிஷா,en,He is in professional trip not a personal trip
youtube,comment,Ugxx9BWjhndIr02PIdd4AaABAg,w0d_bPb3tz4,2026-09-18 11:24:54+00:00,2026-09-22T13:54:31Z,7faed029ec55,ஒவ்வொரு ஆண்களும் கல்யாண வயதில் ஆணும் பொண்ணு வைத்து கொண்டு மனைவியை தள்ளி வைத்து மற்ற ஒருத்திக்கு சினிமா மாதிரி திரிஞ்சா ஒவ்வொரு குடும்பம் என்ன ஆக வது ஒன்னும் புரியல,0,0,0,https://youtube.com/watch?v=w0d_bPb3tz4&lc=Ugxx9BWjhndIr02PIdd4AaABAg,Vijay Trisha,ta,"Every man, at the age of marriage, keeps his daughter and puts his wife away for the other."
youtube,comment,Ugx4chsmwbXhRt0Lh5p4AaABAg,w0d_bPb3tz4,2026-09-18 11:25:54+00:00,2026-09-22T13:54:31Z,7faed029ec55,நல்ல ஆண்களையும் கெடுத்து விடுவார் போல் உள்ளது😢😢😢😢😢😢😢😢😢,0,0,0,https://youtube.com/watch?v=w0d_bPb3tz4&lc=Ugx4chsmwbXhRt0Lh5p4AaABAg,Vijay Trisha,ta,It seems like he spoils even good men😢😢😢😢😢😢😢😢😢
youtube,comment,Ugyo6Jb7fygAUeqHiOB4AaABAg,i1BqRYMFS08,2026-09-18 12:07:07+00:00,2026-09-22T13:54:20Z,9bd2ed9643d0,TVT dal ki nam hota to best hota  kyuki Thalapathi Vijay Trisha 😅😅❤❤❤,0,0,0,https://youtube.com/watch?v=i1BqRYMFS08&lc=Ugyo6Jb7fygAUeqHiOB4AaABAg,Vijay Trisha,en,TVT dal ki nam hota to best hota  kyuki Thalapathi Vijay Trisha 😅😅❤❤❤
youtube,comment,UgyJNVsGSr4RkgQdt7R4AaABAg,i1BqRYMFS08,2026-09-18 12:27:24+00:00,2026-09-22T13:54:20Z,e208c0c644e9,Here after  Vijay CM❤💃🔥,0,0,0,https://youtube.com/watch?v=i1BqRYMFS08&lc=UgyJNVsGSr4RkgQdt7R4AaABAg,Vijay Trisha,en,Here after  Vijay CM❤💃🔥
youtube,comment,Ugz11nnRLIBF7z_xPtR4AaABAg,i1BqRYMFS08,2026-09-18 12:28:58+00:00,2026-09-22T13:54:20Z,e208c0c644e9,Anyone September watching 16/09/2026❤❤❤😊,2,0,0,https://youtube.com/watch?v=i1BqRYMFS08&lc=Ugz11nnRLIBF7z_xPtR4AaABAg,Vijay Trisha,en,Anyone September watching 16/09/2026❤❤❤😊
youtube,comment,Ugwn77pRojH7HUhEvNN4AaABAg,i1BqRYMFS08,2026-09-18 12:30:51+00:00,2026-09-22T13:54:20Z,e208c0c644e9,"Understanding 0%
Vibe 🔥🔥🔥 100%
Enjoying 100%❤❤😊 love from West Bengal ❤❤❤",7,1,0,https://youtube.com/watch?v=i1BqRYMFS08&lc=Ugwn77pRojH7HUhEvNN4AaABAg,Vijay Trisha,en,"Understanding 0%
Vibe 🔥🔥🔥 100%
Enjoying 100%❤❤😊 love from West Bengal ❤❤❤"
youtube,comment,UgziEv1qR6a8_QNVgzd4AaABAg,yDTSQAzA2SQ,2026-09-18 12:34:09+00:00,2026-09-22T04:34:40Z,ce4704763ae6,ஒரே காரில் என்ன ஒரே படுக்கையிலும் தான் படுக்கிறர்கள்😜😜😜,0,0,0,https://youtube.com/watch?v=yDTSQAzA2SQ&lc=UgziEv1qR6a8_QNVgzd4AaABAg,விஜய் திரிஷா,ta,They are sleeping in the same car or in the same bed😜😜😜
youtube,comment,Ugzf-JaUZxoezhj7oa14AaABAg,CRNza2iMSJE,2026-09-18 12:37:00+00:00,2026-09-22T03:58:45Z,c92adf64dbc2,As of now 💯 support for Jason Sanjay 👌,2,0,0,https://youtube.com/watch?v=CRNza2iMSJE&lc=Ugzf-JaUZxoezhj7oa14AaABAg,Vijay Trisha,en,As of now 💯 support for Jason Sanjay 👌
youtube,comment,UgxkPUlOK-MSM5jPMVx4AaABAg,4joO_8Ct2tM,2026-09-18 12:57:52+00:00,2026-09-22T13:54:07Z,d6913290f88d,Kuy meri jindagi barbad kar rahe ho tum logo. My life unsafe kyu kr rha hai . Vijay sir ka kya hua. Unhe personal work me mujhe kyu Ghsit rha hai etna sb kuch krne ka bad mere  ghr Wale  yani ki Trisha Krishna Chaudhari ko jinda rhne dige kya,0,0,0,https://youtube.com/watch?v=4joO_8Ct2tM&lc=UgxkPUlOK-MSM5jPMVx4AaABAg,Vijay Trisha,en,Kuy meri jindagi barbad kar rahe ho tum logo. My life unsafe kyu kr rha hai . Vijay sir ka kya hua. Unhe personal work me mujhe kyu Ghsit rha hai etna sb kuch krne ka bad mere  ghr Wale  yani ki Trisha Krishna Chaudhari ko jinda rhne dige kya
youtube,comment,UgzH_c0fBEwK7IbvGCx4AaABAg,5B50fq1slcA,2026-09-18 12:59:44+00:00,2026-09-22T04:33:08Z,b45bcba066a4,Superb dance 🥳🥳🥳🥳🥳🥳🥳🥳,0,0,0,https://youtube.com/watch?v=5B50fq1slcA&lc=UgzH_c0fBEwK7IbvGCx4AaABAg,Thalapathy Vijay Trisha,en,Superb dance 🥳🥳🥳🥳🥳🥳🥳🥳
youtube,comment,UgxHlLPILpKv35fZHwF4AaABAg,DnrJui-dXic,2026-09-18 13:14:10+00:00,2026-09-22T04:33:29Z,57fd51cd2f3e,Love you Vijay,0,0,0,https://youtube.com/watch?v=DnrJui-dXic&lc=UgxHlLPILpKv35fZHwF4AaABAg,Thalapathy Vijay Trisha,en,Love you Vijay
youtube,comment,UgzfUsznj3aPC7MUHgt4AaABAg,CRNza2iMSJE,2026-09-18 14:19:13+00:00,2026-09-22T03:58:45Z,0a11d01b0801,Trisha tirunchikitae irupiya.,1,0,0,https://youtube.com/watch?v=CRNza2iMSJE&lc=UgzfUsznj3aPC7MUHgt4AaABAg,Vijay Trisha,en,Trisha tirunchikitae irupiya.
youtube,comment,UgwLCYZMj0XzWIZddnh4AaABAg,yDTSQAzA2SQ,2026-09-18 14:34:02+00:00,2026-09-22T04:34:40Z,bb22ac394cc7,காமராஜர் இருந்த பதவி. அதை விஜய் மிக உயர்வாகபார்க்கவேண்டும்,2,0,0,https://youtube.com/watch?v=yDTSQAzA2SQ&lc=UgwLCYZMj0XzWIZddnh4AaABAg,விஜய் திரிஷா,ta,The post held by Kamaraj.Vijay should see it very highly
youtube,comment,Ugymx8GklEMVszm0Zgl4AaABAg,i1BqRYMFS08,2026-09-18 14:52:33+00:00,2026-09-22T13:54:20Z,bfb44c81d03c,So 👍 Nice 🙂,0,0,0,https://youtube.com/watch?v=i1BqRYMFS08&lc=Ugymx8GklEMVszm0Zgl4AaABAg,Vijay Trisha,en,So 👍 Nice 🙂
youtube,comment,UgyT-1FGMlje_N6MLXJ4AaABAg,i1BqRYMFS08,2026-09-18 14:55:12+00:00,2026-09-22T13:54:20Z,e22cccc6de0f,Anyone 2026??😅,5,2,0,https://youtube.com/watch?v=i1BqRYMFS08&lc=UgyT-1FGMlje_N6MLXJ4AaABAg,Vijay Trisha,en,Anyone 2026??😅
youtube,comment,Ugzyo0qiEHvsX_9sjCV4AaABAg,36UIMG2yRDU,2026-09-18 15:28:30+00:00,2026-09-22T04:19:43Z,0912168a6b80,"He is doing better things for the his state. His personal life is none of your business. Guys I think, some need to chill.",0,0,0,https://youtube.com/watch?v=36UIMG2yRDU&lc=Ugzyo0qiEHvsX_9sjCV4AaABAg,Vijay Trisha,en,"He is doing better things for the his state. His personal life is none of your business. Guys I think, some need to chill."
youtube,comment,UgxDJFsTxthhcNxQDgd4AaABAg,yDTSQAzA2SQ,2026-09-18 15:36:29+00:00,2026-09-22T04:34:40Z,3bd9d8e673b3,இந்த கமெண்ட்ல எல்லாம் ஒன்னே ஒன்னு மட்டும் நல்லா தெரியுது என்னும் விஜய மனசார திட்டுவதற்கு யாரும் தயாரா இல்லை அந்த அளவுக்கு வெறி இருக்கு விஜய் மேல,0,0,0,https://youtube.com/watch?v=yDTSQAzA2SQ&lc=UgxDJFsTxthhcNxQDgd4AaABAg,விஜய் திரிஷா,ta,"In this comment, no one is ready to criticize Vijay Manasara, who knows only one thing well."
youtube,comment,Ugx_Shbf7GIPXz4UIOx4AaABAg,4joO_8Ct2tM,2026-09-18 16:32:57+00:00,2026-09-22T13:54:07Z,205b8b601b80,All are fake  except vijay . It's true love ❤,1,0,0,https://youtube.com/watch?v=4joO_8Ct2tM&lc=Ugx_Shbf7GIPXz4UIOx4AaABAg,Vijay Trisha,en,All are fake  except vijay . It's true love ❤
youtube,comment,Ugz-KQW4oTq57z1UulF4AaABAg,zH0Q8imJk0c,2026-09-18 16:37:34+00:00,2026-09-22T04:33:26Z,e16ab6a6bf68,"Love to love Vijay and Trisha 
Married and after divors 
After Vijay next married 
And continue Vijay love",0,0,0,https://youtube.com/watch?v=zH0Q8imJk0c&lc=Ugz-KQW4oTq57z1UulF4AaABAg,Thalapathy Vijay Trisha,en,"Love to love Vijay and Trisha 
Married and after divors 
After Vijay next married 
And continue Vijay love"
youtube,comment,UgypHJVDe3G2kKUX9Xd4AaABAg,J-m64e82UWs,2026-09-18 16:40:52+00:00,2026-09-22T13:54:29Z,e16ab6a6bf68,Om Shakti Paradh Shakti Vijay Mafi This,0,0,0,https://youtube.com/watch?v=J-m64e82UWs&lc=UgypHJVDe3G2kKUX9Xd4AaABAg,Vijay Trisha,en,Om Shakti Paradh Shakti Vijay Mafi This
youtube,comment,UgxI8DyoANRFiEPBt0p4AaABAg,i1BqRYMFS08,2026-09-18 16:45:33+00:00,2026-09-22T13:54:20Z,f6bb66dc4158,1:29 Era 🫀❤️,2,0,0,https://youtube.com/watch?v=i1BqRYMFS08&lc=UgxI8DyoANRFiEPBt0p4AaABAg,Vijay Trisha,en,1:29 Era 🫀❤️
youtube,comment,UgwlIV_n4nqgMCrxW7t4AaABAg,i1BqRYMFS08,2026-09-18 16:51:46+00:00,2026-09-22T13:54:20Z,42a69f7fdb0e,Language 0%😂😂😂,1,0,0,https://youtube.com/watch?v=i1BqRYMFS08&lc=UgwlIV_n4nqgMCrxW7t4AaABAg,Vijay Trisha,en,Language 0%😂😂😂
youtube,comment,Ugz_ZQjGi9th-40GmhR4AaABAg,i1BqRYMFS08,2026-09-18 17:09:47+00:00,2026-09-22T13:54:20Z,180088c3e3f7,Who come after watching  *gatta Kusti 2* 😅,0,0,0,https://youtube.com/watch?v=i1BqRYMFS08&lc=Ugz_ZQjGi9th-40GmhR4AaABAg,Vijay Trisha,en,Who come after watching  *gatta Kusti 2* 😅
youtube,comment,UgwWUXe-yyO6wzCfdJ14AaABAg,i1BqRYMFS08,2026-09-18 17:58:28+00:00,2026-09-22T13:54:20Z,08d3179beedf,❤🫶🥰😌♥️😍💟🔥🥳💥,1,0,0,https://youtube.com/watch?v=i1BqRYMFS08&lc=UgwWUXe-yyO6wzCfdJ14AaABAg,Vijay Trisha,en,❤🫶🥰😌♥️😍💟🔥🥳💥
youtube,comment,UgwwIjf7inm_dDx8Eyt4AaABAg,36UIMG2yRDU,2026-09-18 17:59:11+00:00,2026-09-22T04:19:43Z,5b69211e643b,Music is so upbeat😂,0,0,0,https://youtube.com/watch?v=36UIMG2yRDU&lc=UgwwIjf7inm_dDx8Eyt4AaABAg,Vijay Trisha,en,Music is so upbeat😂
youtube,comment,Ugw_F7zDcBENOfbJk814AaABAg,i1BqRYMFS08,2026-09-18 19:22:35+00:00,2026-09-22T13:54:20Z,45728961951e,Anyone watching this masterpiece in 2026? 👇🏻,1,0,0,https://youtube.com/watch?v=i1BqRYMFS08&lc=Ugw_F7zDcBENOfbJk814AaABAg,Vijay Trisha,en,Anyone watching this masterpiece in 2026? 👇🏻
youtube,comment,Ugzhun7DFHlU2JiPNz54AaABAg,i1BqRYMFS08,2026-09-18 19:50:25+00:00,2026-09-22T13:54:20Z,36d2445f3c02,"Love form wastbangal. 
Today in the minimum 15_17 year song 😊 me hu time 9-10 year old baby's 😅
But song parfact ❤",0,0,0,https://youtube.com/watch?v=i1BqRYMFS08&lc=Ugzhun7DFHlU2JiPNz54AaABAg,Vijay Trisha,en,"Love form wastbangal. 
Today in the minimum 15_17 year song 😊 me hu time 9-10 year old baby's 😅
But song parfact ❤"
youtube,comment,UgzIR8dE4PpY_6599wZ4AaABAg,yDTSQAzA2SQ,2026-09-18 20:47:58+00:00,2026-09-22T04:34:40Z,2bbb99403d3c,சரியான வெகுளி கள்.,0,0,0,https://youtube.com/watch?v=yDTSQAzA2SQ&lc=UgzIR8dE4PpY_6599wZ4AaABAg,விஜய் திரிஷா,ta,Correct rewards.
youtube,comment,UgzrGhW0UjWNC4iZAHt4AaABAg,i1BqRYMFS08,2026-09-18 21:20:37+00:00,2026-09-22T13:54:20Z,8bf45e1c73e4,This channel is well made It helped me understand better.,1,0,0,https://youtube.com/watch?v=i1BqRYMFS08&lc=UgzrGhW0UjWNC4iZAHt4AaABAg,Vijay Trisha,en,This channel is well made It helped me understand better.
youtube,comment,UgyBVhpu0-o7VPFDKBx4AaABAg,i1BqRYMFS08,2026-09-19 00:27:32+00:00,2026-09-22T13:54:20Z,cc9902164533,Keep shining,0,0,0,https://youtube.com/watch?v=i1BqRYMFS08&lc=UgyBVhpu0-o7VPFDKBx4AaABAg,Vijay Trisha,en,Keep shining
youtube,comment,UgxWoioWQHLJD6zRwFV4AaABAg,yfBQOmQJTvc,2026-09-19 01:19:19+00:00,2026-09-22T04:34:55Z,cd1e893e936b,Vijay trisha❤❤❤❤❤,0,0,0,https://youtube.com/watch?v=yfBQOmQJTvc&lc=UgxWoioWQHLJD6zRwFV4AaABAg,விஜய் திரிஷா,en,Vijay trisha❤❤❤❤❤
youtube,comment,Ugynp8i5GY675KoeEel4AaABAg,yDTSQAzA2SQ,2026-09-19 01:28:30+00:00,2026-09-22T04:34:40Z,247a291b09ff,"Joseph in the bible ran away from lust, let this dirty relationship not become a reason for your downfall. Not just ppl, God is also watching! When Character is lost, everything is lost, didnt you say that yourself?",2,0,0,https://youtube.com/watch?v=yDTSQAzA2SQ&lc=Ugynp8i5GY675KoeEel4AaABAg,விஜய் திரிஷா,en,"Joseph in the bible ran away from lust, let this dirty relationship not become a reason for your downfall. Not just ppl, God is also watching! When Character is lost, everything is lost, didnt you say that yourself?"
youtube,comment,UgzTQf80Y-80WAVxq6V4AaABAg,w0d_bPb3tz4,2026-09-19 01:31:53+00:00,2026-09-22T13:54:31Z,c2d6a9640789,Tamil cinema addicts chooses this monster as CM. TN is already topping #2 in inflation within 100 days. This character is going to destroy progress of TN.,0,0,0,https://youtube.com/watch?v=w0d_bPb3tz4&lc=UgzTQf80Y-80WAVxq6V4AaABAg,Vijay Trisha,en,Tamil cinema addicts chooses this monster as CM. TN is already topping #2 in inflation within 100 days. This character is going to destroy progress of TN.
youtube,comment,Ugz7Fo4mf6qqId31quh4AaABAg,i1BqRYMFS08,2026-09-19 01:37:24+00:00,2026-09-22T13:54:20Z,b9a31bdf063e,Kuch samaj nahi ati magar achha lag raha hai😂,0,0,0,https://youtube.com/watch?v=i1BqRYMFS08&lc=Ugz7Fo4mf6qqId31quh4AaABAg,Vijay Trisha,en,Kuch samaj nahi ati magar achha lag raha hai😂
youtube,comment,UgyNd-36BtuHfbQo52B4AaABAg,yfBQOmQJTvc,2026-09-19 03:01:15+00:00,2026-09-22T04:34:55Z,27e9015e3e5c,Vijay doesn't know the value of CM and behaving worser in front of the public. Promoting illegal affair and setting a wrong example for Tamil youth and to his own children. I am not sure why his parents also being quiet and silently supporting him in this illegal affair and not able to come and support his own grandson who is launching new movie with no immediate relations. So sad to see the kids and his wife are abandoned by Vijay and his parents in order to protect the illegal affair actress,0,0,0,https://youtube.com/watch?v=yfBQOmQJTvc&lc=UgyNd-36BtuHfbQo52B4AaABAg,விஜய் திரிஷா,en,Vijay doesn't know the value of CM and behaving worser in front of the public. Promoting illegal affair and setting a wrong example for Tamil youth and to his own children. I am not sure why his parents also being quiet and silently supporting him in this illegal affair and not able to come and support his own grandson who is launching new movie with no immediate relations. So sad to see the kids and his wife are abandoned by Vijay and his parents in order to protect the illegal affair actress
youtube,comment,UgzNgjvRhvtjajUdQxl4AaABAg,i1BqRYMFS08,2026-09-19 03:09:43+00:00,2026-09-22T13:54:20Z,91fcebd7fde1,👌👌👌👌👌👌👌👌👌👌👌😂,0,0,0,https://youtube.com/watch?v=i1BqRYMFS08&lc=UgzNgjvRhvtjajUdQxl4AaABAg,Vijay Trisha,en,👌👌👌👌👌👌👌👌👌👌👌😂
youtube,comment,UgxbBjWjRb_cu873Fox4AaABAg,vMyj_qs7hrY,2026-09-19 03:31:28+00:00,2026-09-22T04:33:47Z,4efe32cd2cc5,"இதை நீ  கதைப்பதன் நோக்கம. என்ன? ஒருவரின் தனி வாழ்க்கையை காரணம் காட்டி திமுக ஊழல் வாதிகளுக்கும், கள்வருக்கு நாட்டை தாரை வார்த்து மீண்டும் நாட்டை அகலபாதாளத்துக்கு தள்ளவா? இரு பெரும் கட்சிகளும் நாட்டை சூரையாடியது போதும்!",0,0,0,https://youtube.com/watch?v=vMyj_qs7hrY&lc=UgxbBjWjRb_cu873Fox4AaABAg,Vijay Sangeetha divorce,ta,"This is the purpose of your narration.What?Excuse one's personal life to the DMK corrupt people, throw the country on the tarmac and push the country to the bottom again?Enough of the two major parties looting the country!"
youtube,comment,Ugzkhwanwx3MNRYH57B4AaABAg,5B50fq1slcA,2026-09-19 03:48:54+00:00,2026-09-22T04:33:08Z,133c02eb95ab,Govinda vijay thalapathy dance steps😂😂😂😂😂😂😂😂😂,1,0,0,https://youtube.com/watch?v=5B50fq1slcA&lc=Ugzkhwanwx3MNRYH57B4AaABAg,Thalapathy Vijay Trisha,en,Govinda vijay thalapathy dance steps😂😂😂😂😂😂😂😂😂
youtube,comment,UgwsmN6j2ElXy8TCfQJ4AaABAg,yfBQOmQJTvc,2026-09-19 04:57:54+00:00,2026-09-22T04:34:55Z,ecac08cb7ae4,விஜய்யின் புகழைத் திரிஷா கெடுக்கிறார்.TVK விரைவில் முடிவுக்கு வரும்.TVK-வின் முடிவு நெருங்கிவிட்டது.திரிஷாவுடன் இருப்பதில் விஜய் மகிழ்ச்சி கொள்கிறார்😅,0,0,0,https://youtube.com/watch?v=yfBQOmQJTvc&lc=UgwsmN6j2ElXy8TCfQJ4AaABAg,விஜய் திரிஷா,mixed,Trisha spoils Vijay's fame.TVK will end soon.TVK's end is near.Vijay is happy to be with Trisha😅
youtube,comment,UgzZhmlHhuL_baVSMxR4AaABAg,yfBQOmQJTvc,2026-09-19 04:59:33+00:00,2026-09-22T04:34:55Z,345ef60051e2,Shameful lovers.,0,0,0,https://youtube.com/watch?v=yfBQOmQJTvc&lc=UgzZhmlHhuL_baVSMxR4AaABAg,விஜய் திரிஷா,en,Shameful lovers.
youtube,comment,UgwzPIyKUNp66X9hjgF4AaABAg,J-m64e82UWs,2026-09-19 05:37:20+00:00,2026-09-22T13:54:29Z,d2aca51e4f98,Vijay tirisha very worsted.,0,0,0,https://youtube.com/watch?v=J-m64e82UWs&lc=UgwzPIyKUNp66X9hjgF4AaABAg,Vijay Trisha,en,Vijay tirisha very worsted.
youtube,comment,Ugx3euS7K5O173A0Ikh4AaABAg,yDTSQAzA2SQ,2026-09-19 05:42:18+00:00,2026-09-22T04:34:40Z,94d7a22a0862,Shameless  Vijay & trisha (put cases for your mistress happiness) basted,0,0,0,https://youtube.com/watch?v=yDTSQAzA2SQ&lc=Ugx3euS7K5O173A0Ikh4AaABAg,விஜய் திரிஷா,en,Shameless  Vijay & trisha (put cases for your mistress happiness) basted
youtube,comment,UgzA3Zhjq38izTzZjVJ4AaABAg,ZAsIkct2WpI,2026-09-19 06:07:12+00:00,2026-09-22T13:55:05Z,79f992b1100a,Cm keep this contact secret,0,0,0,https://youtube.com/watch?v=ZAsIkct2WpI&lc=UgzA3Zhjq38izTzZjVJ4AaABAg,Kangana Trisha,en,Cm keep this contact secret
youtube,comment,UgxBAT7r8YjS9vOJbAR4AaABAg,i1BqRYMFS08,2026-09-19 07:48:33+00:00,2026-09-22T13:54:20Z,dff40dee9702,"Understand:- 00%
Enjoying:- 100% 

Love from north india ❤",4,0,0,https://youtube.com/watch?v=i1BqRYMFS08&lc=UgxBAT7r8YjS9vOJbAR4AaABAg,Vijay Trisha,en,"Understand:- 00%
Enjoying:- 100% 

Love from north india ❤"
youtube,comment,UgzGfCHKku4JSd-cJyF4AaABAg,i1BqRYMFS08,2026-09-19 09:01:25+00:00,2026-09-22T13:54:20Z,4afbe4437f5b,Who play the Ganesh mandap song,1,0,0,https://youtube.com/watch?v=i1BqRYMFS08&lc=UgzGfCHKku4JSd-cJyF4AaABAg,Vijay Trisha,en,Who play the Ganesh mandap song
youtube,comment,UgyCIl22kcuwMnzGeQd4AaABAg,LtFVk5EKhJM,2026-09-19 09:02:12+00:00,2026-09-22T04:35:07Z,6635d41db18e,Tirishanu sollatheenga sandali,0,0,0,https://youtube.com/watch?v=LtFVk5EKhJM&lc=UgyCIl22kcuwMnzGeQd4AaABAg,விஜய் திரிஷா,en,Tirishanu sollatheenga sandali
youtube,comment,Ugxc0hSVHfuui2v0ZQh4AaABAg,5B50fq1slcA,2026-09-19 09:04:39+00:00,2026-09-22T04:33:08Z,d74e9c1a35ae,😊😊😊😊😊😢😢😢😢😮😮😮😮😅😅😅😅,0,0,0,https://youtube.com/watch?v=5B50fq1slcA&lc=Ugxc0hSVHfuui2v0ZQh4AaABAg,Thalapathy Vijay Trisha,en,😊😊😊😊😊😢😢😢😢😮😮😮😮😅😅😅😅
youtube,comment,UgzF_GJaMVUkZ0FgOOR4AaABAg,LtFVk5EKhJM,2026-09-19 09:07:15+00:00,2026-09-22T04:35:07Z,6635d41db18e,First vijina famlyoda vazhanum ini appothan nambuvom tirisaniyanala wifepilaiga pirinchu irukkanga kevalam vijina. Kevalapaduthite. Nee saniyanoda jallya irukka god unna mannikave mattar tvk onnu illama pogapoguth. Cm pathaviya dismiss panidu. 5yrs yeñgala un famlya. Fool akk8ruka,0,0,0,https://youtube.com/watch?v=LtFVk5EKhJM&lc=UgzF_GJaMVUkZ0FgOOR4AaABAg,விஜய் திரிஷா,en,First vijina famlyoda vazhanum ini appothan nambuvom tirisaniyanala wifepilaiga pirinchu irukkanga kevalam vijina. Kevalapaduthite. Nee saniyanoda jallya irukka god unna mannikave mattar tvk onnu illama pogapoguth. Cm pathaviya dismiss panidu. 5yrs yeñgala un famlya. Fool akk8ruka
youtube,comment,Ugxtb0vWPQTKyrTIVYZ4AaABAg,yDTSQAzA2SQ,2026-09-19 09:24:54+00:00,2026-09-22T04:34:40Z,0e066841b250,"I fail to understand what these people were doing when former CMs had affairs, etc. It is their own personal life. Did these people  have the guts to  comment against former CMs, by the way? Dont judge his personal life. Look out for his achievements, that's it .",0,0,0,https://youtube.com/watch?v=yDTSQAzA2SQ&lc=Ugxtb0vWPQTKyrTIVYZ4AaABAg,விஜய் திரிஷா,en,"I fail to understand what these people were doing when former CMs had affairs, etc. It is their own personal life. Did these people  have the guts to  comment against former CMs, by the way? Dont judge his personal life. Look out for his achievements, that's it ."
youtube,comment,Ugw7bdOsWfp2uq4hK6p4AaABAg,J-m64e82UWs,2026-09-19 09:51:33+00:00,2026-09-22T13:54:29Z,6cb7f14c7c5f,Vijay and Trisha best cambo❤❤❤❤❤❤❤❤❤❤❤❤😊😊,0,0,0,https://youtube.com/watch?v=J-m64e82UWs&lc=Ugw7bdOsWfp2uq4hK6p4AaABAg,Vijay Trisha,en,Vijay and Trisha best cambo❤❤❤❤❤❤❤❤❤❤❤❤😊😊
youtube,comment,UgwBq6NJ9aw2pzyyg6B4AaABAg,w0d_bPb3tz4,2026-09-19 10:03:11+00:00,2026-09-22T13:54:31Z,faf0340b8649,மனைவி இப்படி ஒருவர் உடன் ஊர் சுற்றிphotos  போட்டால் நீங்கள்  ஏற்றுக் கொள்ளீர்களா,1,0,0,https://youtube.com/watch?v=w0d_bPb3tz4&lc=UgwBq6NJ9aw2pzyyg6B4AaABAg,Vijay Trisha,mixed,Would you accept if the wife took photos around the town with such a person?
youtube,comment,UgxIm3TErhsPJlDB3ah4AaABAg,w0d_bPb3tz4,2026-09-19 10:07:26+00:00,2026-09-22T13:54:31Z,faf0340b8649,தலைவர்(எம்ஜியார்) 3 நபர்கள் உடன் live இருந்தார்(முதல்வர் இருந்த. போது) ஆனால் இப்படி இல்லை(photo) மறைமுகமாக இருந்து,1,0,0,https://youtube.com/watch?v=w0d_bPb3tz4&lc=UgxIm3TErhsPJlDB3ah4AaABAg,Vijay Trisha,mixed,The leader (MJ) was live with 3 persons (when the first one was present) but not like this (photo) from the hidden
youtube,comment,UgxuktgMFjz2oMrfPrt4AaABAg,w0d_bPb3tz4,2026-09-19 10:10:30+00:00,2026-09-22T13:54:31Z,faf0340b8649,கருணாநிதி எம்ஜியார்  போல பல பேர்ருடன் இருந்தார் ஆனால் இப்படி இல்லை,0,0,0,https://youtube.com/watch?v=w0d_bPb3tz4&lc=UgxuktgMFjz2oMrfPrt4AaABAg,Vijay Trisha,ta,Karunanidhi had many names like MJ but not like this
youtube,comment,UgwPStC5OYd5qxZDGT14AaABAg,w0d_bPb3tz4,2026-09-19 10:11:45+00:00,2026-09-22T13:54:31Z,af4d6c473aaa,சங்கீதா மேடம் பாவமே யில்ல😅😅😂😂,0,0,0,https://youtube.com/watch?v=w0d_bPb3tz4&lc=UgwPStC5OYd5qxZDGT14AaABAg,Vijay Trisha,ta,There is no sin Ma'am Sangeeta 😅😅😂😂
youtube,comment,UgwJT9Es7U9Q34PjxT54AaABAg,J-m64e82UWs,2026-09-19 10:26:06+00:00,2026-09-22T13:54:29Z,af4d6c473aaa,Thrusha❤❤❤❤❤❤❤❤❤❤❤❤❤❤❤❤❤❤❤❤❤❤❤❤❤❤❤❤❤❤❤❤❤❤,0,0,0,https://youtube.com/watch?v=J-m64e82UWs&lc=UgwJT9Es7U9Q34PjxT54AaABAg,Vijay Trisha,en,Thrusha❤❤❤❤❤❤❤❤❤❤❤❤❤❤❤❤❤❤❤❤❤❤❤❤❤❤❤❤❤❤❤❤❤❤
youtube,comment,UgwIrVhKz0c5WmXZTt94AaABAg,yDTSQAzA2SQ,2026-09-19 10:51:32+00:00,2026-09-22T04:34:40Z,6a522bd2cbdc,ஏண்டா கத்தி தொலைகிறீர்கள்.,0,0,0,https://youtube.com/watch?v=yDTSQAzA2SQ&lc=UgwIrVhKz0c5WmXZTt94AaABAg,விஜய் திரிஷா,ta,What are you doing?
youtube,comment,UgzlsfBO5TpydGL67Pp4AaABAg,i1BqRYMFS08,2026-09-19 11:06:25+00:00,2026-09-22T13:54:20Z,b3f38f2cd524,"माझे गुरुवर्य माझं दैवत माझा आधार 
दिवंगत उपमुख्यमंत्री मां श्री अजित दादा आशाताई अनंतराव पवार. साहेब अमर रहे अमर रहे अमर रहे 😢😢😢😮😮😢😮",0,0,0,https://youtube.com/watch?v=i1BqRYMFS08&lc=UgzlsfBO5TpydGL67Pp4AaABAg,Vijay Trisha,en,"माझे गुरुवर्य माझं दैवत माझा आधार 
दिवंगत उपमुख्यमंत्री मां श्री अजित दादा आशाताई अनंतराव पवार. साहेब अमर रहे अमर रहे अमर रहे 😢😢😢😮😮😢😮"
youtube,comment,UgwXgHOQElxsHvYLphN4AaABAg,JxarcU_8or8,2026-09-19 11:37:36+00:00,2026-09-22T13:54:37Z,ba4306febb19,Vanitha point,24,1,0,https://youtube.com/watch?v=JxarcU_8or8&lc=UgwXgHOQElxsHvYLphN4AaABAg,Vijay Trisha,en,Vanitha point
youtube,comment,UgzZWQDeUUxyzxUr26J4AaABAg,JxarcU_8or8,2026-09-19 11:58:14+00:00,2026-09-22T13:54:37Z,a1e3052ca835,Vanitha correct ah pesaranga,36,0,0,https://youtube.com/watch?v=JxarcU_8or8&lc=UgzZWQDeUUxyzxUr26J4AaABAg,Vijay Trisha,en,Vanitha correct ah pesaranga
youtube,comment,UgzvZEZK9b1DgbEEACV4AaABAg,i1BqRYMFS08,2026-09-19 12:08:20+00:00,2026-09-22T13:54:20Z,55eecf425ada,Anyone in 2026,0,0,0,https://youtube.com/watch?v=i1BqRYMFS08&lc=UgzvZEZK9b1DgbEEACV4AaABAg,Vijay Trisha,en,Anyone in 2026
youtube,comment,Ugy1s8UeXiPIusoGqMB4AaABAg,JxarcU_8or8,2026-09-19 12:16:20+00:00,2026-09-22T13:54:37Z,573b428deb6a,"No  shez not correct he  gone fr not personal trip going fr official in our tax amount but hez marketing his TVK flag colour dress, he enjoyed with their freinds n family n returned back",10,0,0,https://youtube.com/watch?v=JxarcU_8or8&lc=Ugy1s8UeXiPIusoGqMB4AaABAg,Vijay Trisha,en,"No  shez not correct he  gone fr not personal trip going fr official in our tax amount but hez marketing his TVK flag colour dress, he enjoyed with their freinds n family n returned back"
youtube,comment,Ugzx_cenz3q3sB0MqqN4AaABAg,JxarcU_8or8,2026-09-19 12:29:35+00:00,2026-09-22T13:54:37Z,eb8a912853b0,Vanitha bolt❤,1,1,0,https://youtube.com/watch?v=JxarcU_8or8&lc=Ugzx_cenz3q3sB0MqqN4AaABAg,Vijay Trisha,en,Vanitha bolt❤
youtube,comment,Ugwp_1pCOEXQceDQrRB4AaABAg,JxarcU_8or8,2026-09-19 12:45:56+00:00,2026-09-22T13:54:37Z,26e80e158150,"Hello, here people are against his visit since it was informed as a business empowerment but he totally used it up for his personal affairs including meeting Ajith an trisha and for eyewash he lastly gave photoshoot for already signed and running business. He went on taxpayers money and so everyone are questioning responsibly for wasting our money. What F1 race?! It can be a dream for Ajith and for Vijay to use him. But here children are suffering for good education/ hospitals, people are suffering without roaads. You cinema people better keep quiet and don't blindly support Vijay. He is not more an actor and now a CM, so people will question. All cine people think they are some gods including recent speech by Atlee.",15,3,0,https://youtube.com/watch?v=JxarcU_8or8&lc=Ugwp_1pCOEXQceDQrRB4AaABAg,Vijay Trisha,en,"Hello, here people are against his visit since it was informed as a business empowerment but he totally used it up for his personal affairs including meeting Ajith an trisha and for eyewash he lastly gave photoshoot for already signed and running business. He went on taxpayers money and so everyone are questioning responsibly for wasting our money. What F1 race?! It can be a dream for Ajith and for Vijay to use him. But here children are suffering for good education/ hospitals, people are suffering without roaads. You cinema people better keep quiet and don't blindly support Vijay. He is not more an actor and now a CM, so people will question. All cine people think they are some gods including recent speech by Atlee."
youtube,comment,UgwuezC0qtLpTHbBgK94AaABAg,i1BqRYMFS08,2026-09-19 12:48:12+00:00,2026-09-22T13:54:20Z,851470a38087,Legends know why the song is polular in West Bengal too.,0,1,0,https://youtube.com/watch?v=i1BqRYMFS08&lc=UgwuezC0qtLpTHbBgK94AaABAg,Vijay Trisha,en,Legends know why the song is polular in West Bengal too.
youtube,comment,Ugzvc2HTO024Cf4qI5d4AaABAg,JxarcU_8or8,2026-09-19 12:48:59+00:00,2026-09-22T13:54:37Z,c674638d364d,You are right 👍,6,0,0,https://youtube.com/watch?v=JxarcU_8or8&lc=Ugzvc2HTO024Cf4qI5d4AaABAg,Vijay Trisha,en,You are right 👍
youtube,comment,UgzI0gD9aktjRuEkM1h4AaABAg,JxarcU_8or8,2026-09-19 13:15:31+00:00,2026-09-22T13:54:37Z,b1f979871a74,That black dress man...please leave some space for the lady...why do you want to stand so close to her...she may feel uncomfortable...!! Unnecessarily spoiling her name!!,1,0,0,https://youtube.com/watch?v=JxarcU_8or8&lc=UgzI0gD9aktjRuEkM1h4AaABAg,Vijay Trisha,en,That black dress man...please leave some space for the lady...why do you want to stand so close to her...she may feel uncomfortable...!! Unnecessarily spoiling her name!!
youtube,comment,Ugyckc3S0v17pvx_KuB4AaABAg,i1BqRYMFS08,2026-09-19 13:17:35+00:00,2026-09-22T13:54:20Z,4673f31bddcb,Muslimo ka rahnuma or hinduvo ka sacha wafadar acha sabak diya isane hindvo ko waah re double dholki mala pati,0,0,0,https://youtube.com/watch?v=i1BqRYMFS08&lc=Ugyckc3S0v17pvx_KuB4AaABAg,Vijay Trisha,en,Muslimo ka rahnuma or hinduvo ka sacha wafadar acha sabak diya isane hindvo ko waah re double dholki mala pati
youtube,comment,UgwnUBvjzrMnWfoqMjN4AaABAg,JxarcU_8or8,2026-09-19 13:19:06+00:00,2026-09-22T13:54:37Z,db18604b2486,Well said 👌👌👌👌,12,0,0,https://youtube.com/watch?v=JxarcU_8or8&lc=UgwnUBvjzrMnWfoqMjN4AaABAg,Vijay Trisha,en,Well said 👌👌👌👌
youtube,comment,UgzGL9YNgRjXkQXqiJR4AaABAg,yDTSQAzA2SQ,2026-09-19 13:26:00+00:00,2026-09-22T04:34:40Z,d8c4d5eecfaf,Thresha saniyan  olintha  parvailly,0,0,0,https://youtube.com/watch?v=yDTSQAzA2SQ&lc=UgzGL9YNgRjXkQXqiJR4AaABAg,விஜய் திரிஷா,en,Thresha saniyan  olintha  parvailly
youtube,comment,UgxIIh_orD8Gy1K0xW54AaABAg,JxarcU_8or8,2026-09-19 13:30:05+00:00,2026-09-22T13:54:37Z,f64f9f01b311,Thelivana vilakkam 👌🏻👏🏼,4,1,0,https://youtube.com/watch?v=JxarcU_8or8&lc=UgxIIh_orD8Gy1K0xW54AaABAg,Vijay Trisha,en,Thelivana vilakkam 👌🏻👏🏼
youtube,comment,UgyC6mH7-h7Ce11aSsx4AaABAg,zH0Q8imJk0c,2026-09-19 13:39:47+00:00,2026-09-22T04:33:26Z,6ed26f244b5e,Naasama povinga paru,0,0,0,https://youtube.com/watch?v=zH0Q8imJk0c&lc=UgyC6mH7-h7Ce11aSsx4AaABAg,Thalapathy Vijay Trisha,en,Naasama povinga paru
youtube,comment,UgyE9oGVM1VUlB5uW0J4AaABAg,i1BqRYMFS08,2026-09-19 13:39:53+00:00,2026-09-22T13:54:20Z,878a5ec3a59d,Times when south songs actually used to be catchy and not vulgar!!!!,2,0,0,https://youtube.com/watch?v=i1BqRYMFS08&lc=UgyE9oGVM1VUlB5uW0J4AaABAg,Vijay Trisha,en,Times when south songs actually used to be catchy and not vulgar!!!!
youtube,comment,UgwYPOeN3MDOT-hnJwx4AaABAg,JxarcU_8or8,2026-09-19 13:41:10+00:00,2026-09-22T13:54:37Z,2072b4f99f01,Idiots in media..they dont know to whom they have to even ask question..,0,0,0,https://youtube.com/watch?v=JxarcU_8or8&lc=UgwYPOeN3MDOT-hnJwx4AaABAg,Vijay Trisha,en,Idiots in media..they dont know to whom they have to even ask question..
youtube,comment,Ugy6S1_gHI1uSfOLRFV4AaABAg,yDTSQAzA2SQ,2026-09-19 14:29:54+00:00,2026-09-22T04:34:40Z,bb68af9ea576,Yella vote potra vara tha. Waste,0,0,0,https://youtube.com/watch?v=yDTSQAzA2SQ&lc=Ugy6S1_gHI1uSfOLRFV4AaABAg,விஜய் திரிஷா,en,Yella vote potra vara tha. Waste
youtube,comment,Ugwt1ieu_bXqk1vWLFt4AaABAg,JxarcU_8or8,2026-09-19 14:31:13+00:00,2026-09-22T13:54:37Z,c588af891337,எவ்வளவு செருப்படி கொடுத்தாலும் அந்த ஒணான் திருத்த மாட்டேன்னுன்து,0,0,0,https://youtube.com/watch?v=JxarcU_8or8&lc=Ugwt1ieu_bXqk1vWLFt4AaABAg,Vijay Trisha,ta,"No matter how much money you pay, that will not be corrected"
youtube,comment,UgyF-srBWUdvy-p7Wl14AaABAg,yDTSQAzA2SQ,2026-09-19 14:43:42+00:00,2026-09-22T04:34:40Z,f72847653068,Vijay is a criminal. Tvk always reels aatchi than.,0,0,0,https://youtube.com/watch?v=yDTSQAzA2SQ&lc=UgyF-srBWUdvy-p7Wl14AaABAg,விஜய் திரிஷா,en,Vijay is a criminal. Tvk always reels aatchi than.
youtube,comment,UgwuYYO1keC2_M-IHNh4AaABAg,JxarcU_8or8,2026-09-19 14:46:46+00:00,2026-09-22T13:54:37Z,40e5d14297f6,5 லட்சம் கொடுத்து யாரு வேண்டுமானாலும் கொடி உண்ணலாம்.,1,0,0,https://youtube.com/watch?v=JxarcU_8or8&lc=UgwuYYO1keC2_M-IHNh4AaABAg,Vijay Trisha,ta,Anyone can eat the flag by paying 5 lakhs.
youtube,comment,Ugz4NAk0MmpBUhxc6Zp4AaABAg,JxarcU_8or8,2026-09-19 14:58:58+00:00,2026-09-22T13:54:37Z,c58e2de8ff21,Quality is very important,4,0,0,https://youtube.com/watch?v=JxarcU_8or8&lc=Ugz4NAk0MmpBUhxc6Zp4AaABAg,Vijay Trisha,en,Quality is very important
youtube,comment,UgyO_dWyIvEqa0xQGAl4AaABAg,JxarcU_8or8,2026-09-19 14:59:41+00:00,2026-09-22T13:54:37Z,9aa9dc060ce4,விஜய் independence day ல கூடவே வைத்து இருந்த  porukki திரிஷா குறை சொல்ல முடியாது வாயில் கை வைச்சா கடிக்க தெரியாத குழந்தை. இவ ஒரு ஆளு கருமம் மூஞ்சிய பாரு,0,0,0,https://youtube.com/watch?v=JxarcU_8or8&lc=UgyO_dWyIvEqa0xQGAl4AaABAg,Vijay Trisha,mixed,Trisha can't complain about the porukki that Vijay kept with her on Independence Day.This is a person who looks dark
youtube,comment,UgwM2zjoeoW03SQxumx4AaABAg,JxarcU_8or8,2026-09-19 15:02:17+00:00,2026-09-22T13:54:37Z,131864421404,Thirisha olunga unga velaya paruga,0,0,0,https://youtube.com/watch?v=JxarcU_8or8&lc=UgwM2zjoeoW03SQxumx4AaABAg,Vijay Trisha,en,Thirisha olunga unga velaya paruga
youtube,comment,UgxNAKvPAzXZNl5Ux2Z4AaABAg,JxarcU_8or8,2026-09-19 15:04:45+00:00,2026-09-22T13:54:37Z,131864421404,Spra sonnega,4,0,0,https://youtube.com/watch?v=JxarcU_8or8&lc=UgxNAKvPAzXZNl5Ux2Z4AaABAg,Vijay Trisha,en,Spra sonnega
youtube,comment,UgxptHNUQ0eticaNdrd4AaABAg,JxarcU_8or8,2026-09-19 15:14:06+00:00,2026-09-22T13:54:37Z,3e4716da4365,"அம்மா, உன்கிட்ட ஒரு கேள்வி கேட்டா ஒன்பது பதில் சொல்ற? 👎",9,2,0,https://youtube.com/watch?v=JxarcU_8or8&lc=UgxptHNUQ0eticaNdrd4AaABAg,Vijay Trisha,ta,"Mom, if I asked you a question, would you answer me?👎"
youtube,comment,UgyCK1lSxGiTZGKmyh54AaABAg,JxarcU_8or8,2026-09-19 15:14:50+00:00,2026-09-22T13:54:37Z,63c219e5ba6b,"ஒரு குடும்பத்தையே நாசமாக்கிற வேலையை செய்யும் கேவலமான நாய் திரிசா??

விஜய் முதலமைச்சரானது தமிழ்நாடுக்கே சாபக்கேடு!!

விஜய், விஜய் சேதுபதி இரண்டு பேருமே உண்மையில் தமிழ் சினிமாவுக்கும் கேடு; தமிழ்நாட்டு அரசியலுக்கும் கேடு!!!


தற்குறிகளிடம் தமிழ்நாட்டு அரசியல் போய்விட்டது!!!

விஜயினால் தவறான அரசியல் கண்ணோட்டம் பரப்பபடுகிறது!! உண்மையான மக்கள் அரசியல் பரப்பபடவில்லை!!

தற்குறிகள் தவறான அரசியல் பண்ணி நாட்டையே நாசமாக்குவது அரசியல் விழிப்புணர்வு இல்லை!!

யார் குடும்பம் யார் குடும்பம் இல்லை என்பதை யார் முடிவு செய்வது. 

தன்னைப் பெத்தவன்களை தூர வைத்தவனையும்; தான் பெத்தவர்களை தூர வைத்தவனையும் ஒரு தலைவன் என்று ஏற்கும் சமுதாயம் ஒரு சீர்கேடான சமுதாயத்துக்கு அறிகுறி!!!",0,1,0,https://youtube.com/watch?v=JxarcU_8or8&lc=UgyCK1lSxGiTZGKmyh54AaABAg,Vijay Trisha,ta,"Trisha is a nasty dog ​​whose job is to destroy a family??

Vijay as Chief Minister is a curse for Tamil Nadu!!

Both Vijay and Vijay Sethupathi are really bad for Tamil cinema;Bad for Tamilnadu politics too!!!


Tamil Nadu politics has gone to Thukaris!!!

Wrong political views are being spread by Vijay!!Real people politics is not propagated!!

There is no political awareness when people do wrong politics and destroy the country!!

Who decides who is family and who is not?

And the one who kept himself away from the wicked;A society that accepts as a leader the one who keeps the baddies away is a sign of a corrupt society!!!"
youtube,comment,UgwKOciTKAHL9jmQtLV4AaABAg,JxarcU_8or8,2026-09-19 15:16:58+00:00,2026-09-22T13:54:37Z,e0fab09b0e87,Suppara sonninga Vanitha mem ❤❤❤❤❤🎉🎉🎉🎉🎉,9,0,0,https://youtube.com/watch?v=JxarcU_8or8&lc=UgwKOciTKAHL9jmQtLV4AaABAg,Vijay Trisha,en,Suppara sonninga Vanitha mem ❤❤❤❤❤🎉🎉🎉🎉🎉
youtube,comment,Ugw3FH-guacSIkKRbJd4AaABAg,JxarcU_8or8,2026-09-19 15:17:51+00:00,2026-09-22T13:54:37Z,ce6de3425472,நீ பூமியில் வாழ்வதே சாபக்கேடு,0,0,0,https://youtube.com/watch?v=JxarcU_8or8&lc=Ugw3FH-guacSIkKRbJd4AaABAg,Vijay Trisha,ta,You are cursed to live on earth
youtube,comment,Ugw85E8AqTABYg2ocCF4AaABAg,JxarcU_8or8,2026-09-19 15:21:03+00:00,2026-09-22T13:54:37Z,ce6de3425472,ஏன்டி எல்லா அரசியல் தலைவர்கள் அவர்கள் குடும்ப த்தோடு தான் போனார் களா? முட்டாள்,0,0,0,https://youtube.com/watch?v=JxarcU_8or8&lc=Ugw85E8AqTABYg2ocCF4AaABAg,Vijay Trisha,ta,Why did all the political leaders go with their families?Stupid
youtube,comment,UgwnjGWwQeY2sJRJgx14AaABAg,JxarcU_8or8,2026-09-19 15:29:37+00:00,2026-09-22T13:54:37Z,34b1054c7d15,"Vanilla, you missed the point....the CN uses government fund to rendvous with his mistress...pls stop living in denial.❤😮",3,0,0,https://youtube.com/watch?v=JxarcU_8or8&lc=UgwnjGWwQeY2sJRJgx14AaABAg,Vijay Trisha,en,"Vanilla, you missed the point....the CN uses government fund to rendvous with his mistress...pls stop living in denial.❤😮"
youtube,comment,Ugyd77wF3yGIZ5lWAH54AaABAg,JxarcU_8or8,2026-09-19 15:40:25+00:00,2026-09-22T13:54:37Z,1828107b424c,CM ah vealai seiya vida matrangala😂😂😂?? Apdi oru nirvagam seiya mudiyatha makku mandaya CM??  Avan avan vealaiya avan seiyanum... Ooru suthitu thirinja eapdi??? Ungalukalam arivu nu eathathu irka?? Aduthavanae eathana nal kora soluvinga unga eyalamaiku...  Vj ku 52 vayasu... Pacha kolanthaya.... KD vealailam seiya therithu la thairiyama media munnadi... Makkal prechanana odi oliyum keavalam..,0,0,0,https://youtube.com/watch?v=JxarcU_8or8&lc=Ugyd77wF3yGIZ5lWAH54AaABAg,Vijay Trisha,tanglish,CM ah vealai seiya vida matrangala😂😂😂??Apdi oru nirvagam seiya mudiyatha makku mandaya CM??Avan avan vealaiya avan seiyanum... Ooru suthitu thirinja eapdi???Ungalukalam arivu nu eathatu irka??Aduthavanae eathana nal kora soluvinga unga eyalamaiku... Vj ku 52 vayasu... Pacha kolanthaya.... KD vealailam seiya therithu la thairiyama media munnadi... Makkal prechanana odi oliyum keavalam..
youtube,comment,UgzKAwSbOQq_8Rk2yZ14AaABAg,JxarcU_8or8,2026-09-19 15:47:04+00:00,2026-09-22T13:54:37Z,0fe69b6f2351,U R correct mam ❤👍,6,0,0,https://youtube.com/watch?v=JxarcU_8or8&lc=UgzKAwSbOQq_8Rk2yZ14AaABAg,Vijay Trisha,en,U R correct mam ❤👍
youtube,comment,Ugxx0HFLmjJ6dZZemgh4AaABAg,JxarcU_8or8,2026-09-19 15:49:43+00:00,2026-09-22T13:54:37Z,efa9654c5d66,திரிசாக்கு அரிப்பு கூடி போச்சுது,0,0,0,https://youtube.com/watch?v=JxarcU_8or8&lc=Ugxx0HFLmjJ6dZZemgh4AaABAg,Vijay Trisha,ta,The itchiness of Trisac increased
youtube,comment,UgyeziGgK16FwSvRx014AaABAg,yfBQOmQJTvc,2026-09-19 16:27:12+00:00,2026-09-22T04:34:55Z,63e7e7510c9f,Podium thrisha Naya nee orupadamata god thalamic kudapar,0,0,0,https://youtube.com/watch?v=yfBQOmQJTvc&lc=UgyeziGgK16FwSvRx014AaABAg,விஜய் திரிஷா,en,Podium thrisha Naya nee orupadamata god thalamic kudapar
youtube,comment,UgzrA1v_UwusvGmhZBV4AaABAg,JxarcU_8or8,2026-09-19 16:36:49+00:00,2026-09-22T13:54:37Z,ae7b0332114b,U talk nuts,0,0,0,https://youtube.com/watch?v=JxarcU_8or8&lc=UgzrA1v_UwusvGmhZBV4AaABAg,Vijay Trisha,en,U talk nuts
youtube,comment,UgzTgbit3J3hC4EqXYJ4AaABAg,JxarcU_8or8,2026-09-19 16:52:56+00:00,2026-09-22T13:54:37Z,0af665e75597,Nadikaigal kudumbathitku support panna maattanga.... avanga keeps vaichirukirathai normalaize panna paakiranga.... ithu therintha vizhayam....,0,0,0,https://youtube.com/watch?v=JxarcU_8or8&lc=UgzTgbit3J3hC4EqXYJ4AaABAg,Vijay Trisha,en,Nadikaigal kudumbathitku support panna maattanga.... avanga keeps vaichirukirathai normalaize panna paakiranga.... ithu therintha vizhayam....
youtube,comment,Ugz3x18Ke3YO1MOM_aJ4AaABAg,JxarcU_8or8,2026-09-19 16:56:34+00:00,2026-09-22T13:54:37Z,af98117d776f,"Vanitha said that 😊😊😊
SUPER",8,0,0,https://youtube.com/watch?v=JxarcU_8or8&lc=Ugz3x18Ke3YO1MOM_aJ4AaABAg,Vijay Trisha,en,"Vanitha said that 😊😊😊
SUPER"
youtube,comment,Ugw3JFowpKXyXE0HLhN4AaABAg,JxarcU_8or8,2026-09-19 17:05:07+00:00,2026-09-22T13:54:37Z,98d4143136ae,THANK  YOU   GOD BLESS YOU   🎉🎉🎉🎉🎉🎉🎉😢😢❤❤❤❤❤❤❤❤LV U  THANGAM.. WELL METCHUD  GIRL,1,0,0,https://youtube.com/watch?v=JxarcU_8or8&lc=Ugw3JFowpKXyXE0HLhN4AaABAg,Vijay Trisha,en,THANK  YOU   GOD BLESS YOU   🎉🎉🎉🎉🎉🎉🎉😢😢❤❤❤❤❤❤❤❤LV U  THANGAM.. WELL METCHUD  GIRL
youtube,comment,Ugwr3rEvsT0NzdkMH6F4AaABAg,JxarcU_8or8,2026-09-19 17:10:46+00:00,2026-09-22T13:54:37Z,ec860b7df62a,Here fiherman people suffering he is enjoying party,3,0,0,https://youtube.com/watch?v=JxarcU_8or8&lc=Ugwr3rEvsT0NzdkMH6F4AaABAg,Vijay Trisha,en,Here fiherman people suffering he is enjoying party
youtube,comment,Ugxw1JKBCrgMjVUj-Z14AaABAg,JxarcU_8or8,2026-09-19 17:11:00+00:00,2026-09-22T13:54:37Z,4adc41473ffe,hei pannada aripeduthavale innuma uirida iruke  vesimunda 5 purusana Katti 6 purusanuku linens podi ava kaaliya iruka poo kedukettavale oru saatharana pombala muniyamma thukula thongurapola oru kelvi ketta  innum saagatha irukeyedi Bombay item munda  powerstaruku  ticket podratha news unoda 6 kalyanathuku aaxhudha erngal,0,0,0,https://youtube.com/watch?v=JxarcU_8or8&lc=Ugxw1JKBCrgMjVUj-Z14AaABAg,Vijay Trisha,en,hei pannada aripeduthavale innuma uirida iruke  vesimunda 5 purusana Katti 6 purusanuku linens podi ava kaaliya iruka poo kedukettavale oru saatharana pombala muniyamma thukula thongurapola oru kelvi ketta  innum saagatha irukeyedi Bombay item munda  powerstaruku  ticket podratha news unoda 6 kalyanathuku aaxhudha erngal
youtube,comment,Ugzo1J4kRb06Q8N-pCt4AaABAg,JxarcU_8or8,2026-09-19 17:11:48+00:00,2026-09-22T13:54:37Z,ec860b7df62a,"Cinema people always cinema people why the hell ajith enjoying hos life what does he do for tamil makkal
Cm is not born in gold spoon",2,0,0,https://youtube.com/watch?v=JxarcU_8or8&lc=Ugzo1J4kRb06Q8N-pCt4AaABAg,Vijay Trisha,en,"Cinema people always cinema people why the hell ajith enjoying hos life what does he do for tamil makkal
Cm is not born in gold spoon"
youtube,comment,UgzCIEYyWVqcbm8k5eZ4AaABAg,T7w0Scr1bG8,2026-09-19 17:20:27+00:00,2026-09-22T13:54:33Z,19f2b3e8faac,Full bodha,1,0,0,https://youtube.com/watch?v=T7w0Scr1bG8&lc=UgzCIEYyWVqcbm8k5eZ4AaABAg,Vijay Trisha,en,Full bodha
youtube,comment,Ugz1aJ3EBfmAbxkuc9N4AaABAg,JxarcU_8or8,2026-09-19 17:20:30+00:00,2026-09-22T13:54:37Z,e84214207573,Avaningadiparkkiranma tirshavamaddamthan parkkiran,0,0,0,https://youtube.com/watch?v=JxarcU_8or8&lc=Ugz1aJ3EBfmAbxkuc9N4AaABAg,Vijay Trisha,en,Avaningadiparkkiranma tirshavamaddamthan parkkiran
youtube,comment,UgxMVcfzL33JVwkWwXx4AaABAg,i1BqRYMFS08,2026-09-19 17:37:45+00:00,2026-09-22T13:54:20Z,52d53eaff277,😂salute to the dance choreographer,1,0,0,https://youtube.com/watch?v=i1BqRYMFS08&lc=UgxMVcfzL33JVwkWwXx4AaABAg,Vijay Trisha,en,😂salute to the dance choreographer
youtube,comment,UgyeeqZTm98f0pCaxeF4AaABAg,JxarcU_8or8,2026-09-19 17:45:22+00:00,2026-09-22T13:54:37Z,ab890b55346e,This lady doesnt know the difference between Le Mans race and F1 race.  The Le Mans is just a  24 Hours race. . Its not big deal to participate the race if you can afford to get a car for racing. Anyone can do it.                           And how did they invite Vijay for it?  Its all peoples network and money.  May be lottery money or Reddys money.,2,0,0,https://youtube.com/watch?v=JxarcU_8or8&lc=UgyeeqZTm98f0pCaxeF4AaABAg,Vijay Trisha,en,This lady doesnt know the difference between Le Mans race and F1 race.  The Le Mans is just a  24 Hours race. . Its not big deal to participate the race if you can afford to get a car for racing. Anyone can do it.                           And how did they invite Vijay for it?  Its all peoples network and money.  May be lottery money or Reddys money.
youtube,comment,UgwIRhMDQRuQv9C2bdx4AaABAg,5B50fq1slcA,2026-09-19 18:00:10+00:00,2026-09-22T04:33:08Z,1f6ec5d5bb84,Search kaise karun😂,1,0,0,https://youtube.com/watch?v=5B50fq1slcA&lc=UgwIRhMDQRuQv9C2bdx4AaABAg,Thalapathy Vijay Trisha,en,Search kaise karun😂
youtube,comment,Ugz_ggYHSukuf1eemtJ4AaABAg,i1BqRYMFS08,2026-09-19 18:02:04+00:00,2026-09-22T13:54:20Z,4e22bee21251,Yippee ad music,0,0,0,https://youtube.com/watch?v=i1BqRYMFS08&lc=Ugz_ggYHSukuf1eemtJ4AaABAg,Vijay Trisha,en,Yippee ad music
youtube,comment,Ugw9uYEd0Kk2-BGdq9d4AaABAg,yfBQOmQJTvc,2026-09-19 18:03:59+00:00,2026-09-22T04:34:55Z,4dff2110d179,Intha thirisha valaye un cm pathavi pogapoguthu unakku poi vote potten paru enna sollanum...,0,0,0,https://youtube.com/watch?v=yfBQOmQJTvc&lc=Ugw9uYEd0Kk2-BGdq9d4AaABAg,விஜய் திரிஷா,en,Intha thirisha valaye un cm pathavi pogapoguthu unakku poi vote potten paru enna sollanum...
youtube,comment,Ugxm2uoxmtB_EZYOrfl4AaABAg,i1BqRYMFS08,2026-09-19 19:39:55+00:00,2026-09-22T13:54:20Z,611e03e7f3ef,Bengali People ??,0,0,0,https://youtube.com/watch?v=i1BqRYMFS08&lc=Ugxm2uoxmtB_EZYOrfl4AaABAg,Vijay Trisha,en,Bengali People ??
youtube,comment,UgwhU13uwJCM7XG744Z4AaABAg,i1BqRYMFS08,2026-09-19 19:41:00+00:00,2026-09-22T13:54:20Z,bb3869e3518c,Vote for cm 😂 lol 😂,0,0,0,https://youtube.com/watch?v=i1BqRYMFS08&lc=UgwhU13uwJCM7XG744Z4AaABAg,Vijay Trisha,en,Vote for cm 😂 lol 😂
youtube,comment,UgyBxI0z6CFwWINd2-d4AaABAg,JxarcU_8or8,2026-09-19 20:24:59+00:00,2026-09-22T13:54:37Z,6c61bebeabce,Podi thurikuries kottam,1,0,0,https://youtube.com/watch?v=JxarcU_8or8&lc=UgyBxI0z6CFwWINd2-d4AaABAg,Vijay Trisha,en,Podi thurikuries kottam
youtube,comment,UgzvPlwzVB5vQku1TIl4AaABAg,i1BqRYMFS08,2026-09-19 22:10:21+00:00,2026-09-22T13:54:20Z,47ce1ffd7cae,Kk is always,0,0,0,https://youtube.com/watch?v=i1BqRYMFS08&lc=UgzvPlwzVB5vQku1TIl4AaABAg,Vijay Trisha,en,Kk is always
youtube,comment,UgxjD2bhR5KKBDiVVMV4AaABAg,i1BqRYMFS08,2026-09-20 00:21:10+00:00,2026-09-22T13:54:20Z,2886e393715d,This deserves a standing ovation.,0,0,0,https://youtube.com/watch?v=i1BqRYMFS08&lc=UgxjD2bhR5KKBDiVVMV4AaABAg,Vijay Trisha,en,This deserves a standing ovation.
youtube,comment,Ugwyss3DhW9fRb1oZc94AaABAg,JxarcU_8or8,2026-09-20 00:32:58+00:00,2026-09-22T13:54:37Z,6f0b38e76ffc,Awesome Vanitha,5,0,0,https://youtube.com/watch?v=JxarcU_8or8&lc=Ugwyss3DhW9fRb1oZc94AaABAg,Vijay Trisha,en,Awesome Vanitha
youtube,comment,UgyWmOpoQoE5cjTxJKV4AaABAg,i1BqRYMFS08,2026-09-20 00:57:51+00:00,2026-09-22T13:54:20Z,8a796e363180,Kuch samajh nhi AA Raha hai lekin bahot maza aa raha h,0,0,0,https://youtube.com/watch?v=i1BqRYMFS08&lc=UgyWmOpoQoE5cjTxJKV4AaABAg,Vijay Trisha,en,Kuch samajh nhi AA Raha hai lekin bahot maza aa raha h
youtube,comment,Ugy4Z6C5wCeBBHJoB094AaABAg,i1BqRYMFS08,2026-09-20 01:31:37+00:00,2026-09-22T13:54:20Z,91fcebd7fde1,🎉🎉🎉🎉🎉🎉😂😂😂😂😂😂,0,0,0,https://youtube.com/watch?v=i1BqRYMFS08&lc=Ugy4Z6C5wCeBBHJoB094AaABAg,Vijay Trisha,en,🎉🎉🎉🎉🎉🎉😂😂😂😂😂😂
youtube,comment,UgwjKO3rf2Ds9LCelhZ4AaABAg,JxarcU_8or8,2026-09-20 02:10:16+00:00,2026-09-22T13:54:37Z,7e2a15260c82,Super speech.. God bless you,10,0,0,https://youtube.com/watch?v=JxarcU_8or8&lc=UgwjKO3rf2Ds9LCelhZ4AaABAg,Vijay Trisha,en,Super speech.. God bless you
youtube,comment,UgxnH88T7O3ENb1hc-d4AaABAg,JxarcU_8or8,2026-09-20 02:23:23+00:00,2026-09-22T13:54:37Z,c1dcb4b2cedb,Super Speech Sister 🎉🎉🎉🎉🎉,11,0,0,https://youtube.com/watch?v=JxarcU_8or8&lc=UgxnH88T7O3ENb1hc-d4AaABAg,Vijay Trisha,en,Super Speech Sister 🎉🎉🎉🎉🎉
youtube,comment,UgyzsE1hgnBexpXPzvd4AaABAg,p1QRWL0AEq8,2026-09-20 02:35:51+00:00,2026-09-22T03:30:37Z,b9aff3294c5a,Due to behaviour voice raises.,1,0,0,https://youtube.com/watch?v=p1QRWL0AEq8&lc=UgyzsE1hgnBexpXPzvd4AaABAg,Udhayanidhi Trisha,en,Due to behaviour voice raises.
youtube,comment,UgwunWDmXXWnGOOVz0J4AaABAg,yDTSQAzA2SQ,2026-09-20 03:32:44+00:00,2026-09-22T04:34:40Z,d1843c1a96ba,விஜய்யும் திரிஷாவும் ஒரே காரில் செல்லும் வீடியோவைக் காட்டுங்கள். அதற்கான ஆதாரம் எங்கே? உண்மையான ஆதாரங்கள் இல்லாமல் எதையும் பேசுவதை நிறுத்துங்கள்.,1,0,0,https://youtube.com/watch?v=yDTSQAzA2SQ&lc=UgwunWDmXXWnGOOVz0J4AaABAg,விஜய் திரிஷா,ta,Show the video of Vijay and Trisha in the same car.Where is the evidence for that?Stop saying anything without real evidence.
youtube,comment,UgzULlP4Jc9OohG-3sd4AaABAg,i1BqRYMFS08,2026-09-20 04:18:28+00:00,2026-09-22T13:54:20Z,babf8c3b32e6,Me Bihar se hu lekin din me baar ye gana sun hi leta hu 😅,1,0,0,https://youtube.com/watch?v=i1BqRYMFS08&lc=UgzULlP4Jc9OohG-3sd4AaABAg,Vijay Trisha,en,Me Bihar se hu lekin din me baar ye gana sun hi leta hu 😅
youtube,comment,UgwPdgAecUiGxBYNQ094AaABAg,i1BqRYMFS08,2026-09-20 04:20:37+00:00,2026-09-22T13:54:20Z,781aeb3c05ef,All  instantaneous  second this song provide enjoy and joyable 😂😂😂😂😂😂😂,0,0,0,https://youtube.com/watch?v=i1BqRYMFS08&lc=UgwPdgAecUiGxBYNQ094AaABAg,Vijay Trisha,en,All  instantaneous  second this song provide enjoy and joyable 😂😂😂😂😂😂😂
youtube,comment,UgwE5iwtRM_oG4qjgah4AaABAg,JxarcU_8or8,2026-09-20 04:24:50+00:00,2026-09-22T13:54:37Z,46789dca3f8d,Vanitha always bold and beautiful ...but Trisha panrathu thappu nu oruthar kandikkala....neeyavathu kelu pa nalla kelu😢...ana avanda eendu perum yarukum adanga mattanga 😂,0,0,0,https://youtube.com/watch?v=JxarcU_8or8&lc=UgwE5iwtRM_oG4qjgah4AaABAg,Vijay Trisha,tanglish,Vanitha always bold and beautiful ...but Trisha panrathu thappu nu oruthar kandikkala....neeyavathu kelu pa nalla kelu😢...ana avanda eendu perum yarukum adanga mattanga 😂
youtube,comment,UgyBP9ihMado9xRZKmV4AaABAg,JxarcU_8or8,2026-09-20 04:33:47+00:00,2026-09-22T13:54:37Z,21cb7383e117,த்ரிஷா  குடும்பத்தை கெடுத்த கெழட்டு நாயால  விஜய் புகழுக்கு களங்கம் வரும்,0,0,0,https://youtube.com/watch?v=JxarcU_8or8&lc=UgyBP9ihMado9xRZKmV4AaABAg,Vijay Trisha,ta,Vijay's fame will be tarnished as the bad dog who ruined Trisha's family
youtube,comment,Ugxx0YjSZfztqFChhU54AaABAg,JxarcU_8or8,2026-09-20 05:37:24+00:00,2026-09-22T13:54:37Z,0bab1512798f,🇪🇸🇪🇸❤️❤️❤️👌👌👌👌👌👌🛕👌💯💯💯💯💯💯💯💯💯💯,0,0,0,https://youtube.com/watch?v=JxarcU_8or8&lc=Ugxx0YjSZfztqFChhU54AaABAg,Vijay Trisha,en,🇪🇸🇪🇸❤️❤️❤️👌👌👌👌👌👌🛕👌💯💯💯💯💯💯💯💯💯💯
youtube,comment,UgzjTfXFM8CE-o0abe54AaABAg,JxarcU_8or8,2026-09-20 05:59:19+00:00,2026-09-22T13:54:37Z,09bd919ec87b,Vijay trisha vishayaththil silenta iruppadhu avaradoda futurukku nalladhillai.,5,0,0,https://youtube.com/watch?v=JxarcU_8or8&lc=UgzjTfXFM8CE-o0abe54AaABAg,Vijay Trisha,en,Vijay trisha vishayaththil silenta iruppadhu avaradoda futurukku nalladhillai.
youtube,comment,Ugz5UZwtOOsNxhjowYR4AaABAg,JxarcU_8or8,2026-09-20 06:04:26+00:00,2026-09-22T13:54:37Z,35e047b7369a,Poadi Tharkuri,0,0,0,https://youtube.com/watch?v=JxarcU_8or8&lc=Ugz5UZwtOOsNxhjowYR4AaABAg,Vijay Trisha,en,Poadi Tharkuri
youtube,comment,UgyopXcNPaefZeHhfR54AaABAg,JxarcU_8or8,2026-09-20 06:04:40+00:00,2026-09-22T13:54:37Z,35e047b7369a,Ajith Race la Muttai,0,0,0,https://youtube.com/watch?v=JxarcU_8or8&lc=UgyopXcNPaefZeHhfR54AaABAg,Vijay Trisha,en,Ajith Race la Muttai
youtube,comment,UgxGMBBZVMGbY63HDyB4AaABAg,i1BqRYMFS08,2026-09-20 06:07:41+00:00,2026-09-22T13:54:20Z,7800c8030f4e,Yeh toh nachniya hai😂,0,0,0,https://youtube.com/watch?v=i1BqRYMFS08&lc=UgxGMBBZVMGbY63HDyB4AaABAg,Vijay Trisha,en,Yeh toh nachniya hai😂
youtube,comment,Ugzu1ooQD20IxBiWgGp4AaABAg,i1BqRYMFS08,2026-09-20 06:43:40+00:00,2026-09-22T13:54:20Z,164061fc9904,Idli and part azhaga irukka❤❤❤❤,0,0,0,https://youtube.com/watch?v=i1BqRYMFS08&lc=Ugzu1ooQD20IxBiWgGp4AaABAg,Vijay Trisha,en,Idli and part azhaga irukka❤❤❤❤
youtube,comment,UgzlTpEMtbzXdMgpQR54AaABAg,JxarcU_8or8,2026-09-20 06:48:22+00:00,2026-09-22T13:54:37Z,8c03619bbf04,நீ எல்லாம் இத பத்தி பேசக்கூடாது மா நீயும் அதே குட்டையில ஊருல மட்டைதானம்மா,0,0,0,https://youtube.com/watch?v=JxarcU_8or8&lc=UgzlTpEMtbzXdMgpQR54AaABAg,Vijay Trisha,ta,"You shouldn't be talking about all this, Ma, you are also a bat in the village"
youtube,comment,UgwxOf-44_v0F5l1Ell4AaABAg,JxarcU_8or8,2026-09-20 06:51:43+00:00,2026-09-22T13:54:37Z,c1bdbb71577a,ஆமா நீ அப்படித்தான் சொல்லுவ யாரு பின்னாடி நிக்கிறாங்க அதை பார்க்க கூடாதுன்னு ஏன்னு கேட்டா நீயே மூனாவது புருஷனும் நாலாவது புருஷனும் ஃபுல்லா வயசுக்கு தக்கனை இருக்குது நீ ஒரு புருஷனோட வாழ்ந்தால் நீ சொல்ல மாட்ட உலகத்தை பத்தி உங்ககிட்ட கேட்டா அதை நான் நடக்குற காரியமா,0,0,0,https://youtube.com/watch?v=JxarcU_8or8&lc=UgwxOf-44_v0F5l1Ell4AaABAg,Vijay Trisha,ta,"Yes, you are the third husband and the fourth husband who is full of age. If you live with a husband, you will not say that."
youtube,comment,UgwsxeTTgZZJDWS5iex4AaABAg,JxarcU_8or8,2026-09-20 07:06:23+00:00,2026-09-22T13:54:37Z,79e7c0326ef0,"Yes Vijay Sethupathi respects Vijay sir as an actor but he has lot of vengeance when he sees Vijay sir as a politician ...sathikha did not throw blame on opposite party in this play??? did she give a lot of unfulfilled promises in the play???this talk is DMKs accusation on TVK and the same is told here by Vijay Sethupathi which is not acceptable. When DMK kept their promises? Never in their life time...you write n keep...next 5 years...When Vijay sir contests the next election, he will give black and white on what is achieved n what not achieved...appo ivenga ellam engae poi moonchi vechupangaenu pakkalam.",0,0,0,https://youtube.com/watch?v=JxarcU_8or8&lc=UgwsxeTTgZZJDWS5iex4AaABAg,Vijay Trisha,en,"Yes Vijay Sethupathi respects Vijay sir as an actor but he has lot of vengeance when he sees Vijay sir as a politician ...sathikha did not throw blame on opposite party in this play??? did she give a lot of unfulfilled promises in the play???this talk is DMKs accusation on TVK and the same is told here by Vijay Sethupathi which is not acceptable. When DMK kept their promises? Never in their life time...you write n keep...next 5 years...When Vijay sir contests the next election, he will give black and white on what is achieved n what not achieved...appo ivenga ellam engae poi moonchi vechupangaenu pakkalam."
youtube,comment,UgzI0WpC5f3WVEzFuhp4AaABAg,yDTSQAzA2SQ,2026-09-20 07:07:42+00:00,2026-09-22T04:34:40Z,b7cb741611a6,"Indha Tharkuri yala Tamil Nattu ku asingham, avamanam. Eppaerpatta Perunthalaivargal, Iyya Kamarajar, Arinjar Anna pondror irundha CM post 🤦🤦🤦",0,0,0,https://youtube.com/watch?v=yDTSQAzA2SQ&lc=UgzI0WpC5f3WVEzFuhp4AaABAg,விஜய் திரிஷா,en,"Indha Tharkuri yala Tamil Nattu ku asingham, avamanam. Eppaerpatta Perunthalaivargal, Iyya Kamarajar, Arinjar Anna pondror irundha CM post 🤦🤦🤦"
youtube,comment,Ugz-jcqg2kVRY0Rckd14AaABAg,vMyj_qs7hrY,2026-09-20 07:10:06+00:00,2026-09-22T04:33:47Z,a34d1b29a19b,Sir intha odugalli kudumbathai keduthava serupala Adithu Throthanum TN makkal Thappu TN Thallaiver meethum ullathu,0,0,0,https://youtube.com/watch?v=vMyj_qs7hrY&lc=Ugz-jcqg2kVRY0Rckd14AaABAg,Vijay Sangeetha divorce,en,Sir intha odugalli kudumbathai keduthava serupala Adithu Throthanum TN makkal Thappu TN Thallaiver meethum ullathu
youtube,comment,UgyYuZl7nZ499UIHawp4AaABAg,GK4IlGnCDxY,2026-09-20 07:21:27+00:00,2026-09-22T04:34:54Z,2477d4c88eb3,NeengA ellam vera yaar kooda poneenga,2,0,0,https://youtube.com/watch?v=GK4IlGnCDxY&lc=UgyYuZl7nZ499UIHawp4AaABAg,விஜய் திரிஷா,en,NeengA ellam vera yaar kooda poneenga
youtube,comment,Ugwidlqc51xPkl_wisp4AaABAg,GK4IlGnCDxY,2026-09-20 07:22:20+00:00,2026-09-22T04:34:54Z,7689736c4007,என்ன அறிவான பேச்சு,29,0,0,https://youtube.com/watch?v=GK4IlGnCDxY&lc=Ugwidlqc51xPkl_wisp4AaABAg,விஜய் திரிஷா,ta,What a wise speech
youtube,comment,UgzA35b-Ab4J8_Rntkh4AaABAg,GK4IlGnCDxY,2026-09-20 07:50:41+00:00,2026-09-22T04:34:54Z,2040632936c5,போதும் திரிஷா வப்பாட்டா....,1,0,0,https://youtube.com/watch?v=GK4IlGnCDxY&lc=UgzA35b-Ab4J8_Rntkh4AaABAg,விஜய் திரிஷா,ta,Enough Trisha Vappata….
youtube,comment,UgyekYVgb2tCxJpZzK94AaABAg,yDTSQAzA2SQ,2026-09-20 08:37:40+00:00,2026-09-22T04:34:40Z,2148e90f8f99,இவங்க ரெண்டு பேருக்கும் நட்பு மட்டும் தானடா என்று நம்பும் தற்குறி கூட்டம் இருக்கும் வரை உங்களோடு சேர்ந்து விட்டால் தான் செய்வார்கள்,0,0,0,https://youtube.com/watch?v=yDTSQAzA2SQ&lc=UgyekYVgb2tCxJpZzK94AaABAg,விஜய் திரிஷா,ta,"They will do it if they stay with you for as long as there is a crowd, not sure if they are just friends."
youtube,comment,UgxVnuuGWuFKW3LO7fZ4AaABAg,JxarcU_8or8,2026-09-20 08:40:20+00:00,2026-09-22T13:54:37Z,a7fd8a73973c,Suppar    sistar  ❤❤❤❤,0,0,0,https://youtube.com/watch?v=JxarcU_8or8&lc=UgxVnuuGWuFKW3LO7fZ4AaABAg,Vijay Trisha,en,Suppar    sistar  ❤❤❤❤
youtube,comment,UgzoHN-zQY3lgyGPL_R4AaABAg,JxarcU_8or8,2026-09-20 08:40:29+00:00,2026-09-22T13:54:37Z,bd85c0cd3394,அப்படியே நல்லது அறுத்து தள்ளிட்டாலும் 😡,5,0,0,https://youtube.com/watch?v=JxarcU_8or8&lc=UgzoHN-zQY3lgyGPL_R4AaABAg,Vijay Trisha,ta,"Even if it is cut and pushed away, it is good 😡"
youtube,comment,UgxTBAHQuyi3Gb_McXh4AaABAg,GK4IlGnCDxY,2026-09-20 08:59:04+00:00,2026-09-22T04:34:54Z,f7cc96d74e03,"நீங்க 3 பேரும் வாரீங்களா, 200 rs தரேன், 3 பேரும் வந்தா நாங்க 5 பேர் இருக்கும், 😂😂😂😂😂",4,5,0,https://youtube.com/watch?v=GK4IlGnCDxY&lc=UgxTBAHQuyi3Gb_McXh4AaABAg,விஜய் திரிஷா,mixed,"If all 3 of you come, I will give you 200 rs. If all 3 come, we will be 5. 😂😂😂😂😂"
youtube,comment,UgyKKLpZdjDQMgj6Pyx4AaABAg,GK4IlGnCDxY,2026-09-20 09:08:39+00:00,2026-09-22T04:34:54Z,017f3a530a83,பாவாடய தூக்கி செபமாலய காட்டு பாப்போம்,1,0,0,https://youtube.com/watch?v=GK4IlGnCDxY&lc=UgyKKLpZdjDQMgj6Pyx4AaABAg,விஜய் திரிஷா,ta,Let's lift our skirts and go to Sepamalaya forest
youtube,comment,UgyGmih0Mvl_4kgtKmF4AaABAg,p1QRWL0AEq8,2026-09-20 09:16:28+00:00,2026-09-22T03:30:37Z,a4e2c962ed0c,ఎక్కడ పాడితే అక్కడ ఉండటానికి పోయే నువ్వే ఈ లాంటి మాటలు మాట్లాడాలి,0,0,0,https://youtube.com/watch?v=p1QRWL0AEq8&lc=UgyGmih0Mvl_4kgtKmF4AaABAg,Udhayanidhi Trisha,en,ఎక్కడ పాడితే అక్కడ ఉండటానికి పోయే నువ్వే ఈ లాంటి మాటలు మాట్లాడాలి
youtube,comment,UgzOjKXR1Woo_Dl7nN14AaABAg,JxarcU_8or8,2026-09-20 09:48:04+00:00,2026-09-22T13:54:37Z,52adca1edd0d,Ne romba nallaponnu,0,0,0,https://youtube.com/watch?v=JxarcU_8or8&lc=UgzOjKXR1Woo_Dl7nN14AaABAg,Vijay Trisha,en,Ne romba nallaponnu
youtube,comment,Ugziy85TBYAHM_xol954AaABAg,vMyj_qs7hrY,2026-09-20 09:50:55+00:00,2026-09-22T04:33:47Z,d2900d6c1c95,"Jagatheesan  sir onga thakuthikku eppadi ethu eduthalum thapa pesarathu ongalukkey nayama erukka ,onga kolandaikalum papanga, eppellam romba aruvaruppa pesuringa,makkaley ongala veruthurum kalam varum ,neenga pesunga sir paravaella ,makela muttal nu nenaikkathinga...",0,0,0,https://youtube.com/watch?v=vMyj_qs7hrY&lc=Ugziy85TBYAHM_xol954AaABAg,Vijay Sangeetha divorce,tanglish,"Jagatheesan sir onga thakuthikku eppadi ethu eduthalum thapa pesarathu ongalukkey nayama erukka ,onga kolandaikalum papanga, eppellam romba aruvaruppa pesuringa,makkaley ongala veruthurum kalam varum ,neenga pesunga sir paravaella ,makela muttal nu nenaikkathinga..."
youtube,comment,Ugw4R0D15fRBHCXCJ8h4AaABAg,vMyj_qs7hrY,2026-09-20 10:04:06+00:00,2026-09-22T04:33:47Z,1faeb6245718,இவன் காழ்ப்புணர்ச்சி மில் பேசிகொண்டிருக்கிறான்,0,0,0,https://youtube.com/watch?v=vMyj_qs7hrY&lc=Ugw4R0D15fRBHCXCJ8h4AaABAg,Vijay Sangeetha divorce,ta,He is talking of the vandalism mill
youtube,comment,UgwBtSnEpc0u57Uf3_V4AaABAg,JxarcU_8or8,2026-09-20 10:08:13+00:00,2026-09-22T13:54:37Z,29d47c413d03,Vanitha Akka  Thirisha ku  konjam Advice pannuga please..,2,0,0,https://youtube.com/watch?v=JxarcU_8or8&lc=UgwBtSnEpc0u57Uf3_V4AaABAg,Vijay Trisha,en,Vanitha Akka  Thirisha ku  konjam Advice pannuga please..
youtube,comment,UgwS2vdTqmfUZ1I6kl54AaABAg,DnrJui-dXic,2026-09-20 10:10:28+00:00,2026-09-22T04:33:29Z,02290c4edd0b,"Item item nu prove pannitu pochu 😅😂😂
My wife's dialogue 😂",0,0,0,https://youtube.com/watch?v=DnrJui-dXic&lc=UgwS2vdTqmfUZ1I6kl54AaABAg,Thalapathy Vijay Trisha,en,"Item item nu prove pannitu pochu 😅😂😂
My wife's dialogue 😂"
youtube,comment,UgyvoaiEV3en0r8KLP94AaABAg,GK4IlGnCDxY,2026-09-20 10:13:38+00:00,2026-09-22T04:34:54Z,b962badf0b0b,திரிஷா கொண்டாங்க கூட்டி கொடுத்து அஞ்சு லட்சம் வாங்கிட்டானோ இருக்கும் அவன் அப்பா ஆயா பேரு தெரியாத தேவிடியா பையா,1,0,0,https://youtube.com/watch?v=GK4IlGnCDxY&lc=UgyvoaiEV3en0r8KLP94AaABAg,விஜய் திரிஷா,ta,"Devidia Piya, whose name is not known, is probably Trisha Kondanga's consort and bought five lakhs"
youtube,comment,UgzVhOIdqlgzF7iBspB4AaABAg,GK4IlGnCDxY,2026-09-20 10:13:59+00:00,2026-09-22T04:34:54Z,b962badf0b0b,எவ்ளோ பெரிய ஆதாரத்தை இந்த அம்மா அங்க குடுத்து இருக்கு நன்றி அம்மா நன்றி அம்மா இது அப்படியே மெயின்டெய்ன் பண்ணுங்க ஜோக்கா நம்ம தான் ஆச்சு,44,0,0,https://youtube.com/watch?v=GK4IlGnCDxY&lc=UgzVhOIdqlgzF7iBspB4AaABAg,விஜய் திரிஷா,ta,What a great source this mother has hidden there. Thank you mother. Thank you mother. Please maintain it as it is.
youtube,comment,Ugw1tJnAVVvlRSx7PkB4AaABAg,JxarcU_8or8,2026-09-20 10:17:02+00:00,2026-09-22T13:54:37Z,e8989c01e866,Vanithakka ur r superrrrrr speech well said Vanithakka,0,0,0,https://youtube.com/watch?v=JxarcU_8or8&lc=Ugw1tJnAVVvlRSx7PkB4AaABAg,Vijay Trisha,en,Vanithakka ur r superrrrrr speech well said Vanithakka
youtube,comment,UgwxPlm2K7BAod9AQph4AaABAg,JxarcU_8or8,2026-09-20 11:00:34+00:00,2026-09-22T13:54:37Z,e60ea238659d,Vijayku kannillaya paappava ninga pesaringa,0,0,0,https://youtube.com/watch?v=JxarcU_8or8&lc=UgwxPlm2K7BAod9AQph4AaABAg,Vijay Trisha,en,Vijayku kannillaya paappava ninga pesaringa
youtube,comment,Ugz-5oIFQ2SwFXvWwVV4AaABAg,JxarcU_8or8,2026-09-20 11:06:13+00:00,2026-09-22T13:54:37Z,d362c869d1c4,Super speech akka❤❤,0,0,0,https://youtube.com/watch?v=JxarcU_8or8&lc=Ugz-5oIFQ2SwFXvWwVV4AaABAg,Vijay Trisha,en,Super speech akka❤❤
youtube,comment,UgzRepvTgAS8DYhJiP94AaABAg,i1BqRYMFS08,2026-09-20 11:49:36+00:00,2026-09-22T13:54:20Z,bf061a680afb,0:04 calm before strom..,0,0,0,https://youtube.com/watch?v=i1BqRYMFS08&lc=UgzRepvTgAS8DYhJiP94AaABAg,Vijay Trisha,en,0:04 calm before strom..
youtube,comment,Ugx6_C6R5WlB7EpBrFB4AaABAg,JxarcU_8or8,2026-09-20 12:06:26+00:00,2026-09-22T13:54:37Z,091dba325845,Loosu athu makkal pannam,0,0,0,https://youtube.com/watch?v=JxarcU_8or8&lc=Ugx6_C6R5WlB7EpBrFB4AaABAg,Vijay Trisha,en,Loosu athu makkal pannam
youtube,comment,UgycSGJ08y_c0E8dyVp4AaABAg,yfBQOmQJTvc,2026-09-20 13:02:23+00:00,2026-09-22T04:34:55Z,ae459b882a6c,HOW  CAN WE EXPECT good...,1,0,0,https://youtube.com/watch?v=yfBQOmQJTvc&lc=UgycSGJ08y_c0E8dyVp4AaABAg,விஜய் திரிஷா,en,HOW  CAN WE EXPECT good...
youtube,comment,Ugx1T1CFelqdhonHzex4AaABAg,GK4IlGnCDxY,2026-09-20 13:02:28+00:00,2026-09-22T04:34:54Z,9e849bf81321,Epadithan paesanum..etha nayugaluku,5,0,0,https://youtube.com/watch?v=GK4IlGnCDxY&lc=Ugx1T1CFelqdhonHzex4AaABAg,விஜய் திரிஷா,en,Epadithan paesanum..etha nayugaluku
youtube,comment,UgzXz_SzvtrbF6CbkMR4AaABAg,JxarcU_8or8,2026-09-20 13:03:50+00:00,2026-09-22T13:54:37Z,9632ed79a951,Vanita your saying that we should be proud  why we be proud that All ready we had mistake now you people cheat us and we should believe you all come to earn the money so why we proud,0,0,0,https://youtube.com/watch?v=JxarcU_8or8&lc=UgzXz_SzvtrbF6CbkMR4AaABAg,Vijay Trisha,en,Vanita your saying that we should be proud  why we be proud that All ready we had mistake now you people cheat us and we should believe you all come to earn the money so why we proud
youtube,comment,UgyHV8-zuvpr5-8MYfh4AaABAg,GK4IlGnCDxY,2026-09-20 14:00:49+00:00,2026-09-22T04:34:54Z,3d0ac87d38ea,அக்கா எவ்வளவு பெரிய ஆதாரத்தை கொடுத்திருக்கீங்க ரொம்ப நன்றி அக்கா,149,1,0,https://youtube.com/watch?v=GK4IlGnCDxY&lc=UgyHV8-zuvpr5-8MYfh4AaABAg,விஜய் திரிஷா,ta,"Thank you very much sister, what a great source you have given"
youtube,comment,UgwORdWUxoMZDJ_2iT14AaABAg,GK4IlGnCDxY,2026-09-20 14:28:58+00:00,2026-09-22T04:34:54Z,80e956ce7bb9,அந்த பொழப்புதா பன்றிங்களா😂😂ஏ..,1,0,0,https://youtube.com/watch?v=GK4IlGnCDxY&lc=UgwORdWUxoMZDJ_2iT14AaABAg,விஜய் திரிஷா,ta,Are those old pigs 😂😂 A..
youtube,comment,UgwgDwPYoor_qsCn--B4AaABAg,yDTSQAzA2SQ,2026-09-20 14:36:54+00:00,2026-09-22T04:34:40Z,c2d6a9640789,Thurkuri Vetti Kazagam takes our TN backwards.,0,0,0,https://youtube.com/watch?v=yDTSQAzA2SQ&lc=UgwgDwPYoor_qsCn--B4AaABAg,விஜய் திரிஷா,en,Thurkuri Vetti Kazagam takes our TN backwards.
youtube,comment,Ugyd1KFTwCc42DhzKVB4AaABAg,GK4IlGnCDxY,2026-09-20 15:04:24+00:00,2026-09-22T04:34:54Z,c7215b7ea74b,கூவத்தூர்ல 15 லட்சம்..,24,2,0,https://youtube.com/watch?v=GK4IlGnCDxY&lc=Ugyd1KFTwCc42DhzKVB4AaABAg,விஜய் திரிஷா,ta,15 lakhs in Coovathur..
youtube,comment,UgyFhHgHqZ-o6iU7H494AaABAg,GK4IlGnCDxY,2026-09-20 15:05:37+00:00,2026-09-22T04:34:54Z,e9b151fe7abb,என்னது 5 இலட்சம் அரிஷா கிட்ட அப்படி என்னதான் இருக்கு,87,5,0,https://youtube.com/watch?v=GK4IlGnCDxY&lc=UgyFhHgHqZ-o6iU7H494AaABAg,விஜய் திரிஷா,ta,My 5 lakh Arisha has something like that
youtube,comment,Ugz6lhJyZngupTjupjp4AaABAg,GK4IlGnCDxY,2026-09-20 15:06:52+00:00,2026-09-22T04:34:54Z,3dd660c62c73,"Still hes acting, before he was acted in the studio, now he's in the assembly.",1,0,0,https://youtube.com/watch?v=GK4IlGnCDxY&lc=Ugz6lhJyZngupTjupjp4AaABAg,விஜய் திரிஷா,en,"Still hes acting, before he was acted in the studio, now he's in the assembly."
youtube,comment,UgwJgFy4xYF7aoe5LYJ4AaABAg,GK4IlGnCDxY,2026-09-20 15:11:04+00:00,2026-09-22T04:34:54Z,fa5347d55839,why shouting,1,0,0,https://youtube.com/watch?v=GK4IlGnCDxY&lc=UgwJgFy4xYF7aoe5LYJ4AaABAg,விஜய் திரிஷா,en,why shouting
youtube,comment,Ugw-_N-8Nm5zLhkWCyd4AaABAg,GK4IlGnCDxY,2026-09-20 15:29:21+00:00,2026-09-22T04:34:54Z,caa575ac67cf,Chi chi janmangal DMK,1,0,0,https://youtube.com/watch?v=GK4IlGnCDxY&lc=Ugw-_N-8Nm5zLhkWCyd4AaABAg,விஜய் திரிஷா,en,Chi chi janmangal DMK
youtube,comment,UgxkrXfTj-bX_y5tTVd4AaABAg,GK4IlGnCDxY,2026-09-20 15:34:45+00:00,2026-09-22T04:34:54Z,8326c4ec1eb1,Super sister's,7,0,0,https://youtube.com/watch?v=GK4IlGnCDxY&lc=UgxkrXfTj-bX_y5tTVd4AaABAg,விஜய் திரிஷா,en,Super sister's
youtube,comment,UgyApV2UhUZnF5T5V0N4AaABAg,GK4IlGnCDxY,2026-09-20 15:35:21+00:00,2026-09-22T04:34:54Z,f92d02c8765e,அன்றி நீங்களும் போய் படுங்க,1,0,0,https://youtube.com/watch?v=GK4IlGnCDxY&lc=UgyApV2UhUZnF5T5V0N4AaABAg,விஜய் திரிஷா,ta,And you too go and lie down
youtube,comment,UgwiPoE9XIQze0hj21N4AaABAg,GK4IlGnCDxY,2026-09-20 15:36:08+00:00,2026-09-22T04:34:54Z,29754d97e0ee,அந்த மின்வெட்டு அறை க்கு அஞ்சு லட்சமா 😅😅😅,45,0,0,https://youtube.com/watch?v=GK4IlGnCDxY&lc=UgwiPoE9XIQze0hj21N4AaABAg,விஜய் திரிஷா,ta,Five lakhs for that power cut room 😅😅😅
youtube,comment,UgwSVURz4iq775_QFrd4AaABAg,GK4IlGnCDxY,2026-09-20 15:44:19+00:00,2026-09-22T04:34:54Z,ec2696cb6738,Atharam pothum😂,10,0,0,https://youtube.com/watch?v=GK4IlGnCDxY&lc=UgwSVURz4iq775_QFrd4AaABAg,விஜய் திரிஷா,en,Atharam pothum😂
youtube,comment,Ugzy61CEZaX7vdn0zvZ4AaABAg,GK4IlGnCDxY,2026-09-20 15:52:52+00:00,2026-09-22T04:34:54Z,6003c9d58227,டேய்லூஸ்விஜஜ்கத்ததே,1,0,0,https://youtube.com/watch?v=GK4IlGnCDxY&lc=Ugzy61CEZaX7vdn0zvZ4AaABAg,விஜய் திரிஷா,ta,Daylooswijajkatthe
youtube,comment,UgynFgkk-ZDmrMz2xOR4AaABAg,GK4IlGnCDxY,2026-09-20 16:16:11+00:00,2026-09-22T04:34:54Z,ba9b196a46b0,திரிஷா கிழவிக்கு ஒரு இரவுக்கு  5 இலட்சம் ஓவர் தான்😅,174,4,0,https://youtube.com/watch?v=GK4IlGnCDxY&lc=UgynFgkk-ZDmrMz2xOR4AaABAg,விஜய் திரிஷா,ta,5 lakhs per night for old Trisha is over 😅
youtube,comment,UgwbNhA8bPgTQ6ZNZyB4AaABAg,i1BqRYMFS08,2026-09-20 16:30:03+00:00,2026-09-22T13:54:20Z,fb9ab607918e,Superdans❤❤❤❤,0,0,0,https://youtube.com/watch?v=i1BqRYMFS08&lc=UgwbNhA8bPgTQ6ZNZyB4AaABAg,Vijay Trisha,en,Superdans❤❤❤❤
youtube,comment,Ugz1EMe9E5cuNmJkG314AaABAg,i1BqRYMFS08,2026-09-20 16:30:15+00:00,2026-09-22T13:54:20Z,fb9ab607918e,Superdans❤❤❤❤,0,0,0,https://youtube.com/watch?v=i1BqRYMFS08&lc=Ugz1EMe9E5cuNmJkG314AaABAg,Vijay Trisha,en,Superdans❤❤❤❤
youtube,comment,Ugy2MgQBhYFFlSTZ9rV4AaABAg,GK4IlGnCDxY,2026-09-20 16:35:41+00:00,2026-09-22T04:34:54Z,1baaddd8d131,Na 10 lakhs kudukuren. Vara soluga . Please 😂,1,1,0,https://youtube.com/watch?v=GK4IlGnCDxY&lc=Ugy2MgQBhYFFlSTZ9rV4AaABAg,விஜய் திரிஷா,en,Na 10 lakhs kudukuren. Vara soluga . Please 😂
youtube,comment,UgxchlgeV0sdnh5JE_x4AaABAg,GK4IlGnCDxY,2026-09-20 16:36:43+00:00,2026-09-22T04:34:54Z,79a09e9389ae,Akka athum namma caasuthanga🎉,3,0,0,https://youtube.com/watch?v=GK4IlGnCDxY&lc=UgxchlgeV0sdnh5JE_x4AaABAg,விஜய் திரிஷா,en,Akka athum namma caasuthanga🎉
youtube,comment,Ugy8SJZRJW3uI6imRpF4AaABAg,GK4IlGnCDxY,2026-09-20 16:37:32+00:00,2026-09-22T04:34:54Z,f4070755c594,உங்கள நினைத்தால் எனக்கு ரொம்ப பெருமையே இருக்கு...  மூன்று பேரும் திரிஷா விளக்கு புடிச்சிட்டு வந்து இருக்கீங்க... அதே இப்படி வீடியோல சொல்றீங்க பதிங்களா super.....,2,3,0,https://youtube.com/watch?v=GK4IlGnCDxY&lc=Ugy8SJZRJW3uI6imRpF4AaABAg,விஜய் திரிஷா,mixed,"If you think so, I am very proud... All the three Trisha have come with the lamp... You are saying the same in the video. Super....."
youtube,comment,UgyVWa4MhxHIzCfJMDZ4AaABAg,GK4IlGnCDxY,2026-09-20 16:38:32+00:00,2026-09-22T04:34:54Z,1190f42c7c48,Koduma da 😅,1,0,0,https://youtube.com/watch?v=GK4IlGnCDxY&lc=UgyVWa4MhxHIzCfJMDZ4AaABAg,விஜய் திரிஷா,en,Koduma da 😅
youtube,comment,UgxfzwaCWZVAcvAGMZx4AaABAg,GK4IlGnCDxY,2026-09-20 16:41:59+00:00,2026-09-22T04:34:54Z,994f35a9563a,"சூப்பர் சூப்பர் 
ஒரு நைட்டுக்கு 5 லட்சமா😂😂😂😂",67,0,0,https://youtube.com/watch?v=GK4IlGnCDxY&lc=UgxfzwaCWZVAcvAGMZx4AaABAg,விஜய் திரிஷா,ta,"Super super
5 lakhs per night"
youtube,comment,UgwK9HHKDA4m4LY4xc14AaABAg,GK4IlGnCDxY,2026-09-20 16:42:55+00:00,2026-09-22T04:34:54Z,55e9a309afbb,😂😂😂😂😂😂😂😂😂😂😂😂😂,1,0,0,https://youtube.com/watch?v=GK4IlGnCDxY&lc=UgwK9HHKDA4m4LY4xc14AaABAg,விஜய் திரிஷா,en,😂😂😂😂😂😂😂😂😂😂😂😂😂
youtube,comment,Ugz6qZV9AfAUwycUz4V4AaABAg,GK4IlGnCDxY,2026-09-20 16:47:39+00:00,2026-09-22T04:34:54Z,081c7bef73ea,உங்க மூணு பேருக்கும் 300 போதுமா நம்மகிட்ட 30 பேர் இருக்காங்க,4,0,0,https://youtube.com/watch?v=GK4IlGnCDxY&lc=Ugz6qZV9AfAUwycUz4V4AaABAg,விஜய் திரிஷா,ta,"300 is enough for all three of you, we have 30 people"
youtube,comment,Ugx-VVxAX1i-4_8T4iB4AaABAg,GK4IlGnCDxY,2026-09-20 16:48:24+00:00,2026-09-22T04:34:54Z,e41243d7f405,"கருனாநிதி.
ஸ்டாலின்.
உதயநிதி.
இவங்கல்லாம்
ஓசி
ஓசியில
இவளுக
கூட
தங்குனாங்கலாம்
அதான்
மிசாவுளையும்
பாலியல்
வழக்கிலும்
உள்ள
போனாங்கலாம்.",1,0,0,https://youtube.com/watch?v=GK4IlGnCDxY&lc=Ugx-VVxAX1i-4_8T4iB4AaABAg,விஜய் திரிஷா,ta,"Karunanidhi.
Stalin.
Udayanidhi.
All of them
OC
In OC
Come on
too
Let's stay
That's it
Misaul too
sexual
Also in the case
in
Let's go."
youtube,comment,UgxT7uz7OAgWCCG6tAJ4AaABAg,GK4IlGnCDxY,2026-09-20 16:55:31+00:00,2026-09-22T04:34:54Z,5aff6e3169de,ஆதாரம் தந்த அக்கா நன்றி,96,0,0,https://youtube.com/watch?v=GK4IlGnCDxY&lc=UgxT7uz7OAgWCCG6tAJ4AaABAg,விஜய் திரிஷா,ta,Thanks sister for the proof
youtube,comment,UgzBYteI6SOs__U7_Td4AaABAg,GK4IlGnCDxY,2026-09-20 16:56:04+00:00,2026-09-22T04:34:54Z,b6fdd08f7fb1,Superma polathu thkuga porukiya,1,0,0,https://youtube.com/watch?v=GK4IlGnCDxY&lc=UgzBYteI6SOs__U7_Td4AaABAg,விஜய் திரிஷா,en,Superma polathu thkuga porukiya
youtube,comment,UgxOQXokvtpQDyLtCSx4AaABAg,i1BqRYMFS08,2026-09-20 16:56:13+00:00,2026-09-22T13:54:20Z,ef80a3d553f3,1.17 love this ♥️,0,0,0,https://youtube.com/watch?v=i1BqRYMFS08&lc=UgxOQXokvtpQDyLtCSx4AaABAg,Vijay Trisha,en,1.17 love this ♥️
youtube,comment,UgyDeSo9FTkdzwY79mJ4AaABAg,GK4IlGnCDxY,2026-09-20 16:59:41+00:00,2026-09-22T04:34:54Z,acb191acfbb8,திரிஷா அரை கிழவி,43,1,0,https://youtube.com/watch?v=GK4IlGnCDxY&lc=UgyDeSo9FTkdzwY79mJ4AaABAg,விஜய் திரிஷா,ta,Trisha is half old
youtube,comment,Ugwg-i0l2H-BIC6XEkN4AaABAg,GK4IlGnCDxY,2026-09-20 17:10:19+00:00,2026-09-22T04:34:54Z,2a31dbb90f3c,Super amma  thanks,5,0,0,https://youtube.com/watch?v=GK4IlGnCDxY&lc=Ugwg-i0l2H-BIC6XEkN4AaABAg,விஜய் திரிஷா,en,Super amma  thanks
youtube,comment,UgxueazanbnLcSnKgy14AaABAg,GK4IlGnCDxY,2026-09-20 17:11:56+00:00,2026-09-22T04:34:54Z,5b44e8ed640c,தவெக தவட்டு தற்குறி😂,1,0,0,https://youtube.com/watch?v=GK4IlGnCDxY&lc=UgxueazanbnLcSnKgy14AaABAg,விஜய் திரிஷா,ta,Don't worry about it
youtube,comment,UgxcBMPVN8Uu91n7xhx4AaABAg,GK4IlGnCDxY,2026-09-20 17:15:16+00:00,2026-09-22T04:34:54Z,df2330f55267,👌🏻👌🏻👌🏻👌🤐🤐👌🏻👌🏻👌🏻👌👌👌,1,0,0,https://youtube.com/watch?v=GK4IlGnCDxY&lc=UgxcBMPVN8Uu91n7xhx4AaABAg,விஜய் திரிஷா,en,👌🏻👌🏻👌🏻👌🤐🤐👌🏻👌🏻👌🏻👌👌👌
youtube,comment,UgzGyOcvPFWWqpkqRYB4AaABAg,GK4IlGnCDxY,2026-09-20 17:15:28+00:00,2026-09-22T04:34:54Z,34d0f3d07205,போடா தர்குரி குடிகார பயலே,1,0,0,https://youtube.com/watch?v=GK4IlGnCDxY&lc=UgzGyOcvPFWWqpkqRYB4AaABAg,விஜய் திரிஷா,ta,Boda targuri kudikara payale
youtube,comment,UgwILyheLQjmifg_3Zh4AaABAg,GK4IlGnCDxY,2026-09-20 17:15:52+00:00,2026-09-22T04:34:54Z,6d1cd4d9edf3,அந்த மூஞ்சிக்கு 5லட்சமா😅😢😮😂😅😅😅😅😅😅😅😅,76,0,0,https://youtube.com/watch?v=GK4IlGnCDxY&lc=UgwILyheLQjmifg_3Zh4AaABAg,விஜய் திரிஷா,ta,5 lakhs for that munchi😅😢😮😂😅😅😅😅😅😅😅😅😅😅
youtube,comment,UgyZgg7epaJu4CdoCpN4AaABAg,GK4IlGnCDxY,2026-09-20 17:17:11+00:00,2026-09-22T04:34:54Z,52d2322ccb59,Nee sonna rate correct thanma,1,0,0,https://youtube.com/watch?v=GK4IlGnCDxY&lc=UgyZgg7epaJu4CdoCpN4AaABAg,விஜய் திரிஷா,tanglish,Nee sonna rate correct thanma
youtube,comment,UgxKjRjPbHb3AbrKcfN4AaABAg,GK4IlGnCDxY,2026-09-20 17:24:21+00:00,2026-09-22T04:34:54Z,038b7ede0f68,அருமை அருமை சகோதரி வாழ்க வாழ்த்துக்கள் அருமையான காணொளி,17,0,0,https://youtube.com/watch?v=GK4IlGnCDxY&lc=UgxKjRjPbHb3AbrKcfN4AaABAg,விஜய் திரிஷா,ta,"Nice nice sister, congratulations, nice video"
youtube,comment,UgzOpXM9e_DmjhWBKbt4AaABAg,GK4IlGnCDxY,2026-09-20 17:27:24+00:00,2026-09-22T04:34:54Z,111d86a1df6b,இவளுக மூணு பேரும் உதயநிதியிடம் படுத்தார்கள்ல அதுக்கு ஒரு ராத்திரிக்கு பத்தாயிரம்,1,0,0,https://youtube.com/watch?v=GK4IlGnCDxY&lc=UgzOpXM9e_DmjhWBKbt4AaABAg,விஜய் திரிஷா,ta,These three people will sleep at Udayanidhi for ten thousand per night
youtube,comment,Ugwo4fa3Jw8k_JZnKjN4AaABAg,GK4IlGnCDxY,2026-09-20 17:31:00+00:00,2026-09-22T04:34:54Z,b65fd13ffbfb,😂😂😂வெளிப்படையா இப்படி உண்மையை சொல்லக்கூடாது😂😂😂,17,0,0,https://youtube.com/watch?v=GK4IlGnCDxY&lc=Ugwo4fa3Jw8k_JZnKjN4AaABAg,விஜய் திரிஷா,ta,😂😂😂 Obviously you shouldn't tell the truth like this 😂😂😂
youtube,comment,UgzfI7nVLt_sT9MgSJN4AaABAg,JxarcU_8or8,2026-09-20 17:33:20+00:00,2026-09-22T13:54:37Z,51306e304fff,"ரேஸ் பெரிய விஷயம் தான் அதனால அது எங்களுக்கு தேவையில்லை, பெரூமை பட வேண்டிய அவசியமில்லை. Waste of our tax.",0,0,0,https://youtube.com/watch?v=JxarcU_8or8&lc=UgzfI7nVLt_sT9MgSJN4AaABAg,Vijay Trisha,mixed,"Race is the big thing so we don't need it, we don't need to shoot Perum.Waste of our tax."
youtube,comment,UgxrvFJJ-c4XoRp0Rx54AaABAg,GK4IlGnCDxY,2026-09-20 17:38:46+00:00,2026-09-22T04:34:54Z,c5096f3b79c0,Keduketta nai kaiyel tamil nadu,0,0,0,https://youtube.com/watch?v=GK4IlGnCDxY&lc=UgxrvFJJ-c4XoRp0Rx54AaABAg,விஜய் திரிஷா,en,Keduketta nai kaiyel tamil nadu
youtube,comment,Ugw5R11AGeunUlzdF6Z4AaABAg,JxarcU_8or8,2026-09-20 17:46:15+00:00,2026-09-22T13:54:37Z,c2d6a9640789,Thurkuri Vetti Kazagam taking TN backwards. TN progress is on reverse gear.,0,0,0,https://youtube.com/watch?v=JxarcU_8or8&lc=Ugw5R11AGeunUlzdF6Z4AaABAg,Vijay Trisha,en,Thurkuri Vetti Kazagam taking TN backwards. TN progress is on reverse gear.
youtube,comment,Ugy9Klp2Rq8V14oqzA94AaABAg,i1BqRYMFS08,2026-09-20 17:47:26+00:00,2026-09-22T13:54:20Z,0b2e54dee544,Bhai ek successful actor ke Sath ek successful politician bhi hai ❤❤🎉🎉,0,0,0,https://youtube.com/watch?v=i1BqRYMFS08&lc=Ugy9Klp2Rq8V14oqzA94AaABAg,Vijay Trisha,en,Bhai ek successful actor ke Sath ek successful politician bhi hai ❤❤🎉🎉
youtube,comment,Ugz42Trqpgn6limUJC94AaABAg,GK4IlGnCDxY,2026-09-20 17:48:23+00:00,2026-09-22T04:34:54Z,8bf8caf8085c,அம்மாடிகலா. பொண்ணுங்க. ஊர்புரனிம்பாங்கலே. அதுஇதுதானோ. பேஷ் பேஷ்.,0,0,0,https://youtube.com/watch?v=GK4IlGnCDxY&lc=Ugz42Trqpgn6limUJC94AaABAg,விஜய் திரிஷா,ta,Ammatikala.girlUrpuranimpangale.That's it.Bash bash.
youtube,comment,UgzS3P-AVxhSMK0XxmV4AaABAg,GK4IlGnCDxY,2026-09-20 17:53:53+00:00,2026-09-22T04:34:54Z,80736f3a2bbb,😂😂😂😂😂😂😂😂😂😂,0,0,0,https://youtube.com/watch?v=GK4IlGnCDxY&lc=UgzS3P-AVxhSMK0XxmV4AaABAg,விஜய் திரிஷா,en,😂😂😂😂😂😂😂😂😂😂
youtube,comment,UgxsOktbjOKtKzlT4SZ4AaABAg,GK4IlGnCDxY,2026-09-20 17:55:27+00:00,2026-09-22T04:34:54Z,5abc608807bb,வேற ஆளுக்கு தான் 5 இலட்சம்... அவருக்கு ப்ரீ தான்... 😂😂😂 ஹோட்டல் ஓனர் அவரு பிரண்ட்...🤣🤣,31,0,0,https://youtube.com/watch?v=GK4IlGnCDxY&lc=UgxsOktbjOKtKzlT4SZ4AaABAg,விஜய் திரிஷா,ta,5 lakhs for another person... He is free... 😂😂😂 Hotel owner is his friend...🤣🤣
youtube,comment,UgweCYyF9MWDu6D9GVd4AaABAg,JxarcU_8or8,2026-09-20 18:03:13+00:00,2026-09-22T13:54:37Z,3175e02979b2,வேல பாத்துட்டு தான் இருக்காரு,0,0,0,https://youtube.com/watch?v=JxarcU_8or8&lc=UgweCYyF9MWDu6D9GVd4AaABAg,Vijay Trisha,ta,Just look at the work
youtube,comment,UgyBaMXgHJVuewayHit4AaABAg,GK4IlGnCDxY,2026-09-20 18:12:36+00:00,2026-09-22T04:34:54Z,2dd2b38727cd,"Yeandi thevideyaluku porantha thevideyalungale! ungoppan Stalin,ungamagalkaloda 4vthu kallapurusan uthavanithi by kudumbam poi thngunathu!thengunathu evvalavunu theriyuma gadi thevideyalungale!vanthuttalunga pundaiku aal kedaikkalanu vijayathedi!venuminna sollungadi payalunga payangara veriyoda erukkanunga anuppalama?",0,0,0,https://youtube.com/watch?v=GK4IlGnCDxY&lc=UgyBaMXgHJVuewayHit4AaABAg,விஜய் திரிஷா,en,"Yeandi thevideyaluku porantha thevideyalungale! ungoppan Stalin,ungamagalkaloda 4vthu kallapurusan uthavanithi by kudumbam poi thngunathu!thengunathu evvalavunu theriyuma gadi thevideyalungale!vanthuttalunga pundaiku aal kedaikkalanu vijayathedi!venuminna sollungadi payalunga payangara veriyoda erukkanunga anuppalama?"
youtube,comment,UgwwVcjuYnEeZgaHOal4AaABAg,GK4IlGnCDxY,2026-09-20 18:18:41+00:00,2026-09-22T04:34:54Z,60f4bf8dc6e2,"“TVK — திருடர்களின் வெட்டி கழகம். EVM-ல் முறைகேடு செய்வதைத் தவிர, எந்தத் தேர்தலிலும் TVK வெற்றி பெற வாய்ப்பே இல்லை. ஏமாற்றும் ரீல்கள், பில்ட்அப் ரீல்கள் மற்றும் போலியான ரீல்கள் மூலம் தமிழ்நாட்டு மக்களை மீண்டும் ஏமாற்ற முடியாது.”",0,0,0,https://youtube.com/watch?v=GK4IlGnCDxY&lc=UgwwVcjuYnEeZgaHOal4AaABAg,விஜய் திரிஷா,mixed,"""TVK — a gang of thieves. TVK has no chance of winning any election apart from tampering with EVMs. People of Tamilnadu cannot be fooled again with cheating reels, build-up reels and fake reels."""
youtube,comment,Ugz1e9ApNQHdFp7sUeh4AaABAg,GK4IlGnCDxY,2026-09-20 18:19:55+00:00,2026-09-22T04:34:54Z,1bf8bfac0c72,Sunni.ummpu.200 dmk,1,0,0,https://youtube.com/watch?v=GK4IlGnCDxY&lc=Ugz1e9ApNQHdFp7sUeh4AaABAg,விஜய் திரிஷா,en,Sunni.ummpu.200 dmk
youtube,comment,UgzB-O692wG-FFFuthN4AaABAg,GK4IlGnCDxY,2026-09-20 18:26:21+00:00,2026-09-22T04:34:54Z,269a3691e83c,ஆதாரம் போதுமுட,7,0,0,https://youtube.com/watch?v=GK4IlGnCDxY&lc=UgzB-O692wG-FFFuthN4AaABAg,விஜய் திரிஷா,ta,Evidence is sufficient
youtube,comment,UgwZ3zWpkaC0SKGwYmh4AaABAg,GK4IlGnCDxY,2026-09-20 18:26:34+00:00,2026-09-22T04:34:54Z,716b797ebedb,தரம் கெட்ட பெண்கள் இது தான் திமுக,1,0,0,https://youtube.com/watch?v=GK4IlGnCDxY&lc=UgwZ3zWpkaC0SKGwYmh4AaABAg,விஜய் திரிஷா,ta,Bad quality women this is DMK
youtube,comment,UgxQIIw5a0p5zil0ANl4AaABAg,GK4IlGnCDxY,2026-09-20 18:27:19+00:00,2026-09-22T04:34:54Z,6f9dfe4485d3,Avarum trishavu ponatha neenga pathigam epudi neenga munupetuthan torch light edhthuttu poningalo unga selava yari KOOLAKUTTOM KUDUTHUCHA ILA THIRAL NEDHI PICHAKARANGALA,1,0,0,https://youtube.com/watch?v=GK4IlGnCDxY&lc=UgxQIIw5a0p5zil0ANl4AaABAg,விஜய் திரிஷா,tanglish,Avarum trishavu ponatha neenga pathigam epudi neenga munupetuthan torch light edhthuttu poningalo unga selava yari KOOLAKUTTOM KUDUTHUCHA ILA THIRAL NEDHI PICHAKARANGALA
youtube,comment,UgwrWVWpIeYy4G1MdnJ4AaABAg,GK4IlGnCDxY,2026-09-20 18:27:53+00:00,2026-09-22T04:34:54Z,41b485019642,நல்ல தான் சொல்றீங்க என்ன தப்பு இருக்கு சொல்லிட்டு போங்க அவங்க அத பத்தி கவலைப்பட மாட்டாங்க நீங்க போயி உங்க வேலைய பாருங்க இதெல்லாம் காப்பாத்து கவலைப்பட வேண்டாம்,2,0,0,https://youtube.com/watch?v=GK4IlGnCDxY&lc=UgwrWVWpIeYy4G1MdnJ4AaABAg,விஜய் திரிஷா,ta,"It's good that you tell me what's wrong and go away, they won't worry about it."
youtube,comment,Ugx4FQ8xAYim6IZe9mZ4AaABAg,i1BqRYMFS08,2026-09-20 18:29:39+00:00,2026-09-22T13:54:20Z,e38fee533765,Thalapty ❤,0,0,0,https://youtube.com/watch?v=i1BqRYMFS08&lc=Ugx4FQ8xAYim6IZe9mZ4AaABAg,Vijay Trisha,en,Thalapty ❤
youtube,comment,Ugymt-179sULcyoOiEV4AaABAg,GK4IlGnCDxY,2026-09-20 18:38:56+00:00,2026-09-22T04:34:54Z,9925143e0c20,Hello madam Trisha vum london ponaga ok neengha poirdha ungaliki yavalavu no lady,1,0,0,https://youtube.com/watch?v=GK4IlGnCDxY&lc=Ugymt-179sULcyoOiEV4AaABAg,விஜய் திரிஷா,en,Hello madam Trisha vum london ponaga ok neengha poirdha ungaliki yavalavu no lady
youtube,comment,UgyOKH35U2WndECKPtx4AaABAg,JxarcU_8or8,2026-09-20 18:45:04+00:00,2026-09-22T13:54:37Z,94f6bd4284ab,Iva romba yogyam...ivala interview eduthu vekkamillama unga trp view etc yethukireenha...thu,0,0,0,https://youtube.com/watch?v=JxarcU_8or8&lc=UgyOKH35U2WndECKPtx4AaABAg,Vijay Trisha,tanglish,These are very clever... take this indervv and have no pride in your truck vv catch and green...
youtube,comment,Ugzb9pXNo-nx5_WzP714AaABAg,JxarcU_8or8,2026-09-20 18:50:22+00:00,2026-09-22T13:54:37Z,5b1e1e90f18a,Super vanithaakka,0,0,0,https://youtube.com/watch?v=JxarcU_8or8&lc=Ugzb9pXNo-nx5_WzP714AaABAg,Vijay Trisha,en,Super vanithaakka
youtube,comment,Ugx9QOiO367KIFQnx6F4AaABAg,p1QRWL0AEq8,2026-09-20 18:53:04+00:00,2026-09-22T03:30:37Z,c804560817b8,ఉభయనిధి కాదు బాబు ఉదయనిధి..... సరిచేసుకో,0,0,0,https://youtube.com/watch?v=p1QRWL0AEq8&lc=Ugx9QOiO367KIFQnx6F4AaABAg,Udhayanidhi Trisha,en,ఉభయనిధి కాదు బాబు ఉదయనిధి..... సరిచేసుకో
youtube,comment,UgyJsaysgZAONz6hFMh4AaABAg,i1BqRYMFS08,2026-09-20 18:56:25+00:00,2026-09-22T13:54:20Z,0dcb135aa34e,Super Dupper hit song ❤❤❤,0,0,0,https://youtube.com/watch?v=i1BqRYMFS08&lc=UgyJsaysgZAONz6hFMh4AaABAg,Vijay Trisha,en,Super Dupper hit song ❤❤❤
youtube,comment,UgwigWg5An_I_saG5m54AaABAg,i1BqRYMFS08,2026-09-20 19:05:29+00:00,2026-09-22T13:54:20Z,99e6f6c35853,After gatta kusthi movie,0,0,0,https://youtube.com/watch?v=i1BqRYMFS08&lc=UgwigWg5An_I_saG5m54AaABAg,Vijay Trisha,en,After gatta kusthi movie
youtube,comment,Ugye8xZfY_-UIu49q5J4AaABAg,GK4IlGnCDxY,2026-09-20 19:18:07+00:00,2026-09-22T04:34:54Z,8d466fa6b617,Ladies..ungaluku vera velai ellai.. Poyee TV serial paru  Pongadi😢😢,1,0,0,https://youtube.com/watch?v=GK4IlGnCDxY&lc=Ugye8xZfY_-UIu49q5J4AaABAg,விஜய் திரிஷா,en,Ladies..ungaluku vera velai ellai.. Poyee TV serial paru  Pongadi😢😢
youtube,comment,UgwOND3NP7Cr1JNHqst4AaABAg,JxarcU_8or8,2026-09-20 19:29:17+00:00,2026-09-22T13:54:37Z,8a0d547e8596,நீ  உனக்கு எத்தனை புருசன் சரியான தேவடியா முண்ட  வாயை மூடுடி,0,0,0,https://youtube.com/watch?v=JxarcU_8or8&lc=UgwOND3NP7Cr1JNHqst4AaABAg,Vijay Trisha,ta,What a perfect man you are Devatiya Munda shut up
youtube,comment,Ugyx28yhS2oCsQJSLwR4AaABAg,JxarcU_8or8,2026-09-20 19:30:23+00:00,2026-09-22T13:54:37Z,8a0d547e8596,இதுக்கு வாய் இல்ல வேற தான் வாயில இருக்கு,0,0,0,https://youtube.com/watch?v=JxarcU_8or8&lc=Ugyx28yhS2oCsQJSLwR4AaABAg,Vijay Trisha,ta,"It doesn't have a mouth, it has something else in its mouth"
youtube,comment,UgxB5LE04edTrKRBWb94AaABAg,JxarcU_8or8,2026-09-20 19:30:42+00:00,2026-09-22T13:54:37Z,8a0d547e8596,உன்னை குனிய,0,0,0,https://youtube.com/watch?v=JxarcU_8or8&lc=UgxB5LE04edTrKRBWb94AaABAg,Vijay Trisha,ta,bow down to you
youtube,comment,Ugx4GRl-1mPiygSOkz94AaABAg,LZP01UodlaU,2026-09-20 19:33:37+00:00,2026-09-22T13:54:18Z,0e066841b250,What about other CMs?,0,0,0,https://youtube.com/watch?v=LZP01UodlaU&lc=Ugx4GRl-1mPiygSOkz94AaABAg,Vijay Trisha,en,What about other CMs?
youtube,comment,UgwZoGy6FuBr-oxhVfd4AaABAg,GK4IlGnCDxY,2026-09-20 19:43:44+00:00,2026-09-22T04:34:54Z,99beff1eea31,"Thiruttu kothu dogs,",1,0,0,https://youtube.com/watch?v=GK4IlGnCDxY&lc=UgwZoGy6FuBr-oxhVfd4AaABAg,விஜய் திரிஷா,en,"Thiruttu kothu dogs,"
youtube,comment,UgyUinwMUq5LBm6_j9N4AaABAg,yfBQOmQJTvc,2026-09-20 19:50:03+00:00,2026-09-22T04:34:55Z,daa82a329503,Shame shame Joseph.,0,0,0,https://youtube.com/watch?v=yfBQOmQJTvc&lc=UgyUinwMUq5LBm6_j9N4AaABAg,விஜய் திரிஷா,en,Shame shame Joseph.
youtube,comment,Ugwemb2TA-GCJicKxBJ4AaABAg,GK4IlGnCDxY,2026-09-20 20:15:52+00:00,2026-09-22T04:34:54Z,f0cf07d1398e,Podi p......a,1,0,0,https://youtube.com/watch?v=GK4IlGnCDxY&lc=Ugwemb2TA-GCJicKxBJ4AaABAg,விஜய் திரிஷா,en,Podi p......a
youtube,comment,Ugy3MSSJWq0iC37f_FV4AaABAg,GK4IlGnCDxY,2026-09-20 21:08:55+00:00,2026-09-22T04:34:54Z,90ef70dfe655,Yemma  D M K  GUNATHA  IVANGALTA  THERIYIDHU,1,0,0,https://youtube.com/watch?v=GK4IlGnCDxY&lc=Ugy3MSSJWq0iC37f_FV4AaABAg,விஜய் திரிஷா,en,Yemma  D M K  GUNATHA  IVANGALTA  THERIYIDHU
youtube,comment,UgwZQwAEQN4XRwVCZ754AaABAg,GK4IlGnCDxY,2026-09-20 21:49:55+00:00,2026-09-22T04:34:54Z,999c9946ba23,Super sister s🎉🎉🎉🎉🎉🎉,4,0,0,https://youtube.com/watch?v=GK4IlGnCDxY&lc=UgwZQwAEQN4XRwVCZ754AaABAg,விஜய் திரிஷா,en,Super sister s🎉🎉🎉🎉🎉🎉
youtube,comment,UgxK-60ARxoGKGSEg6N4AaABAg,GK4IlGnCDxY,2026-09-20 21:58:37+00:00,2026-09-22T04:34:54Z,29386ad7df93,போதும் டா badu thena பயலே விஜய் Trisha vs London la வச்சு நாக்கு போட்டவன் Vijay,1,0,0,https://youtube.com/watch?v=GK4IlGnCDxY&lc=UgxK-60ARxoGKGSEg6N4AaABAg,விஜய் திரிஷா,mixed,Enough da badu thena Payale Vijay Trisha vs London la Vachu Naku Pottavan Vijay
youtube,comment,UgyH6gvvVIgFV1fA6s54AaABAg,GK4IlGnCDxY,2026-09-20 22:21:48+00:00,2026-09-22T04:34:54Z,e258c94834de,Y neega poringala,1,0,0,https://youtube.com/watch?v=GK4IlGnCDxY&lc=UgyH6gvvVIgFV1fA6s54AaABAg,விஜய் திரிஷா,en,Y neega poringala
youtube,comment,Ugy4UbGyuPIQdniq7Ql4AaABAg,GK4IlGnCDxY,2026-09-20 22:53:15+00:00,2026-09-22T04:34:54Z,87885d7b0f25,Neegala enga poniga evolo vaanguniya 😅😅😅,1,0,0,https://youtube.com/watch?v=GK4IlGnCDxY&lc=Ugy4UbGyuPIQdniq7Ql4AaABAg,விஜய் திரிஷா,en,Neegala enga poniga evolo vaanguniya 😅😅😅
youtube,comment,UgwLhcGz8vDGdkq2ygp4AaABAg,GK4IlGnCDxY,2026-09-20 22:55:47+00:00,2026-09-22T04:34:54Z,2132ce2b3412,மெண்டல் பய,1,0,0,https://youtube.com/watch?v=GK4IlGnCDxY&lc=UgwLhcGz8vDGdkq2ygp4AaABAg,விஜய் திரிஷா,ta,Mendel's fear
youtube,comment,UgxE5AnUWR3-pqCWIG54AaABAg,GK4IlGnCDxY,2026-09-20 22:57:17+00:00,2026-09-22T04:34:54Z,e9c31098100f,பெட்டு மாமா உண்மையா  அப்போ திரிஷாவிக்கு எத்தனை லட்சம்  விஜய் இது யாரு பணம் உன் அத்தா பணமா இல்ல உன் அப்பன் பணமா மாமா பையா  பன்றி மாறி கத்துற வர்ர்ர்😂😂,1,0,0,https://youtube.com/watch?v=GK4IlGnCDxY&lc=UgxE5AnUWR3-pqCWIG54AaABAg,விஜய் திரிஷா,ta,Pettu uncle is it true then how many lakhs is Vijay for Trishavi whose money is it your aunt money or not your father money uncle brother turn pig and scream 😂😂
youtube,comment,UgxxCca_dgLfrPQyA3N4AaABAg,GK4IlGnCDxY,2026-09-20 23:32:58+00:00,2026-09-22T04:34:54Z,3a140417ebd1,விஜய் தங்கிய ரூமுக்கு 1 நாளைக்கு இரண்டரை லச்சம் வாடகை. ( ஸ்டார் ஹோட்டல் ),2,0,0,https://youtube.com/watch?v=GK4IlGnCDxY&lc=UgxxCca_dgLfrPQyA3N4AaABAg,விஜய் திரிஷா,ta,The room where Vijay stayed was rented for two and a half lakhs per day.(Star Hotel)
youtube,comment,UgzlOcVGStkbi7jmLXp4AaABAg,GK4IlGnCDxY,2026-09-20 23:34:03+00:00,2026-09-22T04:34:54Z,d95b1b616fc9,"மிசா வழக்குல ஒரு போலீஸ்காரர் மகளை கடத்தி கெடுத்தது நல்லதா விசா வழக்குல ஸ்டாலின் வந்து உள்ள போனா விசா வழக்குல ஊர் உலகமே தெரியும் எல்லாத்துக்கும்ஏண்டி மூன்று பொம்பளைங்களும் போய் கணக்கு பாத்தீங்களா 
பக்கத்துல இருந்து விளக்கு குடிச்சிங்களா திரிஷா விஜய் கூட தான் தங்கி இருந்தாலும் உங்களுக்கு அப்படியே ப்ரூப் வச்சிருக்கீங்களா 
உதயநிதி அடிக்கடி துபாய் வரல நிவேதா பெத்துராஜ் கூட படுக்குறதுக்கு அப்ப எத்தனை லட்சம் செலவாகி இருக்கும் சொல்லுடி அவளுக்கு நிவேதா பெத்துராஜ் உதயநிதி பெரிய பங்களா வாங்கி கொடுத்திருக்கான் கார் ரேஸ் நடத்துனா 
ஏண்டி அநியாயமா ஒரு முதலமைச்சர் பாட்டு புளுகு புழுகு புழுகு ஒரு நட்பு என்ற முறையில் கூட திரிஷா வந்து கூட வரலாம் அதுக்காக ஏண்டி இப்படி பேசுறீங்க 
ஸ்டாலின் வந்து வயசுல ஆடாத ஆட்டமா கருணாநிதி மூணு பொம்பளைங்கள வச்சுக்கிட்டு ஓட்டுன ஏண்டி அறிவுகெட்ட தேவிடியா முண்டை கலா ஸ்டாலின் செய்தி வாசிப்பாளர் பாத்திமா பாபுவ கடத்தி ஒரு வாரம் வச்சு ரூம் போட்டு கெடுத்துட்டு இருந்தான் தெரியுமா அதுவும் இல்லாம எத்தனை பொம்பளையோட ஸ்டாலின் வந்து தொடர்பு வைத்திருந்தான் தெரியுமா என்னமோ பெரிய யோக்கியன் மாதிரி வந்து விஜய் சாரை பேசுறீங்க மூன்று தேவிடியா முண்டைகள் கருணாநிதி ஆட்சி என்றாலே கலைஞர் ஆட்சி என்றாலே லஞ்சம் ஊழல் கொலை கொள்ளை கற்பழிப்பு போதை என்ன பொம்பளைங்களை வச்சுக்கிறது பொம்பளைங்களை கூட்டி கொடுக்கிறது காட்டிக்கொடுக்க இதுதாண்டி பொழப்பு டிஎம்கே நாய்களுக்கு டிஎம்கே நாய்களுக்கு சப்போர்ட் பண்ணி எவ்வளவு பணத்தை வாங்கிட்டு வந்துட்டேன் சப்போர்ட் பண்றீங்க தேவிடியா எவ்வளவு பணம் டிஎம்கே காரன் கிட்ட வாங்குறீங்க இப்படி ஒரு முதலமைச்சர் என்று மரியாதை இல்லாமல் கூட முதலமைச்சர் முதலில் அபாண்டமா பழி போடுறீங்க தேவிடியாக்கள் தேவிடியாக்கள் தேவிடியா அலுவலக ஏண்டி அனாவசியமா பேசாத என்று கேவலமா பேசுற அப்புறம் என்ன ஒழுங்கான ஒழுங்க மாதிரி நடிச்சிருக்கார்",1,0,0,https://youtube.com/watch?v=GK4IlGnCDxY&lc=UgzlOcVGStkbi7jmLXp4AaABAg,விஜய் திரிஷா,ta,"Is it good that a policeman abducted a policeman's daughter in the Misa case? In the Visa case, Stalin has come.
Do you still have the proof even though Trisha Vijay is also staying with the lamp from next door?
Udhayanidhi often comes to Dubai and Niveda Pethuraj even says how many lakhs it will cost to sleep. Niveda Pethuraj has bought her a big bungalow.
Andi, it's unfair that a chief minister is singing, and even as a friend, Trisha can come and talk like this.
Karunanidhi came and drove away with three puppets. Stalin's newsreader, Fatima Babuwa, kidnapped and spoiled the room for a week. Do you know how many puppets Stalin came and had contact with? Do you know how many puppets Stalin came and talked to Vijay sir? Three Devitia Mundai Karunanidhi regime.What is artist rule? Bribery, corruption, murder, robbery, rape, drugs, what kind of puppets are they hiding, collecting puppets, betraying them, etc.Davidias went to Davidia's office and talked badly about not talking unnecessarily, then he behaved like an orderly person."
youtube,comment,Ugz3MCbXBQX5agUCSTF4AaABAg,GK4IlGnCDxY,2026-09-20 23:40:39+00:00,2026-09-22T04:34:54Z,75b77b562bcc,ஏண்டா கேடுகெட்ட நாய்யே இப்படி கத்தற லூசு கீழ் பாகம் இருக்கவேண்டிய ஆள்,1,0,0,https://youtube.com/watch?v=GK4IlGnCDxY&lc=Ugz3MCbXBQX5agUCSTF4AaABAg,விஜய் திரிஷா,ta,What a bad dog who should have a loose bottom to scream like that
youtube,comment,UgykiJu0m9DMAeH-3oN4AaABAg,GK4IlGnCDxY,2026-09-20 23:59:59+00:00,2026-09-22T04:34:54Z,ce3ccaa420b1,நீங்க 3 பேரும்தா ிவலக்கு புடிச்சி பாத்தங்கல😂😂😂,3,0,0,https://youtube.com/watch?v=GK4IlGnCDxY&lc=UgykiJu0m9DMAeH-3oN4AaABAg,விஜய் திரிஷா,ta,Aren't all 3 of you smart looking to the right😂😂😂
youtube,comment,UgzfkZV6B9a-wNCxXG54AaABAg,GK4IlGnCDxY,2026-09-21 00:03:42+00:00,2026-09-22T04:34:54Z,572d7b35876e,சட்டமன்றத்தில் என்ன பேசணும் என்ன திட்டங்களை உருவாக்கணும் என்கிற சுத்தமா அறிவில்லாத தற்குறிங்கறது இவன் என்பதையும் நிரூபித்து விட்டான் விஜய்,6,0,0,https://youtube.com/watch?v=GK4IlGnCDxY&lc=UgzfkZV6B9a-wNCxXG54AaABAg,விஜய் திரிஷா,ta,Vijay has also proved that he knows nothing about what to talk and what plans to make in the assembly.
youtube,comment,UgxZZcYUgHzakoFn5Qd4AaABAg,GK4IlGnCDxY,2026-09-21 00:11:03+00:00,2026-09-22T04:34:54Z,5ca23b9beb44,Antha akka tha hotel ku pay pannaga pola,1,0,0,https://youtube.com/watch?v=GK4IlGnCDxY&lc=UgxZZcYUgHzakoFn5Qd4AaABAg,விஜய் திரிஷா,en,Antha akka tha hotel ku pay pannaga pola
youtube,comment,Ugx9JcVfeetbCuYuHRx4AaABAg,GK4IlGnCDxY,2026-09-21 00:23:43+00:00,2026-09-22T04:34:54Z,31774a90ce4b,"Adhu adharam ellai 
Court dhandanai vaagi kodu apppathann nee sonadhu unmai",1,0,0,https://youtube.com/watch?v=GK4IlGnCDxY&lc=Ugx9JcVfeetbCuYuHRx4AaABAg,விஜய் திரிஷா,en,"Adhu adharam ellai 
Court dhandanai vaagi kodu apppathann nee sonadhu unmai"
youtube,comment,UgzAPReWU9cP3osdoYl4AaABAg,GK4IlGnCDxY,2026-09-21 00:36:16+00:00,2026-09-22T04:34:54Z,137988f86473,ஏம்மா இந்த ரகசியம் உங்களுக்கு எப்படிமா தெரியும்,3,0,0,https://youtube.com/watch?v=GK4IlGnCDxY&lc=UgzAPReWU9cP3osdoYl4AaABAg,விஜய் திரிஷா,ta,"Emma, ​​how do you know this secret?"
youtube,comment,UgxKK1KtOkLYYlQnsDt4AaABAg,GK4IlGnCDxY,2026-09-21 00:38:12+00:00,2026-09-22T04:34:54Z,ffb81a2cb668,"என்ன மானங்கெட்ட கூத்தாடி உன்னை எல்லாம் நடு ரோட்டுல கட்டி வச்சு செருப்பாலயே அடிக்கணும் டா 
எதைக் கொண்டு வந்து ஆதாரமா காட்டுற கூத்தாடி",1,0,0,https://youtube.com/watch?v=GK4IlGnCDxY&lc=UgxKK1KtOkLYYlQnsDt4AaABAg,விஜய் திரிஷா,ta,"What a disgraceful bastard, I want to tie you all up in the middle of the road and beat you with sandals.
It is a question of bringing and showing evidence"
youtube,comment,UgxXtVJXA5yN0aZy8Bx4AaABAg,JxarcU_8or8,2026-09-21 00:50:21+00:00,2026-09-22T13:54:37Z,1018dbf04362,பத்திரிகையாளர்கள் எல்லாம் யார் கிட்ட கொண்டு போய் மயக்கி நீட்றதுனே தெரியாத மாதிரி இவங்க எல்லாம் ஒரு ஆளுன்னு இதுங்கிட்டு கேக்குறீங்க பாருங்க கேள்வி முதல்ல இதே ஒழுங்கு கிடையாது இவன் கிட்ட போய் கேள்வி கேட்டா மட்டும் தான் கொடுக்கும் தற்கூறுகளுக்கு,0,0,0,https://youtube.com/watch?v=JxarcU_8or8&lc=UgxXtVJXA5yN0aZy8Bx4AaABAg,Vijay Trisha,ta,"It's like you don't know who all the journalists are leading to, they are all the same person, if you ask them, there is no order in the first question."
youtube,comment,UgxkJ_Vs78WpRUP65Jt4AaABAg,GK4IlGnCDxY,2026-09-21 00:51:23+00:00,2026-09-22T04:34:54Z,8b0e6b8dad86,உங்க மூணு பேரை பார்த்தாலுமே கூட்டி குடுக்குற பொழப்பு நடத்துற மாதிரி இருக்குது இதுல அடுத்தவங்களை பத்தி பேசுறீங்க உங்க முதுகில் உள்ள அழுக்கை கழுகு முன்னாடி முட்டாள் கூதியில,1,0,0,https://youtube.com/watch?v=GK4IlGnCDxY&lc=UgxkJ_Vs78WpRUP65Jt4AaABAg,விஜய் திரிஷா,ta,"Just looking at the three of you, it's like you're having a get-together and you're talking about others."
youtube,comment,UgxEf8KEmWnuW1Ahh5x4AaABAg,JxarcU_8or8,2026-09-21 00:52:14+00:00,2026-09-22T13:54:37Z,1018dbf04362,அத தான் கேக்குறாங்க அறிவு கெட்ட பொம்பள பிரைவேட் ஜெட் ஏத்துக்குன்னு அவருடைய காசு செலவு பண்ணிட்டு போக வேண்டியது தானே அந்த பெருமை எல்லாம் தமிழ்நாட்டுக்கு வரும்ல மக்கள் வரி பணத்தில் ஏன் போனோம் தற்குறிக்கு முட்டுக் கொடுக்கிறார்களே,0,0,0,https://youtube.com/watch?v=JxarcU_8or8&lc=UgxEf8KEmWnuW1Ahh5x4AaABAg,Vijay Trisha,ta,"That's what you are asking, what is the ill-informed Pombala private jet for? He should spend his money and go. All that glory does not come to Tamil Nadu. Why are people supporting us with tax money?"
youtube,comment,UgzspSFwLVQqcXx3BXN4AaABAg,GK4IlGnCDxY,2026-09-21 01:04:08+00:00,2026-09-22T04:34:54Z,481ace717a28,மானங்கெட்டனுங்க இதுதான் தமிழ் நாட்டின் சாபக்கேடு,1,0,0,https://youtube.com/watch?v=GK4IlGnCDxY&lc=UgzspSFwLVQqcXx3BXN4AaABAg,விஜய் திரிஷா,ta,Damn this is the curse of Tamil country
youtube,comment,UgwExbeKXFjVDS1zrVN4AaABAg,GK4IlGnCDxY,2026-09-21 01:06:43+00:00,2026-09-22T04:34:54Z,93c8b8961b1f,ஆதார வேணும் ஆதாரம் வேணும் போதுமா லண்டன்ல போய் காமிச்சேனே போதுமா லண்டன்ல போய் திரிஷா கூட சுத்துனேனே போதுமா ஆதாரம்,1,0,0,https://youtube.com/watch?v=GK4IlGnCDxY&lc=UgwExbeKXFjVDS1zrVN4AaABAg,விஜய் திரிஷா,ta,Need proof Need proof enough to go to London Kamichene enough to go to London even Trisha Suthunene enough proof
youtube,comment,UgxtMrgkAtTpP7IKaZp4AaABAg,GK4IlGnCDxY,2026-09-21 01:07:47+00:00,2026-09-22T04:34:54Z,530559fcee9a,Ithellam oru polapa ma... Pengala irunthukitu pen inathai namale kevalapadutha kudathu... Yara irunthalum nagarigama arasiyal panunga. Avamga oanalum athu thapu than. Ninga panalum thapu than. Pakathula irunthu pathingala.... Ena pechu ithu asungama,1,0,0,https://youtube.com/watch?v=GK4IlGnCDxY&lc=UgxtMrgkAtTpP7IKaZp4AaABAg,விஜய் திரிஷா,en,Ithellam oru polapa ma... Pengala irunthukitu pen inathai namale kevalapadutha kudathu... Yara irunthalum nagarigama arasiyal panunga. Avamga oanalum athu thapu than. Ninga panalum thapu than. Pakathula irunthu pathingala.... Ena pechu ithu asungama
youtube,comment,Ugwo32bQbtHP9zYNY2F4AaABAg,GK4IlGnCDxY,2026-09-21 01:08:45+00:00,2026-09-22T04:34:54Z,9886573c8356,இரண்டு லட்சம் அதுவே ஜாஸ்தி அவளுக்கு,7,0,0,https://youtube.com/watch?v=GK4IlGnCDxY&lc=Ugwo32bQbtHP9zYNY2F4AaABAg,விஜய் திரிஷா,ta,Two lakhs is the best for her
youtube,comment,UgyNXu6WCIbrUs--eRZ4AaABAg,GK4IlGnCDxY,2026-09-21 01:14:38+00:00,2026-09-22T04:34:54Z,06e96de7d3b9,What kind of disgusting people in DMK. Disgusting.,1,0,0,https://youtube.com/watch?v=GK4IlGnCDxY&lc=UgyNXu6WCIbrUs--eRZ4AaABAg,விஜய் திரிஷா,en,What kind of disgusting people in DMK. Disgusting.
youtube,comment,UgzpSCp0R7DrztG36GR4AaABAg,GK4IlGnCDxY,2026-09-21 01:15:23+00:00,2026-09-22T04:34:54Z,64362aaba23c,லோக்கல் புரோக்கர்கள் கதறல்😂😂😂😂 விளக்கு புடிச்சீங்க உங்களுக்கு எவ்வளவு கொடுத்தாங்க பிளாக்ல சரக்கு கஞ்சா விக்கிற கிழட்டு மூதேவிகள,1,0,0,https://youtube.com/watch?v=GK4IlGnCDxY&lc=UgzpSCp0R7DrztG36GR4AaABAg,விஜய் திரிஷா,ta,Local brokers screaming
youtube,comment,UgwhXCmXm6kzcGWa-YB4AaABAg,GK4IlGnCDxY,2026-09-21 01:15:24+00:00,2026-09-22T04:34:54Z,9c729db00b80,டேய் நாயே நீ ஊரைச் சுத்தினதுக்கு ஆதாரம் தாண்ட இது மூதேவி,1,0,0,https://youtube.com/watch?v=GK4IlGnCDxY&lc=UgwhXCmXm6kzcGWa-YB4AaABAg,விஜய் திரிஷா,ta,"This is Mudevi, who is proof that you have destroyed the city, you dog"
youtube,comment,UgwGrzTl6Zg_IsXx1a54AaABAg,GK4IlGnCDxY,2026-09-21 01:16:39+00:00,2026-09-22T04:34:54Z,25f91a534ffc,Please support 🌱🌱🌱🌱,1,0,0,https://youtube.com/watch?v=GK4IlGnCDxY&lc=UgwGrzTl6Zg_IsXx1a54AaABAg,விஜய் திரிஷா,en,Please support 🌱🌱🌱🌱
youtube,comment,Ugxg_LE02MIYWn9RoLF4AaABAg,GK4IlGnCDxY,2026-09-21 01:19:51+00:00,2026-09-22T04:34:54Z,28ebd5ffcf10,என்ன கருமமடா,6,0,0,https://youtube.com/watch?v=GK4IlGnCDxY&lc=Ugxg_LE02MIYWn9RoLF4AaABAg,விஜய் திரிஷா,ta,What blackness
youtube,comment,Ugzm4um8CFWcV4A4mUJ4AaABAg,GK4IlGnCDxY,2026-09-21 01:20:03+00:00,2026-09-22T04:34:54Z,e981e6c32f77,Akka 😂😂😂 Vega namari video,1,0,0,https://youtube.com/watch?v=GK4IlGnCDxY&lc=Ugzm4um8CFWcV4A4mUJ4AaABAg,விஜய் திரிஷா,en,Akka 😂😂😂 Vega namari video
youtube,comment,UgyXg-9ENu8I8Mc7dzx4AaABAg,GK4IlGnCDxY,2026-09-21 01:23:03+00:00,2026-09-22T04:34:54Z,b5ac80d739a5,கழுதகத்துரமாரி இருக்கு ஆதாரம் ஒரு நாளைக்கு 5 லட்சமா யாரு வீட்டு பணம் அதை கேட்டு சொல்லுங்க தாய்மார்களே,5,0,0,https://youtube.com/watch?v=GK4IlGnCDxY&lc=UgyXg-9ENu8I8Mc7dzx4AaABAg,விஜய் திரிஷா,ta,"There is evidence that the donkey is 5 lakhs per day, whose household money is it. Ask and tell me, ladies"
youtube,comment,Ugxiu8HM4qWciHayopV4AaABAg,yDTSQAzA2SQ,2026-09-21 01:28:17+00:00,2026-09-22T04:34:40Z,27e9015e3e5c,"Everyone should ask CM Does his son need a marriage now or him? Does he know the number of his age behaving as if he is in early 20's and his son is behaving very matured. CM Vijay is literally competing with his children, who is having girlfriend and who is getting married first. So shamefull!",0,0,0,https://youtube.com/watch?v=yDTSQAzA2SQ&lc=Ugxiu8HM4qWciHayopV4AaABAg,விஜய் திரிஷா,en,"Everyone should ask CM Does his son need a marriage now or him? Does he know the number of his age behaving as if he is in early 20's and his son is behaving very matured. CM Vijay is literally competing with his children, who is having girlfriend and who is getting married first. So shamefull!"
youtube,comment,UgzoW43Rjuwg_BsQt894AaABAg,GK4IlGnCDxY,2026-09-21 01:32:12+00:00,2026-09-22T04:34:54Z,a6b4bc2c5a66,Unaku evlo,1,0,0,https://youtube.com/watch?v=GK4IlGnCDxY&lc=UgzoW43Rjuwg_BsQt894AaABAg,விஜய் திரிஷா,en,Unaku evlo
youtube,comment,UgxWjzuT3WjZL7JXmQV4AaABAg,GK4IlGnCDxY,2026-09-21 01:36:56+00:00,2026-09-22T04:34:54Z,42be374ed6ef,ஆமாடி திருட்டு முண்டைகளா உங்களுக்கு ஒரு ராத்திரிக்கு 10 லட்சம் வரையிலாடி தேவிடியாக்கள்,1,0,0,https://youtube.com/watch?v=GK4IlGnCDxY&lc=UgxWjzuT3WjZL7JXmQV4AaABAg,விஜய் திரிஷா,ta,"If you are a scammer, you can get up to 10 lakhs per night"
youtube,comment,UgyApdBpyv9XQHZ5e9V4AaABAg,GK4IlGnCDxY,2026-09-21 01:38:33+00:00,2026-09-22T04:34:54Z,df345448dbef,5 லட்சம் அக்காவுக்கா இல்ல ரூமுக்கா அண்ணனை கேட்டு சொல்லுங்க😂😂😂😂😂😂,11,0,0,https://youtube.com/watch?v=GK4IlGnCDxY&lc=UgyApdBpyv9XQHZ5e9V4AaABAg,விஜய் திரிஷா,ta,5 lakh sister or rumukka ask brother and tell him 😂😂😂😂😂😂
youtube,comment,UgzoeUZYwxBmJqKS6kx4AaABAg,i1BqRYMFS08,2026-09-21 01:39:55+00:00,2026-09-22T13:54:20Z,2675c3fa19c4,Tamil to samajh mein nahin aati hai fir bhi gana  sun rahe hain lekin bahut gana achcha hai hoga ok,0,0,0,https://youtube.com/watch?v=i1BqRYMFS08&lc=UgzoeUZYwxBmJqKS6kx4AaABAg,Vijay Trisha,en,Tamil to samajh mein nahin aati hai fir bhi gana  sun rahe hain lekin bahut gana achcha hai hoga ok
youtube,comment,Ugzy4IwC2WeagQc83_t4AaABAg,GK4IlGnCDxY,2026-09-21 01:40:30+00:00,2026-09-22T04:34:54Z,f789536085f4,இந்த இந்த திமுகவில் இருந்து காசு வாங்கிட்டு தெருவுல தெரியுது நினைக்கிறேன் இந்த பொம்பளைங்க. பொம்பள பொறுக்கிங்களா எவனாவது உங்களுக்கு வெளிச்சமாய் கிடப்பான் அப்படின்னு சொல்லிட்டு விஜய் பத்தி பேசுறீங்களா பொறுக்கி நாய்களா முதலில் இந்த மாதிரி காணொளியோ இல்ல இந்த மாதிரி வேலையெல்லாம் பண்ணாதீங்க நீங்க எதுக்கு உயிரோட இருக்கீங்களா அதனுடைய பர்பஸையே கெட்டுப்போயிடும் இல்லன்னா ஒன்னு சேத்துருங்க எல்லாரும் இந்த,1,0,0,https://youtube.com/watch?v=GK4IlGnCDxY&lc=Ugzy4IwC2WeagQc83_t4AaABAg,விஜய் திரிஷா,ta,"I think these puppets are known on the street after taking money from DMK.Pombala Borokkings, someone will shine a light on you, are you talking about Vijay, Porokki dogs, first of all, don't do this kind of work, why are you alive, if it doesn't spoil the purpose of it, tell us all."
youtube,comment,UgxHQPNJbRpf0HhBneh4AaABAg,GK4IlGnCDxY,2026-09-21 01:42:26+00:00,2026-09-22T04:34:54Z,933a3cb51975,உங்க ரேஞ்சுக்கு 209மட்டும் திரிசாவுக்கு5லட்சம்😂😂😂,1,0,0,https://youtube.com/watch?v=GK4IlGnCDxY&lc=UgxHQPNJbRpf0HhBneh4AaABAg,விஜய் திரிஷா,ta,Only 209 for your range and 5 lakhs for Trisha😂😂😂
youtube,comment,UgzSQVOW40biUubnccV4AaABAg,i1BqRYMFS08,2026-09-21 01:42:46+00:00,2026-09-22T13:54:20Z,bd98a31383e5,I Love You vijay❤❤❤❤❤🎉🎉🎉🎉🎉❤❤❤❤❤,1,0,0,https://youtube.com/watch?v=i1BqRYMFS08&lc=UgzSQVOW40biUubnccV4AaABAg,Vijay Trisha,en,I Love You vijay❤❤❤❤❤🎉🎉🎉🎉🎉❤❤❤❤❤
youtube,comment,UgzHwxPh1-9SC0ysDih4AaABAg,GK4IlGnCDxY,2026-09-21 01:43:48+00:00,2026-09-22T04:34:54Z,933a3cb51975,இந்த3 பொம்பலங்க நௌட்ல லாரிமரிக்கிற பொம்பலங்க 😂😂என்னயே ஒருநாள் மரிச்சிதுங்க😂😂,1,0,0,https://youtube.com/watch?v=GK4IlGnCDxY&lc=UgzHwxPh1-9SC0ysDih4AaABAg,விஜய் திரிஷா,ta,These 3 Pombalanga Noudla are the Pombalanga that are larrying 😂😂 What a day to die 😂😂
youtube,comment,Ugxb4ltcgUMO5FnCQPZ4AaABAg,GK4IlGnCDxY,2026-09-21 01:45:50+00:00,2026-09-22T04:34:54Z,78f640d8ea3a,சூப்பர் ஆதாரம்,9,0,0,https://youtube.com/watch?v=GK4IlGnCDxY&lc=Ugxb4ltcgUMO5FnCQPZ4AaABAg,விஜய் திரிஷா,ta,Super proof
youtube,comment,UgzVbddJIQJHpxujJkJ4AaABAg,GK4IlGnCDxY,2026-09-21 01:47:00+00:00,2026-09-22T04:34:54Z,131a333f2f3d,😂😂😂😂😂😂😂😂😂😂,1,0,0,https://youtube.com/watch?v=GK4IlGnCDxY&lc=UgzVbddJIQJHpxujJkJ4AaABAg,விஜய் திரிஷா,en,😂😂😂😂😂😂😂😂😂😂
youtube,comment,UgztRlnp-adbIYhU8_14AaABAg,GK4IlGnCDxY,2026-09-21 01:48:34+00:00,2026-09-22T04:34:54Z,db1ac0987005,😂😂😂😂😂😮😮😮😮😮,1,0,0,https://youtube.com/watch?v=GK4IlGnCDxY&lc=UgztRlnp-adbIYhU8_14AaABAg,விஜய் திரிஷா,en,😂😂😂😂😂😮😮😮😮😮
youtube,comment,UgzXwAyjteWGogNrgXN4AaABAg,GK4IlGnCDxY,2026-09-21 01:51:35+00:00,2026-09-22T04:34:54Z,339a01f98249,"கினற்றுத் தவளை கத்தும் சட்ட சபைக்கு தகுதியற்ற திரைக் கூத்தாடி,,ராஜாஜி,அண்ணா,எம்ஜிஆர்,ஜெ யலலிதா என மிகப் பெரிய தலைவர்கள் நடத்திய சபை இன்று மகா கேவலமான நிலையில்",0,0,0,https://youtube.com/watch?v=GK4IlGnCDxY&lc=UgzXwAyjteWGogNrgXN4AaABAg,விஜய் திரிஷா,ta,"The Congress which was held by the greatest leaders like Rajaji, Anna, MGR, J Yalalitha is in a very bad state today."
youtube,comment,Ugxnrf3v6ubpxLhoXkh4AaABAg,GK4IlGnCDxY,2026-09-21 01:52:35+00:00,2026-09-22T04:34:54Z,97ce2a8f6f8f,DMK. 200 up.  Koter peryanni reade. 😂😂😂😂😂😂😂😂😂😂😂😂😂😂,1,1,0,https://youtube.com/watch?v=GK4IlGnCDxY&lc=Ugxnrf3v6ubpxLhoXkh4AaABAg,விஜய் திரிஷா,en,DMK. 200 up.  Koter peryanni reade. 😂😂😂😂😂😂😂😂😂😂😂😂😂😂
youtube,comment,Ugx6lsXsOOw69pocrlJ4AaABAg,GK4IlGnCDxY,2026-09-21 01:53:25+00:00,2026-09-22T04:34:54Z,339a01f98249,பொட்டு மாமா 3ஷாவுக்கு வேண்டியவர் தானே தொகையை கொஞ்சம் குறைத்துக் கொன்டால் என்ன 3ஷா பாட்டி,1,0,0,https://youtube.com/watch?v=GK4IlGnCDxY&lc=Ugx6lsXsOOw69pocrlJ4AaABAg,விஜய் திரிஷா,ta,What if uncle 3sha owes 3sha himself and reduces the amount a little
youtube,comment,UgydmrcbZBtMkSfS_Ch4AaABAg,GK4IlGnCDxY,2026-09-21 02:14:30+00:00,2026-09-22T04:34:54Z,b44a8ad24e2c,💯💯💯🥾🥾🥾👠👠👠👢👢👢🐕‍🦺🐕‍🦺🦮🦮🥾🥾👠,0,0,0,https://youtube.com/watch?v=GK4IlGnCDxY&lc=UgydmrcbZBtMkSfS_Ch4AaABAg,விஜய் திரிஷா,en,💯💯💯🥾🥾🥾👠👠👠👢👢👢🐕‍🦺🐕‍🦺🦮🦮🥾🥾👠
youtube,comment,UgyVA6wCFFEg_U9XmCJ4AaABAg,GK4IlGnCDxY,2026-09-21 02:16:23+00:00,2026-09-22T04:34:54Z,f5b5c9bb72e4,எங்கேயாவது ஒரு பெண்கள் தரமான பெண்களா பேசுறீங்களா,1,0,0,https://youtube.com/watch?v=GK4IlGnCDxY&lc=UgyVA6wCFFEg_U9XmCJ4AaABAg,விஜய் திரிஷா,ta,Are you talking about quality girls somewhere?
youtube,comment,UgxxwvjWAn9G3hv0JWh4AaABAg,GK4IlGnCDxY,2026-09-21 02:16:26+00:00,2026-09-22T04:34:54Z,ca7125bb4828,Ivaluga poi velakku pudichalugalam adha sollura,0,0,0,https://youtube.com/watch?v=GK4IlGnCDxY&lc=UgxxwvjWAn9G3hv0JWh4AaABAg,விஜய் திரிஷா,en,Ivaluga poi velakku pudichalugalam adha sollura
youtube,comment,UgxiHA-Cp3ER9bBBUfN4AaABAg,GK4IlGnCDxY,2026-09-21 02:16:37+00:00,2026-09-22T04:34:54Z,633058d95d64,Too much. Cript writers superb,1,0,0,https://youtube.com/watch?v=GK4IlGnCDxY&lc=UgxiHA-Cp3ER9bBBUfN4AaABAg,விஜய் திரிஷா,en,Too much. Cript writers superb
youtube,comment,UgypJCpzj8gcoT06MHZ4AaABAg,GK4IlGnCDxY,2026-09-21 02:19:12+00:00,2026-09-22T04:34:54Z,82c51a1b2ad1,உனக்கு மூணு பேரும் தான் போய் விளக்க புடிச்ச ஆளுக,1,0,0,https://youtube.com/watch?v=GK4IlGnCDxY&lc=UgypJCpzj8gcoT06MHZ4AaABAg,விஜய் திரிஷா,ta,All three people should go and explain to you
youtube,comment,UgyBFqi3GULanjtcYDN4AaABAg,GK4IlGnCDxY,2026-09-21 02:19:22+00:00,2026-09-22T04:34:54Z,2803beac8161,Mental kaka mandainka,1,0,0,https://youtube.com/watch?v=GK4IlGnCDxY&lc=UgyBFqi3GULanjtcYDN4AaABAg,விஜய் திரிஷா,en,Mental kaka mandainka
youtube,comment,Ugy5II_r-TKPJc_f4HV4AaABAg,GK4IlGnCDxY,2026-09-21 02:24:41+00:00,2026-09-22T04:34:54Z,e82f5fd6b0e4,தேவையில்லாத பேச்சு. நீங்கள் பொம்பள பொறுக்கி,1,0,0,https://youtube.com/watch?v=GK4IlGnCDxY&lc=Ugy5II_r-TKPJc_f4HV4AaABAg,விஜய் திரிஷா,ta,Unnecessary talk.You are a puppeteer
youtube,comment,UgzCqv1lJ-zFsQnImLt4AaABAg,GK4IlGnCDxY,2026-09-21 02:26:31+00:00,2026-09-22T04:34:54Z,c664de550c6a,மூன்று முண்டைங்க ஓப்பாரி கழகம்,1,0,0,https://youtube.com/watch?v=GK4IlGnCDxY&lc=UgzCqv1lJ-zFsQnImLt4AaABAg,விஜய் திரிஷா,ta,Three Mundayinga Opari Kazhagam
youtube,comment,UgysUllNoq_egfZR2Lp4AaABAg,GK4IlGnCDxY,2026-09-21 02:27:12+00:00,2026-09-22T04:34:54Z,0a7570f9b669,ஆபாச திமுக,2,0,0,https://youtube.com/watch?v=GK4IlGnCDxY&lc=UgysUllNoq_egfZR2Lp4AaABAg,விஜய் திரிஷா,ta,Obscene DMK
youtube,comment,UgytgpEG4dJ_61Udp4J4AaABAg,GK4IlGnCDxY,2026-09-21 02:27:30+00:00,2026-09-22T04:34:54Z,0a7570f9b669,இவுளுகதே குடும்ப குத்து வெளக்குகள்,1,0,0,https://youtube.com/watch?v=GK4IlGnCDxY&lc=UgytgpEG4dJ_61Udp4J4AaABAg,விஜய் திரிஷா,ta,Ivulugathe family punch lights
youtube,comment,Ugz6nJZB_Sbt5ie3MVx4AaABAg,GK4IlGnCDxY,2026-09-21 02:31:59+00:00,2026-09-22T04:34:54Z,9e3665fa4f71,Nee un purusanavittu yarukitta pora evalow panam vankura engalukku derium pothudi,1,0,0,https://youtube.com/watch?v=GK4IlGnCDxY&lc=Ugz6nJZB_Sbt5ie3MVx4AaABAg,விஜய் திரிஷா,en,Nee un purusanavittu yarukitta pora evalow panam vankura engalukku derium pothudi
youtube,comment,UgyfHvRQkP1vTWPeFHJ4AaABAg,GK4IlGnCDxY,2026-09-21 02:33:11+00:00,2026-09-22T04:34:54Z,50494f603cd7,கேட்ட கேள்விக்கு பதிலை சொல்லிய அதைவிட்டுநாய்மாதரிகத்தத,1,0,0,https://youtube.com/watch?v=GK4IlGnCDxY&lc=UgyfHvRQkP1vTWPeFHJ4AaABAg,விஜய் திரிஷா,ta,"After answering the question asked, it was like a dog"
youtube,comment,UgzSDIDNBnySdl-gyUJ4AaABAg,GK4IlGnCDxY,2026-09-21 02:33:41+00:00,2026-09-22T04:34:52Z,32f7847098e9,"ஊட்டியில்ஒருரூம்க்கு
மட்டும்ஒருநாள்தங்க
ஒருலச்சத்துஎட்நூருரூபா
வாடகை.
குரைந்தவாடகைநாங்குஆயிரம்.ஒருநாள்வடகை",1,0,0,https://youtube.com/watch?v=GK4IlGnCDxY&lc=UgzSDIDNBnySdl-gyUJ4AaABAg,விஜய் திரிஷா,ta,"For a room in Ooty
Just stay for a day
One million eight rupees
Rent.
Kurintha watagain four thousand. One day's rent"
youtube,comment,UgxdzZhQvqXduNH7kPV4AaABAg,GK4IlGnCDxY,2026-09-21 02:34:48+00:00,2026-09-22T04:34:52Z,32f7847098e9,5லச்சம்மிகவும்குரைந்தவாடகை,1,0,0,https://youtube.com/watch?v=GK4IlGnCDxY&lc=UgxdzZhQvqXduNH7kPV4AaABAg,விஜய் திரிஷா,ta,5 lakhs and reduced rent
youtube,comment,UgxJd_RdVPp0SmImFwx4AaABAg,GK4IlGnCDxY,2026-09-21 02:35:34+00:00,2026-09-22T04:34:52Z,cdaef4a44337,public safety and protecte very very important,1,0,0,https://youtube.com/watch?v=GK4IlGnCDxY&lc=UgxJd_RdVPp0SmImFwx4AaABAg,விஜய் திரிஷா,en,public safety and protecte very very important
youtube,comment,Ugwc0SQlogqeJ2OvDWp4AaABAg,GK4IlGnCDxY,2026-09-21 02:36:44+00:00,2026-09-22T04:34:52Z,1b21e1b7fdf5,திமுக பெண்கள் அணி 😭,1,0,0,https://youtube.com/watch?v=GK4IlGnCDxY&lc=Ugwc0SQlogqeJ2OvDWp4AaABAg,விஜய் திரிஷா,ta,DMK Women's Team 😭
youtube,comment,UgxiSJRG8MmRx18UlSt4AaABAg,GK4IlGnCDxY,2026-09-21 02:42:57+00:00,2026-09-22T04:34:52Z,3c69181bf239,திரிஷா. கிட்ட. அரிப்பு. இருக்கு. அதுதான். ஐந்து. லக்ஹசம் 😂😂😂😂,1,0,0,https://youtube.com/watch?v=GK4IlGnCDxY&lc=UgxiSJRG8MmRx18UlSt4AaABAg,விஜய் திரிஷா,ta,Trisha.nearitchingThere isThat's it.Five.Lakhsam 😂😂😂😂
youtube,comment,UgxBpA78WrLxtT-UxLN4AaABAg,GK4IlGnCDxY,2026-09-21 02:45:28+00:00,2026-09-22T04:34:52Z,98d4143136ae,UNGA  MOONU.. VAMSAMU.. SARVANADAM.. AIRUM... CANCERVANDU  SAVU  VINGO,2,0,0,https://youtube.com/watch?v=GK4IlGnCDxY&lc=UgxBpA78WrLxtT-UxLN4AaABAg,விஜய் திரிஷா,en,UNGA  MOONU.. VAMSAMU.. SARVANADAM.. AIRUM... CANCERVANDU  SAVU  VINGO
youtube,comment,UgxC7vj_j5F1ejWezcJ4AaABAg,GK4IlGnCDxY,2026-09-21 02:46:45+00:00,2026-09-22T04:34:52Z,678ac65dc7c5,Supper ma thanks,3,0,0,https://youtube.com/watch?v=GK4IlGnCDxY&lc=UgxC7vj_j5F1ejWezcJ4AaABAg,விஜய் திரிஷா,en,Supper ma thanks
youtube,comment,UgyK1VqlwfK_dGQHnOt4AaABAg,GK4IlGnCDxY,2026-09-21 02:48:09+00:00,2026-09-22T04:34:52Z,98d4143136ae,ORU.. NIGHT KU  THIRISAVUKKU.. 5  LACK... BUT.. APOADI.. POTTA UNAKKU... ORU.. NIGHTKU... 20..  LACKS  NAN.. VANGITHARAN...... VANGO.. THIRISAVUKKU... KOODI.. 5..  THAN....  UNGA.. KOODINGO.. SPECIAL.. 30....LATCHAME...KUDUPPANGE...KILLICHU.. EDUKKURA.. ALAVUKKU.. KAMINGO.. OK.... AVLO.. FIGURUNGO... NEENGO,2,0,0,https://youtube.com/watch?v=GK4IlGnCDxY&lc=UgyK1VqlwfK_dGQHnOt4AaABAg,விஜய் திரிஷா,en,ORU.. NIGHT KU  THIRISAVUKKU.. 5  LACK... BUT.. APOADI.. POTTA UNAKKU... ORU.. NIGHTKU... 20..  LACKS  NAN.. VANGITHARAN...... VANGO.. THIRISAVUKKU... KOODI.. 5..  THAN....  UNGA.. KOODINGO.. SPECIAL.. 30....LATCHAME...KUDUPPANGE...KILLICHU.. EDUKKURA.. ALAVUKKU.. KAMINGO.. OK.... AVLO.. FIGURUNGO... NEENGO
youtube,comment,UgzGz_4GI8O4K68Q46F4AaABAg,GK4IlGnCDxY,2026-09-21 02:49:25+00:00,2026-09-22T04:34:52Z,98d4143136ae,THIRISAVUKKU... COLOUR.. THAN... BUT.. UNGA  KOODI... MOONUPERUTHUM   VERY VERY   SPEACIAL...... MOONU.. PERAYUM... BOOK.. PANNIKUNGO... KODESVARIGAL....,2,0,0,https://youtube.com/watch?v=GK4IlGnCDxY&lc=UgzGz_4GI8O4K68Q46F4AaABAg,விஜய் திரிஷா,en,THIRISAVUKKU... COLOUR.. THAN... BUT.. UNGA  KOODI... MOONUPERUTHUM   VERY VERY   SPEACIAL...... MOONU.. PERAYUM... BOOK.. PANNIKUNGO... KODESVARIGAL....
youtube,comment,Ugz7l8f8uEpg8IaIZ6V4AaABAg,GK4IlGnCDxY,2026-09-21 02:52:04+00:00,2026-09-22T04:34:52Z,240192a8b249,Sangeethavijay avala serupala adichi  Anupanum,3,1,0,https://youtube.com/watch?v=GK4IlGnCDxY&lc=Ugz7l8f8uEpg8IaIZ6V4AaABAg,விஜய் திரிஷா,en,Sangeethavijay avala serupala adichi  Anupanum
youtube,comment,UgzS5srxzXb5lWfX37J4AaABAg,GK4IlGnCDxY,2026-09-21 03:08:18+00:00,2026-09-22T04:34:52Z,70621eafd5df,விஜய் பயல்.திரிஷாவுடண்.லண்டண்.போணதுக்கு.ஆதாரம்.கேட்டு.கத்துகிராண்.,1,0,0,https://youtube.com/watch?v=GK4IlGnCDxY&lc=UgzS5srxzXb5lWfX37J4AaABAg,விஜய் திரிஷா,ta,Kathukiran asked Vijay Payal and Trisha for proof of going to London.
youtube,comment,UgzFZEHoV0NDQMNTB9p4AaABAg,GK4IlGnCDxY,2026-09-21 03:09:47+00:00,2026-09-22T04:34:52Z,069060be8d56,அந்த அந்த அலாரத்தை காட்டுங்களேன்,4,0,0,https://youtube.com/watch?v=GK4IlGnCDxY&lc=UgzFZEHoV0NDQMNTB9p4AaABAg,விஜய் திரிஷா,ta,Show that alarm
youtube,comment,Ugx9fTYFJZ7zQswij-d4AaABAg,GK4IlGnCDxY,2026-09-21 03:25:45+00:00,2026-09-22T04:34:52Z,5d5a10b11792,ஆதாரம் ஆதாரம் என்று கத்தி இவரே லண்டனுக்கு வந்து காமிச்சுட்டாரு ஆதாரத்தை அன்னியார் திரிஷா  கூட,4,0,0,https://youtube.com/watch?v=GK4IlGnCDxY&lc=Ugx9fTYFJZ7zQswij-d4AaABAg,விஜய் திரிஷா,ta,Aniyar Trisha came to London saying that Aadhaar is Aadhaar
youtube,comment,UgyewtJpmEEjWKq25CR4AaABAg,GK4IlGnCDxY,2026-09-21 03:31:20+00:00,2026-09-22T04:34:52Z,10cbc8554e48,Seruppu pinjurum nondi naaye,1,0,0,https://youtube.com/watch?v=GK4IlGnCDxY&lc=UgyewtJpmEEjWKq25CR4AaABAg,விஜய் திரிஷா,en,Seruppu pinjurum nondi naaye
youtube,comment,UgzDxgf8XaQaW0URK_J4AaABAg,GK4IlGnCDxY,2026-09-21 03:33:57+00:00,2026-09-22T04:34:52Z,40d347c8f74e,Ethu enda koduma,1,0,0,https://youtube.com/watch?v=GK4IlGnCDxY&lc=UgzDxgf8XaQaW0URK_J4AaABAg,விஜய் திரிஷா,en,Ethu enda koduma
youtube,comment,UgyY-lNW80RofCSXqcZ4AaABAg,GK4IlGnCDxY,2026-09-21 03:37:13+00:00,2026-09-22T04:34:52Z,0f2ad7864431,அரிஷா கிடையாது எதிரால் எவ்வளவு பெரியால் ன் றது தான்  5    இல்ல 50 கூட இருக்கும் ஊர் பணம் எவ்வளவு இருந்தா என்ன?  அடுத்த வீட்டு நெய்ல உங்க வீட்டுக்கு ஸ்வீட் செய்யாதீங்க,1,0,0,https://youtube.com/watch?v=GK4IlGnCDxY&lc=UgyY-lNW80RofCSXqcZ4AaABAg,விஜய் திரிஷா,ta,There is no Arisha. How much money is there in front of Periyal?Don't sweeten your house with the nail of the next door
youtube,comment,UgzkgNfiESDwX5agR3Z4AaABAg,GK4IlGnCDxY,2026-09-21 03:37:28+00:00,2026-09-22T04:34:52Z,9295e182745f,"அவனுக்கு எப்படி தெரியும், இன்னைக்கு சொல்லுற வார்த்தை நாளைக்கு எனக்கே திருப்பி அடிக்கும்னு.",5,0,0,https://youtube.com/watch?v=GK4IlGnCDxY&lc=UgzkgNfiESDwX5agR3Z4AaABAg,விஜய் திரிஷா,ta,How does he know that what he says today will backfire on me tomorrow.
youtube,comment,UgxFZK_OnFnbkRBCcU94AaABAg,GK4IlGnCDxY,2026-09-21 03:37:45+00:00,2026-09-22T04:34:52Z,bcfab755bbfe,அஞ்சு லட்ச ரூபாய் பாமர மக்களுக்கு ஒரு வீடு கட்டி இருக்கலாம்,5,0,0,https://youtube.com/watch?v=GK4IlGnCDxY&lc=UgxFZK_OnFnbkRBCcU94AaABAg,விஜய் திரிஷா,ta,Five lakh rupees can build a house for lay people
youtube,comment,Ugxe_Ucl8wV6rCWiUUN4AaABAg,GK4IlGnCDxY,2026-09-21 03:38:24+00:00,2026-09-22T04:34:52Z,669e79e94fb2,செருப்படி செம கலாய் செருப்படி செம கலாய் செருப்படி செம கலாய் செருப்படி,1,0,0,https://youtube.com/watch?v=GK4IlGnCDxY&lc=Ugxe_Ucl8wV6rCWiUUN4AaABAg,விஜய் திரிஷா,ta,Sandalwood Sandalwood Sandalwood Sandalwood Sandalwood Sandalwood Sandalwood Sandalwood Sandalwood Sandalwood Sandalwood Sandalwood Sandalwood Sandalwood Sandalwood Sandalwood Sandalwood Sandalwood
youtube,comment,UgzDc2hFJ0wYEHgT7nV4AaABAg,GK4IlGnCDxY,2026-09-21 03:46:40+00:00,2026-09-22T04:34:52Z,e7acad51ecfb,ஏம்மா காசுக்காக இப்படி பேசுறீங்களே அவங்களுக்கு நீங்க 5 லட்சம் மதிப்பு போட்டா உங்களுக்கு ஒரு ₹50 மதிப்பு போடுவாங்களா இல்லையா கொஞ்சமாச்சும் எதை பேசணும் எப்படி பேசணும் பெண்கள் எப்படி பேசணும்னு கத்துங்க அம்மா நம்ம ஒருத்தர சொன்னா அவங்க ஒருத்தரை சொல்லுவாங்க அவங்களுடைய அரசியல் தவறுகள் ஏதாவது இருந்தால் சுட்டிக் காட்டுங்க அதை விட்டு போட்டு பெண்கள் இப்படி போனாங்கன்னு நீங்க சொன்னா நீங்களும் பெண்கள் தானே அவங்களுக்கு 5 லட்ச ரூபாய் மதிப்பு போட்டா உங்களுக்கு ஒரு ₹500 மதிப்பு போட மாட்டாங்களா கொஞ்சமாச்சும் புரிதலோடு பேசுங்க நீங்க எல்லாம் வீடு குடும்பம் குட்டியோட தான் இருக்கீங்க,1,0,0,https://youtube.com/watch?v=GK4IlGnCDxY&lc=UgzDc2hFJ0wYEHgT7nV4AaABAg,விஜய் திரிஷா,ta,"Emma, you are talking like this for money, if you put a value of 5 lakhs on them, will they give you a value of ₹50, or not?Talk, you are all at home and family"
youtube,comment,UgxQWkm1JXs5jux2tTV4AaABAg,GK4IlGnCDxY,2026-09-21 03:48:13+00:00,2026-09-22T04:34:52Z,9466c03e3b60,செத்து போய்ட போரடா,1,0,0,https://youtube.com/watch?v=GK4IlGnCDxY&lc=UgxQWkm1JXs5jux2tTV4AaABAg,விஜய் திரிஷா,ta,Don't fight to the death
youtube,comment,UgzXpfF-fGj469n3Cid4AaABAg,GK4IlGnCDxY,2026-09-21 03:50:55+00:00,2026-09-22T04:34:52Z,72f411139d5a,👍👍👍👍👍❤❤❤❤🎉🎉🎉,2,0,0,https://youtube.com/watch?v=GK4IlGnCDxY&lc=UgzXpfF-fGj469n3Cid4AaABAg,விஜய் திரிஷா,en,👍👍👍👍👍❤❤❤❤🎉🎉🎉
youtube,comment,UgxWdPr5-hktkTgsmYV4AaABAg,GK4IlGnCDxY,2026-09-21 03:54:03+00:00,2026-09-22T04:34:52Z,9f72ae182c0d,Pennai ilevaga pesum neeyallam oru penna,1,0,0,https://youtube.com/watch?v=GK4IlGnCDxY&lc=UgxWdPr5-hktkTgsmYV4AaABAg,விஜய் திரிஷா,en,Pennai ilevaga pesum neeyallam oru penna
youtube,comment,UgwInFi75bm810eSOGN4AaABAg,GK4IlGnCDxY,2026-09-21 03:59:02+00:00,2026-09-22T04:34:52Z,af49af2e5ea4,சூப்பர் ஆதாரம் அண்ணா 😂😂,3,0,0,https://youtube.com/watch?v=GK4IlGnCDxY&lc=UgwInFi75bm810eSOGN4AaABAg,விஜய் திரிஷா,ta,Super source brother 😂😂
youtube,comment,UgyjrFStT83FYJMAaJl4AaABAg,GK4IlGnCDxY,2026-09-21 04:03:33+00:00,2026-09-22T04:34:52Z,49ef7d268666,Erode la  dmk alu apeditha peasu vanga,1,0,0,https://youtube.com/watch?v=GK4IlGnCDxY&lc=UgyjrFStT83FYJMAaJl4AaABAg,விஜய் திரிஷா,en,Erode la  dmk alu apeditha peasu vanga
youtube,comment,UgzBUCajtDPecqGJ_dF4AaABAg,GK4IlGnCDxY,2026-09-21 04:04:36+00:00,2026-09-22T04:34:52Z,49ef7d268666,"Erode dress shop vachu irukanga 
Dmk  solurathutha enaga  saivanga",1,0,0,https://youtube.com/watch?v=GK4IlGnCDxY&lc=UgzBUCajtDPecqGJ_dF4AaABAg,விஜய் திரிஷா,en,"Erode dress shop vachu irukanga 
Dmk  solurathutha enaga  saivanga"
youtube,comment,UgxAnvedtteppqfKELN4AaABAg,GK4IlGnCDxY,2026-09-21 04:06:30+00:00,2026-09-22T04:34:52Z,47e6eaf07ac8,ரூம் வாடகை,4,0,0,https://youtube.com/watch?v=GK4IlGnCDxY&lc=UgxAnvedtteppqfKELN4AaABAg,விஜய் திரிஷா,ta,Room rent
youtube,comment,UgxPb7TmBJJGwjwXJDd4AaABAg,GK4IlGnCDxY,2026-09-21 04:16:29+00:00,2026-09-22T04:34:52Z,61089c64b5db,மூணு பேருக்கு ₹5000 ஓ மூணு உங்க மூணு பேருக்கும் 5000 நான் ஓவர் வருமா போய் லண்டன்ல போய் விளக்கு குடிச்சிங்களா மூணு பேரும் உங்க வீட்டுக்காரன் வேற ஒருத்தனுக்கு அனுப்பிவிட்டு நீங்க போய் விளக்கு குடிச்சிங்களா,1,0,0,https://youtube.com/watch?v=GK4IlGnCDxY&lc=UgxPb7TmBJJGwjwXJDd4AaABAg,விஜய் திரிஷா,ta,"₹5000 for three people or ₹5000 for all three of you, will I come over, go to London and buy lamps?"
youtube,comment,Ugwx7eJL_GGTxXvm8Op4AaABAg,GK4IlGnCDxY,2026-09-21 04:18:04+00:00,2026-09-22T04:34:52Z,5575276175b2,ஒரு இரவுக்கு 5 லட்சம் அவளுக்கு அதெல்லாம் அதிகம்😂😂😂,1,0,0,https://youtube.com/watch?v=GK4IlGnCDxY&lc=Ugwx7eJL_GGTxXvm8Op4AaABAg,விஜய் திரிஷா,ta,5 lakhs per night is too much for her😂😂😂
youtube,comment,UgxUO9suZEGknFGat9t4AaABAg,GK4IlGnCDxY,2026-09-21 04:23:38+00:00,2026-09-22T04:34:52Z,4f4dfa7e57f6,Does not know what is the substantiate  proof to prove allegations. He does not know even  what is allegation  it self. I want more emotion.,1,0,0,https://youtube.com/watch?v=GK4IlGnCDxY&lc=UgxUO9suZEGknFGat9t4AaABAg,விஜய் திரிஷா,en,Does not know what is the substantiate  proof to prove allegations. He does not know even  what is allegation  it self. I want more emotion.
youtube,comment,Ugw-PBd3lJ07vZ4F9UZ4AaABAg,GK4IlGnCDxY,2026-09-21 04:25:43+00:00,2026-09-22T04:34:52Z,317b2fa28f9b,நீ வாரிய உனக்கு 5 ரூபாய் தரேன் உன்னோட புருஷன் கிட்ட கேட்டு சொல்லு,1,0,0,https://youtube.com/watch?v=GK4IlGnCDxY&lc=Ugw-PBd3lJ07vZ4F9UZ4AaABAg,விஜய் திரிஷா,ta,"If you decide, I will give you 5 rupees. Ask your husband and tell him"
youtube,comment,Ugxe6OsPoKCtSGYREJt4AaABAg,i1BqRYMFS08,2026-09-21 04:27:48+00:00,2026-09-22T13:54:20Z,77edec4a0e86,Omg KK is the singer? 😱,0,0,0,https://youtube.com/watch?v=i1BqRYMFS08&lc=Ugxe6OsPoKCtSGYREJt4AaABAg,Vijay Trisha,en,Omg KK is the singer? 😱
youtube,comment,UgxC7Cr88vgI7Y1nkf94AaABAg,GK4IlGnCDxY,2026-09-21 04:35:39+00:00,2026-09-22T04:34:52Z,b90592dfb5b5,மக்கள் வரி பணம் எப்படி எல்லாம் செலவாகிறது,1,0,0,https://youtube.com/watch?v=GK4IlGnCDxY&lc=UgxC7Cr88vgI7Y1nkf94AaABAg,விஜய் திரிஷா,ta,How is the people's tax money spent?
youtube,comment,UgwmSvUfz-pzfEVbR4F4AaABAg,GK4IlGnCDxY,2026-09-21 04:36:23+00:00,2026-09-22T04:34:52Z,ee2face528df,Moonu perum maathi maathi moonjilaiye kaari thuppi konga....😂😂😂,1,0,0,https://youtube.com/watch?v=GK4IlGnCDxY&lc=UgwmSvUfz-pzfEVbR4F4AaABAg,விஜய் திரிஷா,en,Moonu perum maathi maathi moonjilaiye kaari thuppi konga....😂😂😂
youtube,comment,UgyRXAuFrRaFZxOJO0V4AaABAg,GK4IlGnCDxY,2026-09-21 04:37:25+00:00,2026-09-22T04:34:52Z,896096ad1617,உங்களுக்கு ஓர் இரவுக்கு எவ்வளவுவாங்குறிங்கடி,1,0,0,https://youtube.com/watch?v=GK4IlGnCDxY&lc=UgyRXAuFrRaFZxOJO0V4AaABAg,விஜய் திரிஷா,ta,How much does it cost you per night?
youtube,comment,UgxB6IUEWHrk5wvdoU14AaABAg,GK4IlGnCDxY,2026-09-21 04:41:55+00:00,2026-09-22T04:34:52Z,597200ef0f54,Over amount,1,0,0,https://youtube.com/watch?v=GK4IlGnCDxY&lc=UgxB6IUEWHrk5wvdoU14AaABAg,விஜய் திரிஷா,en,Over amount
youtube,comment,UgxU7A6qmuDh1fJ8Vp94AaABAg,GK4IlGnCDxY,2026-09-21 04:46:41+00:00,2026-09-22T04:34:52Z,8fd43a36a396,லுசா ஆதாரம்,1,0,0,https://youtube.com/watch?v=GK4IlGnCDxY&lc=UgxU7A6qmuDh1fJ8Vp94AaABAg,விஜய் திரிஷா,ta,Lusa source
youtube,comment,UgwjkFP3nPuDrR_ybdx4AaABAg,GK4IlGnCDxY,2026-09-21 04:47:06+00:00,2026-09-22T04:34:52Z,e2391c540e79,. அவ்வளவுகாஸ்ட்டிலிஇடம்,1,0,0,https://youtube.com/watch?v=GK4IlGnCDxY&lc=UgwjkFP3nPuDrR_ybdx4AaABAg,விஜய் திரிஷா,ta,.So Castile
youtube,comment,UgxMPiUzy_4zd57qeht4AaABAg,GK4IlGnCDxY,2026-09-21 04:59:30+00:00,2026-09-22T04:34:52Z,a16c7b298ab5,என்னங்கடி வாங்கின 200 ரூபாய்க்கு நடுரோட்டில் உட்கார்ந்து இருக்கிறீர்கள்,2,0,0,https://youtube.com/watch?v=GK4IlGnCDxY&lc=UgxMPiUzy_4zd57qeht4AaABAg,விஜய் திரிஷா,ta,You are sitting in the middle of the road for 200 rupees bought from me
youtube,comment,UgxsbzsBVj3ePV09P_94AaABAg,GK4IlGnCDxY,2026-09-21 05:02:33+00:00,2026-09-22T04:34:52Z,3bfd9d92299a,ஏண்டா ரூமுக்கு 5லட்சம் செலவு அப்புறம்❤❤❤ ----க்கு எவ்வளவு செலவு,1,0,0,https://youtube.com/watch?v=GK4IlGnCDxY&lc=UgxsbzsBVj3ePV09P_94AaABAg,விஜய் திரிஷா,ta,5 lakhs for the room and then how much is the cost for the ----❤❤❤
youtube,comment,Ugxbd6mgGhXAEQocK_p4AaABAg,GK4IlGnCDxY,2026-09-21 05:02:49+00:00,2026-09-22T04:34:52Z,f3caf4a2ec77,Vijay anna good,1,0,0,https://youtube.com/watch?v=GK4IlGnCDxY&lc=Ugxbd6mgGhXAEQocK_p4AaABAg,விஜய் திரிஷா,en,Vijay anna good
youtube,comment,UgzYOC7lyRIeOmaSyOJ4AaABAg,GK4IlGnCDxY,2026-09-21 05:23:39+00:00,2026-09-22T04:34:52Z,d939bc560bf6,Super sister,1,0,0,https://youtube.com/watch?v=GK4IlGnCDxY&lc=UgzYOC7lyRIeOmaSyOJ4AaABAg,விஜய் திரிஷா,en,Super sister
youtube,comment,UgxgA6mZv4kI-juU9H54AaABAg,GK4IlGnCDxY,2026-09-21 05:30:39+00:00,2026-09-22T04:34:52Z,86a1750ac318,"Ooruku naluperu athu ivalungatha makkale... Nee oru rathiriki ethana pertha oothutu irukinga, antha kathaiyaium serthu sollunga di... Narakoothi thevidiya mundaingala...😂",1,0,0,https://youtube.com/watch?v=GK4IlGnCDxY&lc=UgxgA6mZv4kI-juU9H54AaABAg,விஜய் திரிஷா,tanglish,"Ooruku naluperu athu ivalungatha makkale... Nee oru rathiriki ethana pertha oohutu irukinga, antha kathaiyaium serthu sollunga di... Narakoothi ​​thevidiya mundaingala...😂"
youtube,comment,UgzAGytC-pVdK_Ut_FJ4AaABAg,yfBQOmQJTvc,2026-09-21 05:34:17+00:00,2026-09-22T04:34:55Z,d73ce69450bb,அப்புறம் என்ன மயித்துக்கு முகத்தை mutura,0,0,0,https://youtube.com/watch?v=yfBQOmQJTvc&lc=UgzAGytC-pVdK_Ut_FJ4AaABAg,விஜய் திரிஷா,mixed,Then he turned his face to the corpse
youtube,comment,Ugz3GRZQbAo7trkl9Md4AaABAg,GK4IlGnCDxY,2026-09-21 05:35:22+00:00,2026-09-22T04:34:52Z,fd7151d1bd4f,Akka enna poramaiya iruja,0,0,0,https://youtube.com/watch?v=GK4IlGnCDxY&lc=Ugz3GRZQbAo7trkl9Md4AaABAg,விஜய் திரிஷா,tanglish,"Raja, what a jealous sister"
youtube,comment,UgwKzk7BHk5yWOqIl2N4AaABAg,GK4IlGnCDxY,2026-09-21 05:36:32+00:00,2026-09-22T04:34:52Z,fef2b7b354f7,3nu Parum arrest aguvom Sekram pls,1,0,0,https://youtube.com/watch?v=GK4IlGnCDxY&lc=UgwKzk7BHk5yWOqIl2N4AaABAg,விஜய் திரிஷா,en,3nu Parum arrest aguvom Sekram pls
youtube,comment,UgxpTvntXIQJ3QHcLQ54AaABAg,GK4IlGnCDxY,2026-09-21 05:37:50+00:00,2026-09-22T04:34:52Z,b2a89e2a9867,நீங்க எல்லாம் குடும்பத்து பெண்ணை அசிங்கமா இல்லையா பேசுறதுக்கு பணம் வாங்குனா என்ன வேணாலும் பேசுவீங்களா உன்னை குடும்பத்து பொம்பளையா நீங்களா உங்க பெத்து விட்டால் அவளை எதைக்கொண்டு அடிக்கிறது இல்ல உங்கள எல்லாம் கட்டி இருக்காங்க உங்களுக்கு பிள்ளை எல்லாம் இருக்கா இல்லையாடி இப்படி பேசுறீங்க மானங்கெட்ட நாய்களா,1,0,0,https://youtube.com/watch?v=GK4IlGnCDxY&lc=UgxpTvntXIQJ3QHcLQ54AaABAg,விஜய் திரிஷா,ta,Are you all talking to the woman of the family is she ugly or not?
youtube,comment,Ugw_ZiKPA3nc8zP6Snx4AaABAg,GK4IlGnCDxY,2026-09-21 05:38:36+00:00,2026-09-22T04:34:52Z,b2a89e2a9867,எதிர்க்கட்சிகள் என்று நீ எத்தனை லட்சம் வாங்கின நீ அவன் கூட எங்க போன நீ எத்தனை லட்சம் வாங்கிட்டு மூணு பேரும் சேர்ந்து உட்கார்ந்து பேசுறீங்க மானங்கெட்ட நாயே,1,0,0,https://youtube.com/watch?v=GK4IlGnCDxY&lc=Ugw_ZiKPA3nc8zP6Snx4AaABAg,விஜய் திரிஷா,ta,"How many lakhs did you buy as opposition parties? Where did he go too? How many lakhs did you buy? The three of you sit together and talk, you disgraced dog."
youtube,comment,UgxQqfDAmMxhzi9z2Jx4AaABAg,GK4IlGnCDxY,2026-09-21 05:41:23+00:00,2026-09-22T04:34:52Z,fc3c4fbe13ce,தாய்மார்களே மூன்று பேரும் சேர்ந்து உங்கள் வீட்டிற்கே வர சொன்னீர்களா.இல்ல நீங்கள் தேடி போனீர்களா.கள்ள புருஷன் கிட்ட எவ்வளவு வசூல் ஆனது.புருஷன்காரன் கண்டு பிடிப்பாரா.நல்லவனாக இருந்தால் கேட்பான் அதே கெட்டவனாக இருந்தால் ஆடு மாடு போல் மேய விட்டு விடுவான்.😂😂😂😂😂,1,0,0,https://youtube.com/watch?v=GK4IlGnCDxY&lc=UgxQqfDAmMxhzi9z2Jx4AaABAg,விஜய் திரிஷா,ta,"Ladies and gentlemen, did you ask the three of them to come to your house together? No, did you go and search. How much was collected from the fake man? Will the man find out?"
youtube,comment,Ugyl8pgWnU7HpS2DCyt4AaABAg,GK4IlGnCDxY,2026-09-21 05:45:28+00:00,2026-09-22T04:34:52Z,b0bdd39a66ee,முட்டாப்பய முதலமைச்சர்,1,0,0,https://youtube.com/watch?v=GK4IlGnCDxY&lc=Ugyl8pgWnU7HpS2DCyt4AaABAg,விஜய் திரிஷா,ta,Mutappaiah Chief Minister
youtube,comment,UgxXW2t5eT0pwoy3olh4AaABAg,GK4IlGnCDxY,2026-09-21 05:46:08+00:00,2026-09-22T04:34:52Z,8968ff61da97,Vote pottavanga naama ellorum ini thalaiyil thundu pottukunu pogavendiyathu than,1,0,0,https://youtube.com/watch?v=GK4IlGnCDxY&lc=UgxXW2t5eT0pwoy3olh4AaABAg,விஜய் திரிஷா,en,Vote pottavanga naama ellorum ini thalaiyil thundu pottukunu pogavendiyathu than
youtube,comment,UgxR1xgKS6xMBG3-FR54AaABAg,GK4IlGnCDxY,2026-09-21 05:55:45+00:00,2026-09-22T04:34:52Z,67b10d1a6def,அசிங்கமா இல்ல தூ நீங்கள பொம்பளங்க,1,0,0,https://youtube.com/watch?v=GK4IlGnCDxY&lc=UgxR1xgKS6xMBG3-FR54AaABAg,விஜய் திரிஷா,ta,"You are not ugly, you are a puppet"
youtube,comment,UgwX9FrTYoRuKtzRvAd4AaABAg,GK4IlGnCDxY,2026-09-21 05:57:12+00:00,2026-09-22T04:34:52Z,11ae570cd043,Kattuna pontattiya vatchu vaala theriyatha devadiya mavan thaan vijay devadiya mavan daa tharkuri naayee galaa,1,0,0,https://youtube.com/watch?v=GK4IlGnCDxY&lc=UgwX9FrTYoRuKtzRvAd4AaABAg,விஜய் திரிஷா,en,Kattuna pontattiya vatchu vaala theriyatha devadiya mavan thaan vijay devadiya mavan daa tharkuri naayee galaa
youtube,comment,Ugz5d5LMrFBbIFIgil54AaABAg,GK4IlGnCDxY,2026-09-21 05:59:11+00:00,2026-09-22T04:34:52Z,07a64637d1b8,நான் நினைக்கிறேன் இவளே ஒரு விபச்சாரி தேவிடியா அதனாலதான் இவ மத்தவங்கள பத்தி தப்பா பேசுற ஒரு பெண்ணை பத்தி இன்னொரு பெண் தப்பா பேசலாமா அது எவ்வளவு ஒரு கேவலம் அது மாண்புமிகு முதலமைச்சர் பத்தி இவ்ளோ கேவலமா பேசுறா ஒரு நாளைக்கு 5 இலட்சம் என்று பேசலாம் ஆனா இவனுக்கு ஒரு நாளைக்கு 100 ரூபாய் கொடுத்தா போதும் ஒரு ஆறு பேர் சேர்ந்து இவளை வேலை செய்யலாம்னு நினைக்கிறேன் நீங்க என்ன முடிவு பண்ணி இருக்கீங்க சொல்லுங்க,1,0,0,https://youtube.com/watch?v=GK4IlGnCDxY&lc=Ugz5d5LMrFBbIFIgil54AaABAg,விஜய் திரிஷா,ta,"I think she is an adulteress, that's why she is a prostitute and that's why she is talking about a woman who is talking about adultery. Can she talk about another woman? How disgusting is it? Is she talking about the Hon'ble Chief Minister like this? We can talk about 5 lakhs a day, but if you pay her 100 rupees a day, I think six people can work with her. Tell me what you have decided."
youtube,comment,UgxW4-2MXbR1z_2ePVB4AaABAg,GK4IlGnCDxY,2026-09-21 06:15:38+00:00,2026-09-22T04:34:52Z,e88c85b93091,"ஆமாம் இவதாஅவகல்லபுருசன்டவாங்கிட்டுவந்துவிஜய்கு
குடுத்தாமூடிக்கிட்டுபோய்உன்னோடபுருசன்எவகூடபோய்டான்னுபாருடிபணம்குடுத்தானுப்புரூம்போட",1,0,0,https://youtube.com/watch?v=GK4IlGnCDxY&lc=UgxW4-2MXbR1z_2ePVB4AaABAg,விஜய் திரிஷா,ta,"Yes ivataavakallapurusantawangittuwantuvijayiku
Close your eyes and show your boyfriend what happened."
youtube,comment,Ugym_eHo3dMaoibR2r54AaABAg,GK4IlGnCDxY,2026-09-21 06:16:48+00:00,2026-09-22T04:34:52Z,2b139cc02220,நீ போய் நைட்டு வெளக்கு புடிச்சியா,1,0,0,https://youtube.com/watch?v=GK4IlGnCDxY&lc=Ugym_eHo3dMaoibR2r54AaABAg,விஜய் திரிஷா,ta,You go and light up the night
youtube,comment,UgywEZiujUwDZNxnacJ4AaABAg,GK4IlGnCDxY,2026-09-21 06:19:39+00:00,2026-09-22T04:34:52Z,dc6b52d5cee0,😁😁😁🤣🤣🤣😂😂😂🔥🔥🔥,1,0,0,https://youtube.com/watch?v=GK4IlGnCDxY&lc=UgywEZiujUwDZNxnacJ4AaABAg,விஜய் திரிஷா,en,😁😁😁🤣🤣🤣😂😂😂🔥🔥🔥
youtube,comment,UgwIXhf1od9pWr0LZxh4AaABAg,GK4IlGnCDxY,2026-09-21 06:20:26+00:00,2026-09-22T04:34:52Z,456eb590d19e,"Neenga, bombay  red lite ku ponga ஒரு night ku unga. 3,perukkum 3,latcham tharuvanga  vangittu thozhila aarambinga. Thevudiya mundaingala thoo.... ஒரு CM nu kooda pakka matringa. Naigale.👠👠👠👠👠👠👠👠👠👠👠👠👠👠👠👠👠👠👠",1,0,0,https://youtube.com/watch?v=GK4IlGnCDxY&lc=UgwIXhf1od9pWr0LZxh4AaABAg,விஜய் திரிஷா,mixed,"Neenga, bombay red lite ku ponga a night ku unga.3,perukkum 3,latcham tharuvanga vangittu thozhila aarambinga.Thevudiya mundaingala thoo.... a CM nu kooda pakka matringa.Naigale.👠👠👠👠👠👠👠👠👠👠👠👠👠👠👠👠👠👠"
youtube,comment,Ugx_FibJu1immY51brZ4AaABAg,GK4IlGnCDxY,2026-09-21 06:29:39+00:00,2026-09-22T04:34:52Z,3fd29dfa01ef,😁😸😸😸😸👻👻👻👻👻👻👻👻👻👻👻👹👹👹☠️☠️😜🤪🤪🤪🤪🤪😬😬😬🤪😬🙊🙉🙉🙈🙉🙊,1,0,0,https://youtube.com/watch?v=GK4IlGnCDxY&lc=Ugx_FibJu1immY51brZ4AaABAg,விஜய் திரிஷா,en,😁😸😸😸😸👻👻👻👻👻👻👻👻👻👻👻👹👹👹☠️☠️😜🤪🤪🤪🤪🤪😬😬😬🤪😬🙊🙉🙉🙈🙉🙊
youtube,comment,UgzyK3yFkGj_7azXVT54AaABAg,GK4IlGnCDxY,2026-09-21 06:31:51+00:00,2026-09-22T04:34:52Z,48b73322a7f2,😂😂😂😂😂 போதுமா போதுமா,1,0,0,https://youtube.com/watch?v=GK4IlGnCDxY&lc=UgzyK3yFkGj_7azXVT54AaABAg,விஜய் திரிஷா,ta,😂😂😂😂😂 Enough is enough
youtube,comment,UgwQ_uwq-6J2aq5fP354AaABAg,GK4IlGnCDxY,2026-09-21 06:39:28+00:00,2026-09-22T04:34:52Z,ce613afb8866,Worst behavior you three,1,0,0,https://youtube.com/watch?v=GK4IlGnCDxY&lc=UgwQ_uwq-6J2aq5fP354AaABAg,விஜய் திரிஷா,en,Worst behavior you three
youtube,comment,UgzYP9_zFhcqpMXtKwR4AaABAg,GK4IlGnCDxY,2026-09-21 06:39:30+00:00,2026-09-22T04:34:52Z,5d3d58e8c220,இவன் என்னத்த ஏலம் விடுறானே தெரிய மாட்டேங்குது,2,0,0,https://youtube.com/watch?v=GK4IlGnCDxY&lc=UgzYP9_zFhcqpMXtKwR4AaABAg,விஜய் திரிஷா,ta,I don't know what he will bid
youtube,comment,UgxcfRa7kw1g74FCh9l4AaABAg,GK4IlGnCDxY,2026-09-21 06:40:26+00:00,2026-09-22T04:34:52Z,29aa1b3ccc35,முதல்வன் ஏன் இந்த முக்கு முக்கரான் தொண்ட கிழிய. பைத்திய காரன்.,1,0,0,https://youtube.com/watch?v=GK4IlGnCDxY&lc=UgxcfRa7kw1g74FCh9l4AaABAg,விஜய் திரிஷா,ta,Why did the first man tear this Muku Mukaran.Crazy guy.
youtube,comment,UgxxMtzXynOt9_N2rYR4AaABAg,GK4IlGnCDxY,2026-09-21 06:45:37+00:00,2026-09-22T04:34:52Z,fe8695588273,"கூவத்தூர் ..... 0.1
லண்டன் ....      0.2
இ தான்   தங்கச்சிகளா
ஆதாரம் ...😅😅😅😅😅😅😅😅😅",1,0,0,https://youtube.com/watch?v=GK4IlGnCDxY&lc=UgxxMtzXynOt9_N2rYR4AaABAg,விஜய் திரிஷா,ta,"Gouvathur ..... 0.1
London .... 0.2
This is Thangachila
Proof ...😅😅😅😅😅😅😅😅😅"
youtube,comment,UgwzDECNGgmjRb3ZPj14AaABAg,GK4IlGnCDxY,2026-09-21 06:47:03+00:00,2026-09-22T04:34:52Z,0eeba651318a,இந்தாவிடியேவைபெட்டாவன்.அவன்பொண்டாடிக்குநான்10லட்சம்.😂😂😂😂😂,1,0,0,https://youtube.com/watch?v=GK4IlGnCDxY&lc=UgwzDECNGgmjRb3ZPj14AaABAg,விஜய் திரிஷா,ta,I paid 10 lakhs for him. 😂😂😂😂😂
youtube,comment,UgxVswnMmZHTimb7MnR4AaABAg,GK4IlGnCDxY,2026-09-21 06:47:57+00:00,2026-09-22T04:34:52Z,cee134f3d3e7,"❤❤Super ❤Madam 😢
😂😂😂😂😂😂😂😂😂😂😂",1,0,0,https://youtube.com/watch?v=GK4IlGnCDxY&lc=UgxVswnMmZHTimb7MnR4AaABAg,விஜய் திரிஷா,en,"❤❤Super ❤Madam 😢
😂😂😂😂😂😂😂😂😂😂😂"
youtube,comment,UgwBTZ_RHazK1JIKc5h4AaABAg,GK4IlGnCDxY,2026-09-21 06:55:16+00:00,2026-09-22T04:34:52Z,429a4472f73e,5 லட்சத்த 5கோடியா மாத்திடுவாள்,1,0,0,https://youtube.com/watch?v=GK4IlGnCDxY&lc=UgwBTZ_RHazK1JIKc5h4AaABAg,விஜய் திரிஷா,ta,5 Lakhs 5 Crore Matthila
youtube,comment,Ugwq_HpYhIioEEoJool4AaABAg,GK4IlGnCDxY,2026-09-21 06:56:36+00:00,2026-09-22T04:34:52Z,5f55f9d766fb,😅😅😂😂😂🤣🤣🤣🤣🤣🤣🤣🤣👏👏👏🙌,1,0,0,https://youtube.com/watch?v=GK4IlGnCDxY&lc=Ugwq_HpYhIioEEoJool4AaABAg,விஜய் திரிஷா,en,😅😅😂😂😂🤣🤣🤣🤣🤣🤣🤣🤣👏👏👏🙌
youtube,comment,UgyvhxelnH8PZO8hAt14AaABAg,GK4IlGnCDxY,2026-09-21 06:57:24+00:00,2026-09-22T04:34:52Z,5babfdc30855,தமிழ் நாட்டு மக்களின் வரிப்பணம்,1,0,0,https://youtube.com/watch?v=GK4IlGnCDxY&lc=UgyvhxelnH8PZO8hAt14AaABAg,விஜய் திரிஷா,ta,Tax money of the people of Tamil Nadu
youtube,comment,Ugy0PDqCNiQyLTzj6zJ4AaABAg,GK4IlGnCDxY,2026-09-21 06:57:33+00:00,2026-09-22T04:34:52Z,77f40834832a,"இவ மூன்று பேரும் போய் விளக்கு பிடித்து இருப்பாங்க போல,  இத பேச நீ எவ்ளோ காசு வாங்கின",2,0,0,https://youtube.com/watch?v=GK4IlGnCDxY&lc=Ugy0PDqCNiQyLTzj6zJ4AaABAg,விஜய் திரிஷா,ta,"How much money did you get to talk about this, as if these three people had gone and held the lamp?"
youtube,comment,Ugz4qCMim1-ZtkuMiDt4AaABAg,GK4IlGnCDxY,2026-09-21 07:01:40+00:00,2026-09-22T04:34:52Z,ef169fd4742a,YENNATHU  ONE NIGHT   5  LAKS  SA,1,0,0,https://youtube.com/watch?v=GK4IlGnCDxY&lc=Ugz4qCMim1-ZtkuMiDt4AaABAg,விஜய் திரிஷா,en,YENNATHU  ONE NIGHT   5  LAKS  SA
youtube,comment,UgwMyZxhunM9EnVtU6Z4AaABAg,GK4IlGnCDxY,2026-09-21 07:06:16+00:00,2026-09-22T04:34:52Z,0a933b175987,Wasted indecent ladies,1,0,0,https://youtube.com/watch?v=GK4IlGnCDxY&lc=UgwMyZxhunM9EnVtU6Z4AaABAg,விஜய் திரிஷா,en,Wasted indecent ladies
youtube,comment,Ugwtf86OxkEWtmTOmxh4AaABAg,GK4IlGnCDxY,2026-09-21 07:10:19+00:00,2026-09-22T04:34:52Z,5f20deb5883c,😂😂😂😂😂😂😂👌👌👌,1,0,0,https://youtube.com/watch?v=GK4IlGnCDxY&lc=Ugwtf86OxkEWtmTOmxh4AaABAg,விஜய் திரிஷா,en,😂😂😂😂😂😂😂👌👌👌
youtube,comment,Ugx-clAG-cyeKRLH7OZ4AaABAg,GK4IlGnCDxY,2026-09-21 07:11:11+00:00,2026-09-22T04:34:52Z,32addeeb08e2,வேலை இல்லாத நாய் தான் இப்படி பேசும்,1,0,0,https://youtube.com/watch?v=GK4IlGnCDxY&lc=Ugx-clAG-cyeKRLH7OZ4AaABAg,விஜய் திரிஷா,ta,Only an unemployed dog would talk like this
youtube,comment,UgxYZx-Z-j-NE51Te454AaABAg,GK4IlGnCDxY,2026-09-21 07:12:38+00:00,2026-09-22T04:34:52Z,2739ac544aaf,5 lakhs ஒர்த் இல்லை,2,0,0,https://youtube.com/watch?v=GK4IlGnCDxY&lc=UgxYZx-Z-j-NE51Te454AaABAg,விஜய் திரிஷா,mixed,5 lakhs is not worth it
youtube,comment,UgztOwC1z_gdYZ8dbP54AaABAg,GK4IlGnCDxY,2026-09-21 07:15:38+00:00,2026-09-22T04:34:52Z,61c220387ba3,Ungaluku evalavu theriyum,1,0,0,https://youtube.com/watch?v=GK4IlGnCDxY&lc=UgztOwC1z_gdYZ8dbP54AaABAg,விஜய் திரிஷா,tanglish,How much do you know?
youtube,comment,Ugx4UZk9T77LyqNBsOt4AaABAg,GK4IlGnCDxY,2026-09-21 07:19:41+00:00,2026-09-22T04:34:52Z,4c853efb30a5,போடா தேவிடியா மவனே ஜோசப்,1,0,0,https://youtube.com/watch?v=GK4IlGnCDxY&lc=Ugx4UZk9T77LyqNBsOt4AaABAg,விஜய் திரிஷா,ta,Boda Davidia Mawane Joseph
youtube,comment,UgyzUEzHirMHq0wFUGh4AaABAg,GK4IlGnCDxY,2026-09-21 07:26:15+00:00,2026-09-22T04:34:52Z,cef97c27c6a7,🤣🤣🤣🤣🤣🤣🤣🤣🤣🤣👌👌👌👌👌,1,0,0,https://youtube.com/watch?v=GK4IlGnCDxY&lc=UgyzUEzHirMHq0wFUGh4AaABAg,விஜய் திரிஷா,en,🤣🤣🤣🤣🤣🤣🤣🤣🤣🤣👌👌👌👌👌
youtube,comment,UgwrJxSDkTWc67ZjATZ4AaABAg,GK4IlGnCDxY,2026-09-21 07:27:54+00:00,2026-09-22T04:34:52Z,5c62c41bdde2,டேய் மானங்கெட்ட விஜய் உன் ஆதார் இதுதானா இந்த 5 லட்சம் இருந்தால் ஏதாவது ஒரு ஏழைக்கு ஒரு இடம் வாங்கி கொடுத்திருக்கலாம்  வீடு வச்சு கொடுத்திருக்கலாம் நீ எல்லாம் உருப்படியா நாயே மக்கள் பணத்தை தொடமாட்டேன் சொன்ன இப்ப எந்த மூஞ்சியை வைத்து தொட்டு விஜய் உன் மூஞ்சிய பார்த்தாலே காரி துப்பும் போல இருக்கு நான் அனுப்புன இந்த மெசேஜை யாராவது பாத்தீங்களா விஜய்க்கு எப்படியாவது அனுப்பி விடுங்க,1,0,0,https://youtube.com/watch?v=GK4IlGnCDxY&lc=UgwrJxSDkTWc67ZjATZ4AaABAg,விஜய் திரிஷா,ta,"Dear Vijay, is this your Aadhaar? If you have these 5 lakhs, you can buy a place for a poor person, you can give a house, you are all right, dog, I will not touch people's money. Vijay touched your nose and it looks like saliva."
youtube,comment,Ugw0ZxtL_1iZ3L7oi8V4AaABAg,GK4IlGnCDxY,2026-09-21 07:30:02+00:00,2026-09-22T04:34:52Z,5c62c41bdde2,5 லட்சமும் திரும்ப விஜய் மக்களுக்கு கொடுக்க வேண்டும் எங்க பணத்தை எடுத்து இவன் சுத்தத்துக்கு என்ன உரிமை இருக்கு,1,0,0,https://youtube.com/watch?v=GK4IlGnCDxY&lc=Ugw0ZxtL_1iZ3L7oi8V4AaABAg,விஜய் திரிஷா,ta,"Vijay should return the 5 lakhs to the people, what right does he have to take the money?"
youtube,comment,UgwatApCPm5-z6WF0KB4AaABAg,GK4IlGnCDxY,2026-09-21 07:31:55+00:00,2026-09-22T04:34:52Z,6ea58500732e,தமிழக அரசின் விஜய் அவர்கள் சிறப்பாக ஆட்சி நடத்திக் கொண்டிருக்கிறது மாபெரும் சாதனையாக இருக்கிறது வேதனையாக இருக்கிறது மகளிருக்காக வேண்டி இரண்டாயிரத்தி ஐநூறு கொடுத்த ஒப்பற்ற திட்டம் தாரைக்கா திட்டம் என்று அவர்கள் கூறிக் கொண்டிருந்தாலும் பெண்கள் கூறவில்லையே என்கின்ற வருத்தம் தான் இருக்கிறது தமிழ்நாட்டுப் பெண்களுக்கெல்லாம் ஆறு சிலிண்டர் இரவல் சிலிண்டர் கொடுக்கிறேன் என்று வாக்குறுதி கூட்டு விட்டு ஆறு சிலிண்டர் கொடுத்திருக்கும் பொழுது எவ்வளவு மனது சந்தோஷப்பட்டாலும் கொடுக்கும் போது தான் சந்தோசம் வரும் என்று நினைப்பு வருகிறது ஏன் அவர்கள் வாக்குறுதியை அள்ளி வீசினார்கள் எதற்காக வீசினார்கள்? ஏன் அள்ளு ஈசியா வாக்குறுதியை நிறைவேற்றாமல் இருக்கிறார்கள் என்று தான் புரியவில்லை சாராயக்கடைகள் எல்லாம் அதிகப்படியாக ஆகிவிட்டது என்பது வேதனை அளிக்கிறது மற்றும் மது கலாச்சாரங்கள் பெருகிவிட்டது கொலைகள் பெருகிவிட்டது என்று நினைக்கும் பொழுது தமிழகத்தில் இப்படி சட்டம் ஒழுங்கு சீர்கெட்டு விட்டதே என்கின்ற வருத்தம் இருந்தாலும் விஜய்யை பார்த்து 41 பேர் செத்தாது ஆறுதல் அளிக்காமல் இருப்பது மாபெரும் வேதனை அளிக்கிறது விஜய் அவர்கள் ஏழு 12 மணிக்கு வருகிறேன் என்று சொல்லிவிட்டு ஏழு மணிக்கு வரும் பொழுது கூட்டணி அரசியலில் 49 பேர் செத்த பின்னாடி அவர்களை பார்க்காமல் மெட்ராஸ் சென்று விட்டார். அது எதனால் என்றால் வேதனை தாங்காமல் சென்றுவிட்டேன் அவர்களை பார்க்க வேண்டிய அவசியம் இல்லை என்று சொல்லிவிட்டாரா விடுவியா என்று மக்கள் தான் சொல்ல வேண்டும்,1,0,0,https://youtube.com/watch?v=GK4IlGnCDxY&lc=UgwatApCPm5-z6WF0KB4AaABAg,விஜய் திரிஷா,ta,"Tamilnadu government's Vijay is running the government well. It is a great achievement. It is painful. Even though they are saying that they have given two thousand and five hundred for women, it is a unique scheme called Taraika scheme. It is sad that the women did not say. They promised to give six cylinders to all the women of Tamil Nadu. When they have given six cylinders, they think that happiness will come only when they give. Why did they throw away the promise? Why did they throw it away?I don't understand why Allu Isia is not fulfilling his promise. It is painful that all the liquor shops have become too much and when I think that alcohol culture has increased and murders have increased, it is sad that law and order has broken down in Tamil Nadu, but it is very painful that 41 people did not die after seeing Vijay and did not comfort him.He has gone to Madras.People have to say that because of that, I have gone without suffering and I don't need to see them."
youtube,comment,UgwxFuns4_TGVlTdkHp4AaABAg,GK4IlGnCDxY,2026-09-21 07:32:52+00:00,2026-09-22T04:34:52Z,ed667582e40f,Super super super super super super super ❤❤❤❤❤❤❤❤❤,1,0,0,https://youtube.com/watch?v=GK4IlGnCDxY&lc=UgwxFuns4_TGVlTdkHp4AaABAg,விஜய் திரிஷா,en,Super super super super super super super ❤❤❤❤❤❤❤❤❤
youtube,comment,Ugxo5LyEmE5lPwoEEbR4AaABAg,GK4IlGnCDxY,2026-09-21 07:35:54+00:00,2026-09-22T04:34:52Z,33e8fb586913,நல்லா இருக்கு இப்படியே பண்ணுங்க,1,0,0,https://youtube.com/watch?v=GK4IlGnCDxY&lc=Ugxo5LyEmE5lPwoEEbR4AaABAg,விஜய் திரிஷா,ta,"It's good, do it like this"
youtube,comment,Ugyq01Bw0HyKJ5-Ti_B4AaABAg,JxarcU_8or8,2026-09-21 07:39:10+00:00,2026-09-22T13:54:37Z,93e522cce7e8,Lawful speech... judgement good Vanitha mam,2,0,0,https://youtube.com/watch?v=JxarcU_8or8&lc=Ugyq01Bw0HyKJ5-Ti_B4AaABAg,Vijay Trisha,en,Lawful speech... judgement good Vanitha mam
youtube,comment,Ugx5URFpYDOz0e7RTKZ4AaABAg,GK4IlGnCDxY,2026-09-21 07:40:05+00:00,2026-09-22T04:34:52Z,2472186da297,😄😄😄😄😄😄😄😄😄😄😄😄😄,2,0,0,https://youtube.com/watch?v=GK4IlGnCDxY&lc=Ugx5URFpYDOz0e7RTKZ4AaABAg,விஜய் திரிஷா,en,😄😄😄😄😄😄😄😄😄😄😄😄😄
youtube,comment,UgxTV30wrVc5MV2Ja_B4AaABAg,GK4IlGnCDxY,2026-09-21 07:43:39+00:00,2026-09-22T04:34:52Z,9eeb4b646cea,Ivunga dmk kothuuu adimaigal ...,1,0,0,https://youtube.com/watch?v=GK4IlGnCDxY&lc=UgxTV30wrVc5MV2Ja_B4AaABAg,விஜய் திரிஷா,en,Ivunga dmk kothuuu adimaigal ...
youtube,comment,UgwcWiZmfN3TJMS-cQB4AaABAg,GK4IlGnCDxY,2026-09-21 07:49:29+00:00,2026-09-22T04:34:52Z,09c52b1f092d,மூணு ராத்திரி படுத்திருக்காங்க 15 லட்சம் மேட்டர் போட்டாரா இல்லையான்னு கூட தெரியாது,1,0,0,https://youtube.com/watch?v=GK4IlGnCDxY&lc=UgwcWiZmfN3TJMS-cQB4AaABAg,விஜய் திரிஷா,ta,They have slept for three nights and don't even know whether they will pay 15 lakh meters or not
youtube,comment,UgzHDjw6DeKilZjz_DJ4AaABAg,GK4IlGnCDxY,2026-09-21 07:56:27+00:00,2026-09-22T04:34:52Z,f1926ef2f9fd,Ka thappa erukkuthu ka,1,0,0,https://youtube.com/watch?v=GK4IlGnCDxY&lc=UgzHDjw6DeKilZjz_DJ4AaABAg,விஜய் திரிஷா,en,Ka thappa erukkuthu ka
youtube,comment,Ugxl0UN06B6Yf7-SrRN4AaABAg,GK4IlGnCDxY,2026-09-21 07:59:12+00:00,2026-09-22T04:34:52Z,642d34fd4d68,Aunty ungalukku 100 athikam ma unga pulinga sonnanga 😂😂😂,1,0,0,https://youtube.com/watch?v=GK4IlGnCDxY&lc=Ugxl0UN06B6Yf7-SrRN4AaABAg,விஜய் திரிஷா,tanglish,Aunty ungalukku 100 athikam ma unga pulinga sonnanga 😂😂😂
youtube,comment,UgxURkLeyYEo7352tSd4AaABAg,GK4IlGnCDxY,2026-09-21 08:02:36+00:00,2026-09-22T04:34:51Z,31ab1780d966,உங்களுக்காக,1,0,0,https://youtube.com/watch?v=GK4IlGnCDxY&lc=UgxURkLeyYEo7352tSd4AaABAg,விஜய் திரிஷா,ta,For you
youtube,comment,UgzOH64VSDvTGUvMa0p4AaABAg,GK4IlGnCDxY,2026-09-21 08:05:24+00:00,2026-09-22T04:34:51Z,f04574802334,விழக்கு முடிச்சுட்டு களிவி விட்டியா,1,0,0,https://youtube.com/watch?v=GK4IlGnCDxY&lc=UgzOH64VSDvTGUvMa0p4AaABAg,விஜய் திரிஷா,ta,Did you tie the knot and wash it off?
youtube,comment,UgwjOBi0wk_kkvOqodx4AaABAg,GK4IlGnCDxY,2026-09-21 08:12:12+00:00,2026-09-22T04:34:51Z,63bde097d52e,"அது நாட்டு கோழி இல்ல😊
ஒயிட்லாக் கோழி. 😅விலை கம்மிதான்😂",1,0,0,https://youtube.com/watch?v=GK4IlGnCDxY&lc=UgwjOBi0wk_kkvOqodx4AaABAg,விஜய் திரிஷா,ta,"It is not country chicken
Whiteneck chicken.😅Price is cheap😂"
youtube,comment,UgzfiL0aQZNJ54GHvFZ4AaABAg,GK4IlGnCDxY,2026-09-21 08:12:54+00:00,2026-09-22T04:34:51Z,c32e41e8c5fd,நீங்க தா போய் விளக்கு புடிச்சீங்களா நீங்கலாம் ஒரு பெண்ணா சீ உங்க வீட்ல நடக்குறதயும் இப்டி தா மற்றவங்க பேசுவாங்க,1,0,0,https://youtube.com/watch?v=GK4IlGnCDxY&lc=UgzfiL0aQZNJ54GHvFZ4AaABAg,விஜய் திரிஷா,ta,Do you go and turn on the light? A woman walks into your house and others talk.
youtube,comment,UgyoGABrMuqjS_hNlbJ4AaABAg,CRNza2iMSJE,2026-09-21 08:19:11+00:00,2026-09-22T03:58:45Z,86b1cb7ac290,விஜய் திரிசா ஜோடி சூப்பர் ஒரு பெண் கூபா வாழ என்ன சட்டமா போட்டுங்கங்க அது அவர்கள் விருப்பம்யார் சுத்தம் சொல்ங்கள்,0,0,0,https://youtube.com/watch?v=CRNza2iMSJE&lc=UgyoGABrMuqjS_hNlbJ4AaABAg,Vijay Trisha,ta,Vijay Trisha Jodi Super A woman Kooba what law should be put to live it is their choice please tell me
youtube,comment,Ugy84MROi3XpGWgO5mZ4AaABAg,GK4IlGnCDxY,2026-09-21 08:31:06+00:00,2026-09-22T04:34:51Z,986fa618280b,விளக்கு பிடிச்சி யா மூதேவி களா,1,0,0,https://youtube.com/watch?v=GK4IlGnCDxY&lc=Ugy84MROi3XpGWgO5mZ4AaABAg,விஜய் திரிஷா,ta,Did you catch the lamp or Mudevi?
youtube,comment,Ugzki-xnr0NqdD7FqRB4AaABAg,GK4IlGnCDxY,2026-09-21 08:40:27+00:00,2026-09-22T04:34:51Z,24b49037d193,Adhe koo adhe poo engaponalo adhakku edhukku london povano,1,0,0,https://youtube.com/watch?v=GK4IlGnCDxY&lc=Ugzki-xnr0NqdD7FqRB4AaABAg,விஜய் திரிஷா,en,Adhe koo adhe poo engaponalo adhakku edhukku london povano
youtube,comment,UgxleMKYjiXfXASn27d4AaABAg,GK4IlGnCDxY,2026-09-21 08:46:01+00:00,2026-09-22T04:34:51Z,2b225c77e7b3,அப்ப டி எம் கே தலைவர் வெளியூருக்கு போனா அவருக்கு எவ்வளவு வாடகை ஆயிரம் ரூபாயை,1,0,0,https://youtube.com/watch?v=GK4IlGnCDxY&lc=UgxleMKYjiXfXASn27d4AaABAg,விஜய் திரிஷா,ta,"Then if the DMK leader goes abroad, how much is the rent of one thousand rupees for him?"
youtube,comment,UgzVRnx_UsDIe6qrCP54AaABAg,GK4IlGnCDxY,2026-09-21 08:46:19+00:00,2026-09-22T04:34:51Z,2b225c77e7b3,ஸ்டாலினு வெளியூருக்கு போனா அவருக்கு ரூம் வாடகை எவ்வளவு அப்ப 1000 ரூபாயா,1,0,0,https://youtube.com/watch?v=GK4IlGnCDxY&lc=UgzVRnx_UsDIe6qrCP54AaABAg,விஜய் திரிஷா,ta,"If Stalin goes abroad, how much is his room rent, 1000 rupees"
youtube,comment,UgzH5IuXET5nRqABbY14AaABAg,GK4IlGnCDxY,2026-09-21 08:50:51+00:00,2026-09-22T04:34:51Z,5dda0349b5ae,அப்படியே நிவேதா பெத்துராசுக்கு உங்கள் சின்னவர் ₹50கோடிக்கு கட்டிக் கொடுத்த வீடு மற்றும் அந்த நடிகையின் விருப்பப்படி சென்னையில் மகிழுந்து போட்டி நடத்தினாரே அதைக் குறித்தும் பேசினால் தமிழ் நாடு மகிழ்வைடையும்.,1,0,0,https://youtube.com/watch?v=GK4IlGnCDxY&lc=UgzH5IuXET5nRqABbY14AaABAg,விஜய் திரிஷா,ta,"Similarly, the house your son built for Nivetha Bethuras for ₹50 crore and if the actress is happy and held a competition in Chennai according to her wish, then Tamil Nadu will be happy if you talk about it."
youtube,comment,UgyZ0kaZ5LgRDUi-dCl4AaABAg,GK4IlGnCDxY,2026-09-21 08:59:41+00:00,2026-09-22T04:34:51Z,eff050fdf45e,Intha Ammathanennikuduthuchu,1,0,0,https://youtube.com/watch?v=GK4IlGnCDxY&lc=UgyZ0kaZ5LgRDUi-dCl4AaABAg,விஜய் திரிஷா,en,Intha Ammathanennikuduthuchu
youtube,comment,UgyGN4mlV1_m7Y0pQO54AaABAg,GK4IlGnCDxY,2026-09-21 09:03:45+00:00,2026-09-22T04:34:51Z,8814d864cc7f,Super❤❤❤❤❤,1,0,0,https://youtube.com/watch?v=GK4IlGnCDxY&lc=UgyGN4mlV1_m7Y0pQO54AaABAg,விஜய் திரிஷா,en,Super❤❤❤❤❤
youtube,comment,UgyQA1lUhXM9Gu2YZzN4AaABAg,GK4IlGnCDxY,2026-09-21 09:08:34+00:00,2026-09-22T04:34:51Z,5f9996826cd2,Tamil Nadu theruthathuga de,1,0,0,https://youtube.com/watch?v=GK4IlGnCDxY&lc=UgyQA1lUhXM9Gu2YZzN4AaABAg,விஜய் திரிஷா,en,Tamil Nadu theruthathuga de
youtube,comment,Ugy8iARdFN-Jez-JX8B4AaABAg,GK4IlGnCDxY,2026-09-21 09:10:01+00:00,2026-09-22T04:34:51Z,cb23640d67fa,Naila olu pata❤❤❤❤❤,1,0,0,https://youtube.com/watch?v=GK4IlGnCDxY&lc=Ugy8iARdFN-Jez-JX8B4AaABAg,விஜய் திரிஷா,en,Naila olu pata❤❤❤❤❤
youtube,comment,UgykJ7oiFx2c09U9saN4AaABAg,GK4IlGnCDxY,2026-09-21 09:10:52+00:00,2026-09-22T04:34:51Z,2e840370af5e,சரியாக சொன்னீர்கள்!,1,0,0,https://youtube.com/watch?v=GK4IlGnCDxY&lc=UgykJ7oiFx2c09U9saN4AaABAg,விஜய் திரிஷா,ta,You are right!
youtube,comment,Ugzbc1w9D5EkvUozBzB4AaABAg,GK4IlGnCDxY,2026-09-21 09:14:24+00:00,2026-09-22T04:34:51Z,a7a21446c480,Super super super super super super super super super super super super super super super,1,0,0,https://youtube.com/watch?v=GK4IlGnCDxY&lc=Ugzbc1w9D5EkvUozBzB4AaABAg,விஜய் திரிஷா,en,Super super super super super super super super super super super super super super super
youtube,comment,UgwiiZY8qFgo9K1e7xd4AaABAg,GK4IlGnCDxY,2026-09-21 09:22:19+00:00,2026-09-22T04:34:51Z,2dae9567ed34,கிராமத்து குசும்பை எடுத்து விட்டா??? தற்கொலைகள் எல்லாம் தலை தெறிக்க ஓடுவார்கள்😅😅😅😅😅,2,0,0,https://youtube.com/watch?v=GK4IlGnCDxY&lc=UgwiiZY8qFgo9K1e7xd4AaABAg,விஜய் திரிஷா,ta,Have you taken village saffron???All suicides will run away 😅😅😅😅😅😅
youtube,comment,Ugwelv-jhMeooQgJyJp4AaABAg,i1BqRYMFS08,2026-09-21 09:28:47+00:00,2026-09-22T13:54:20Z,02e2c706b56d,"Hamare CM Sir, very soon will be PM of the Nation😊",0,0,0,https://youtube.com/watch?v=i1BqRYMFS08&lc=Ugwelv-jhMeooQgJyJp4AaABAg,Vijay Trisha,en,"Hamare CM Sir, very soon will be PM of the Nation😊"
youtube,comment,UgyhyYFdytMO9aQ7mu14AaABAg,GK4IlGnCDxY,2026-09-21 09:32:26+00:00,2026-09-22T04:34:51Z,fbe7d5333f8d,3. மூதேவி இருந்த விலங்குமா,1,0,0,https://youtube.com/watch?v=GK4IlGnCDxY&lc=UgyhyYFdytMO9aQ7mu14AaABAg,விஜய் திரிஷா,ta,3. Was the mother goddess an animal?
youtube,comment,UgyvqU5gT89FQdD-5oJ4AaABAg,GK4IlGnCDxY,2026-09-21 09:37:13+00:00,2026-09-22T04:34:51Z,e8603fe73660,இவ மூன்று பேருக்கும் மொத்தமாக 150 ரூபா தரலாம்,1,0,0,https://youtube.com/watch?v=GK4IlGnCDxY&lc=UgyvqU5gT89FQdD-5oJ4AaABAg,விஜய் திரிஷா,ta,A total of 150 rupees can be given to these three people
youtube,comment,UgyxExYGBBBPGwTyprJ4AaABAg,i1BqRYMFS08,2026-09-21 09:39:28+00:00,2026-09-22T13:54:20Z,bd5f301486ee,Only vibe ⚡,0,0,0,https://youtube.com/watch?v=i1BqRYMFS08&lc=UgyxExYGBBBPGwTyprJ4AaABAg,Vijay Trisha,en,Only vibe ⚡
youtube,comment,Ugzcia-1ICTNWHXbv_94AaABAg,GK4IlGnCDxY,2026-09-21 09:45:30+00:00,2026-09-22T04:34:51Z,20cd2c08949c,தற்குறி நீ என்ன ஆதாரம் காட்டுன போதுமா போதுமா என்று கத்துற,1,0,0,https://youtube.com/watch?v=GK4IlGnCDxY&lc=Ugzcia-1ICTNWHXbv_94AaABAg,விஜய் திரிஷா,ta,And shout that what evidence you have shown is enough or not enough
youtube,comment,Ugysm3Lb47qcRX2MVWl4AaABAg,i1BqRYMFS08,2026-09-21 09:57:47+00:00,2026-09-22T13:54:20Z,a8c9a24bc8c7,So super Thalapathi sir🙏🙏🙏,0,0,0,https://youtube.com/watch?v=i1BqRYMFS08&lc=Ugysm3Lb47qcRX2MVWl4AaABAg,Vijay Trisha,en,So super Thalapathi sir🙏🙏🙏
youtube,comment,UgyM4LDNAh3cztR6Pid4AaABAg,GK4IlGnCDxY,2026-09-21 09:59:26+00:00,2026-09-22T04:34:51Z,21cb7383e117,நாங்க காலை முதல் மாலை வரை உழைத்து சாப்பிடறோம். இவளுங்க ஒன்னு கூடி கும்மாளம் போட்டு விளக்கு புடிச்சி தின்றளுங்க,1,0,0,https://youtube.com/watch?v=GK4IlGnCDxY&lc=UgyM4LDNAh3cztR6Pid4AaABAg,விஜய் திரிஷா,ta,We work and eat from morning to evening.Let's get together and make a pot and light the lamp and eat
youtube,comment,UgxEKZXyfuVWTfwAbDl4AaABAg,GK4IlGnCDxY,2026-09-21 10:06:20+00:00,2026-09-22T04:34:51Z,f24f29113dfc,Podai paratheasy monda kal 👠,1,0,0,https://youtube.com/watch?v=GK4IlGnCDxY&lc=UgxEKZXyfuVWTfwAbDl4AaABAg,விஜய் திரிஷா,en,Podai paratheasy monda kal 👠
youtube,comment,UgyTmLtxL5YH7yIXBx54AaABAg,GK4IlGnCDxY,2026-09-21 10:07:55+00:00,2026-09-22T04:34:51Z,353ae5a39dff,Nega 3 perum 30 rs,1,0,0,https://youtube.com/watch?v=GK4IlGnCDxY&lc=UgyTmLtxL5YH7yIXBx54AaABAg,விஜய் திரிஷா,en,Nega 3 perum 30 rs
youtube,comment,UgygYBVtiXPaITzjC1h4AaABAg,GK4IlGnCDxY,2026-09-21 10:10:05+00:00,2026-09-22T04:34:51Z,9d52f0cf56f5,Kevalamana jenmam😢,1,0,0,https://youtube.com/watch?v=GK4IlGnCDxY&lc=UgygYBVtiXPaITzjC1h4AaABAg,விஜய் திரிஷா,en,Kevalamana jenmam😢
youtube,comment,Ugyef_04xocmsiHqltR4AaABAg,GK4IlGnCDxY,2026-09-21 10:12:27+00:00,2026-09-22T04:34:51Z,8f99fa39db4d,"Akka unkaluku yapade thareyum,,, ne brokera",1,0,0,https://youtube.com/watch?v=GK4IlGnCDxY&lc=Ugyef_04xocmsiHqltR4AaABAg,விஜய் திரிஷா,en,"Akka unkaluku yapade thareyum,,, ne brokera"
youtube,comment,UgwnqrJCj66MBDgww1F4AaABAg,GK4IlGnCDxY,2026-09-21 10:31:48+00:00,2026-09-22T04:34:51Z,986fa618280b,நீங்கள் எல்லாம் ஒரு பொம்பள ங்க து தூ தூ நாய் களா 😡😡😡😡😡,1,0,0,https://youtube.com/watch?v=GK4IlGnCDxY&lc=UgwnqrJCj66MBDgww1F4AaABAg,விஜய் திரிஷா,ta,You are all puppets du du du du dogs 😡😡😡😡😡
youtube,comment,UgznP-qeEh9SCnlHRhN4AaABAg,GK4IlGnCDxY,2026-09-21 10:36:28+00:00,2026-09-22T04:34:51Z,ec155bbb53c4,Kelsvinglaa oofidunga. . .,1,0,0,https://youtube.com/watch?v=GK4IlGnCDxY&lc=UgznP-qeEh9SCnlHRhN4AaABAg,விஜய் திரிஷா,en,Kelsvinglaa oofidunga. . .
youtube,comment,UgzjcTkoPgMoAE8pHBV4AaABAg,GK4IlGnCDxY,2026-09-21 10:46:09+00:00,2026-09-22T04:34:51Z,67773201bb94,Intha 3nuakkavoda ponnugalum nangalum veliya ooru ponam 2ndu night 3000 summa semmmya irunthuchu ada na tour ponaga atha sonna,1,0,0,https://youtube.com/watch?v=GK4IlGnCDxY&lc=UgzjcTkoPgMoAE8pHBV4AaABAg,விஜய் திரிஷா,tanglish,The girls and I were out of town for two nights 00000000000000000.
youtube,comment,UgxNq64NnYD98KqHXI94AaABAg,GK4IlGnCDxY,2026-09-21 11:01:29+00:00,2026-09-22T04:34:51Z,aabacca461db,Super akka,1,0,0,https://youtube.com/watch?v=GK4IlGnCDxY&lc=UgxNq64NnYD98KqHXI94AaABAg,விஜய் திரிஷா,en,Super akka
youtube,comment,Ugznlc_SOt5Qf7UMLwh4AaABAg,JxarcU_8or8,2026-09-21 11:03:44+00:00,2026-09-22T13:54:37Z,cb9d479da4fc,Sorry you have not understood it properly it was just a practice match first get your facts right lady,0,0,0,https://youtube.com/watch?v=JxarcU_8or8&lc=Ugznlc_SOt5Qf7UMLwh4AaABAg,Vijay Trisha,en,Sorry you have not understood it properly it was just a practice match first get your facts right lady
youtube,comment,UgwMd8VnkVDW2rOWZXt4AaABAg,GK4IlGnCDxY,2026-09-21 11:09:21+00:00,2026-09-22T04:34:51Z,fb87693000d1,ஆதாரம் மோடியிடம் கொடுக்கவும்,1,0,0,https://youtube.com/watch?v=GK4IlGnCDxY&lc=UgwMd8VnkVDW2rOWZXt4AaABAg,விஜய் திரிஷா,ta,Give proof to Modi
youtube,comment,UgwOyBg02DRRZ7CQI-14AaABAg,i1BqRYMFS08,2026-09-21 11:12:50+00:00,2026-09-22T13:54:20Z,f44617c01a17,Maine short video dekha tha par ajj  subha se bahut yadd aa raha tha ye song 1:32 ❤❤❤❤ Understand nothing but vibe 💯 from punjab,1,0,0,https://youtube.com/watch?v=i1BqRYMFS08&lc=UgwOyBg02DRRZ7CQI-14AaABAg,Vijay Trisha,en,Maine short video dekha tha par ajj  subha se bahut yadd aa raha tha ye song 1:32 ❤❤❤❤ Understand nothing but vibe 💯 from punjab
youtube,comment,UgwusF9XyzNwL4j_WC14AaABAg,GK4IlGnCDxY,2026-09-21 11:24:25+00:00,2026-09-22T04:34:51Z,efe8f95e0002,Un aadhaaram podhumaa daa.,1,0,0,https://youtube.com/watch?v=GK4IlGnCDxY&lc=UgwusF9XyzNwL4j_WC14AaABAg,விஜய் திரிஷா,en,Un aadhaaram podhumaa daa.
youtube,comment,UgzoEZ9xm5LuScLW49x4AaABAg,GK4IlGnCDxY,2026-09-21 11:25:05+00:00,2026-09-22T04:34:51Z,ac632962d352,டிவி கே கட்சி விபச்சாரிங்க கு டி இருக்கிற கட்சி என்று எவ்வளவு ஆதாரப்பூர்வமாக மக்கள ரீல்ஸ் போடுறாங்க,1,0,0,https://youtube.com/watch?v=GK4IlGnCDxY&lc=UgzoEZ9xm5LuScLW49x4AaABAg,விஜய் திரிஷா,ta,People are putting reels that TV K party is the party that is good for prostitution
youtube,comment,UgxAfg7zeCKR_jR5xTF4AaABAg,GK4IlGnCDxY,2026-09-21 11:27:03+00:00,2026-09-22T04:34:51Z,b9fc7ba3fd4e,நீங்க போனா எவ்வளவு எத்தனை லாட்ஜ் வாங்குறவங்க ராத்திரி நீங்க 1000 2000 நீங்க பேசுறீங்களே உங்களுக்கெல்லாம் வெட்கமில்லை அப்படிதான் போய் சமாளிக்கிறீங்க நீங்க எல்லாம்,1,0,0,https://youtube.com/watch?v=GK4IlGnCDxY&lc=UgxAfg7zeCKR_jR5xTF4AaABAg,விஜய் திரிஷா,ta,"If you go, how many lodges are you going to buy? 1000 2000 per night, you talk, you all have no shame."
youtube,comment,UgwPL0ap43KV3rqsysh4AaABAg,GK4IlGnCDxY,2026-09-21 11:32:25+00:00,2026-09-22T04:34:51Z,2ad6092af0dd,நீ. எவன்கிட்டனா. போ. ஐம்பது. குடுப்பான்.மூஞ்சபத்தியா.அதுக்கு.நாரமுன்ட,1,0,0,https://youtube.com/watch?v=GK4IlGnCDxY&lc=UgwPL0ap43KV3rqsysh4AaABAg,விஜய் திரிஷா,ta,youEvankitanagofifty.Kuduppan.Moonchapathiya.To.Naramunda
youtube,comment,UgzjZoZHVEUVlAtsLb94AaABAg,GK4IlGnCDxY,2026-09-21 11:38:56+00:00,2026-09-22T04:34:51Z,f31bcb54d4dc,Cm trisha😂😂😂,1,0,0,https://youtube.com/watch?v=GK4IlGnCDxY&lc=UgzjZoZHVEUVlAtsLb94AaABAg,விஜய் திரிஷா,en,Cm trisha😂😂😂
youtube,comment,UgyL0GyA5vdJ6vpbJS94AaABAg,JxarcU_8or8,2026-09-21 11:43:08+00:00,2026-09-22T13:54:37Z,469ee2e47ef4,நமக்கு அந்த ரேஸ் எல்லாம் தேவையில்லை நம் நாடு ஏழை நாடு.,3,0,0,https://youtube.com/watch?v=JxarcU_8or8&lc=UgyL0GyA5vdJ6vpbJS94AaABAg,Vijay Trisha,ta,"We don't need all those races, our country is a poor country."
youtube,comment,Ugy3wK1UM4ayy2SxOsp4AaABAg,GK4IlGnCDxY,2026-09-21 11:49:04+00:00,2026-09-22T04:34:51Z,fa384a89859f,நீ. இன்னா. ஆதாரம் கொடுக்கிறது. நாங்களே கண்ணால் பாத்தோம் திரிஷாவை,1,0,0,https://youtube.com/watch?v=GK4IlGnCDxY&lc=Ugy3wK1UM4ayy2SxOsp4AaABAg,விஜய் திரிஷா,ta,youInna.provides evidence.Let's see Trisha with our own eyes
youtube,comment,Ugz0dbIy435KQZJG79F4AaABAg,GK4IlGnCDxY,2026-09-21 11:49:32+00:00,2026-09-22T04:34:51Z,2d7afb23124c,கூவாத்துரில் செங்கொட்டை அங்க இருந்தப்ப 3ஷாவுக்கு 25லட்சம்கொடுத்து சாப்ட்டாங்களாமா இனித்ததா கசந்ததா,1,0,0,https://youtube.com/watch?v=GK4IlGnCDxY&lc=Ugz0dbIy435KQZJG79F4AaABAg,விஜய் திரிஷா,ta,"25 lakhs was given to 3 Shah when he was there in Guwahati, was it sweet or bitter?"
youtube,comment,Ugx6Kzf-gLV8pUfvu1R4AaABAg,GK4IlGnCDxY,2026-09-21 11:51:00+00:00,2026-09-22T04:34:51Z,01f927f1c004,CM voice ???,1,0,0,https://youtube.com/watch?v=GK4IlGnCDxY&lc=Ugx6Kzf-gLV8pUfvu1R4AaABAg,விஜய் திரிஷா,en,CM voice ???
youtube,comment,UgyjUmUUletd8Cgto454AaABAg,GK4IlGnCDxY,2026-09-21 11:51:15+00:00,2026-09-22T04:34:51Z,0e90d1582f17,Super.  Super     super,1,0,0,https://youtube.com/watch?v=GK4IlGnCDxY&lc=UgyjUmUUletd8Cgto454AaABAg,விஜய் திரிஷா,en,Super.  Super     super
youtube,comment,Ugx0D8YeHzMDXzB0sel4AaABAg,GK4IlGnCDxY,2026-09-21 11:54:24+00:00,2026-09-22T04:34:51Z,ba35df0bd5c4,Pongadi sori nayegala,1,0,0,https://youtube.com/watch?v=GK4IlGnCDxY&lc=Ugx0D8YeHzMDXzB0sel4AaABAg,விஜய் திரிஷா,en,Pongadi sori nayegala
youtube,comment,Ugwyp9Q-77GlKuGU-Xp4AaABAg,GK4IlGnCDxY,2026-09-21 11:54:57+00:00,2026-09-22T04:34:51Z,ba35df0bd5c4,Ungalakku 5000 kudukkasolaren pongadi,1,0,0,https://youtube.com/watch?v=GK4IlGnCDxY&lc=Ugwyp9Q-77GlKuGU-Xp4AaABAg,விஜய் திரிஷா,en,Ungalakku 5000 kudukkasolaren pongadi
youtube,comment,UgxVNEbyo68GyXIF-Cx4AaABAg,GK4IlGnCDxY,2026-09-21 11:57:34+00:00,2026-09-22T04:34:51Z,8392a3dff54b,Sema kalai,1,0,0,https://youtube.com/watch?v=GK4IlGnCDxY&lc=UgxVNEbyo68GyXIF-Cx4AaABAg,விஜய் திரிஷா,en,Sema kalai
youtube,comment,Ugz0mdOIVIX74XmHc594AaABAg,GK4IlGnCDxY,2026-09-21 11:57:52+00:00,2026-09-22T04:34:51Z,8392a3dff54b,Vera level sister,1,0,0,https://youtube.com/watch?v=GK4IlGnCDxY&lc=Ugz0mdOIVIX74XmHc594AaABAg,விஜய் திரிஷா,en,Vera level sister
youtube,comment,UgzJDYykq40pYrYc4Y14AaABAg,GK4IlGnCDxY,2026-09-21 11:58:57+00:00,2026-09-22T04:34:51Z,6aaa693c96de,சூப்பர் ஆதாரம்,1,0,0,https://youtube.com/watch?v=GK4IlGnCDxY&lc=UgzJDYykq40pYrYc4Y14AaABAg,விஜய் திரிஷா,ta,Super proof
youtube,comment,Ugz4Q5d4RjO5JHK9NkR4AaABAg,GK4IlGnCDxY,2026-09-21 12:01:39+00:00,2026-09-22T04:34:51Z,2916383d8b6b,டபுள் மீனிங் எவ்வளவு பேசினாலும் அவனுங்க திருந்த மாட்டானுங்க,1,0,0,https://youtube.com/watch?v=GK4IlGnCDxY&lc=Ugz4Q5d4RjO5JHK9NkR4AaABAg,விஜய் திரிஷா,ta,"No matter how much you say double meaning, he will not change"
youtube,comment,UgzJOfhW4oqrfET6FzF4AaABAg,GK4IlGnCDxY,2026-09-21 12:05:23+00:00,2026-09-22T04:34:51Z,ef145e0cd3d0,🎉🎉🎉🎉🎉🎉🎉🎉🎉🎉🎉,1,0,0,https://youtube.com/watch?v=GK4IlGnCDxY&lc=UgzJOfhW4oqrfET6FzF4AaABAg,விஜய் திரிஷா,en,🎉🎉🎉🎉🎉🎉🎉🎉🎉🎉🎉
youtube,comment,Ugy653kiKu21IoIozsx4AaABAg,GK4IlGnCDxY,2026-09-21 12:11:30+00:00,2026-09-22T04:34:51Z,6c1b0f51f82f,5 thousands over,1,0,0,https://youtube.com/watch?v=GK4IlGnCDxY&lc=Ugy653kiKu21IoIozsx4AaABAg,விஜய் திரிஷா,en,5 thousands over
youtube,comment,UgwUjurvdknzkqR4f114AaABAg,GK4IlGnCDxY,2026-09-21 12:11:30+00:00,2026-09-22T04:34:51Z,e94631865c89,ஏன் இப்படி தொண்டை கிழிய கத்துறான் இப்படி கத்தி நடிச்சா மக்கள் நம்புவார்கள் என்று இவன் நம்புறான்,1,0,0,https://youtube.com/watch?v=GK4IlGnCDxY&lc=UgwUjurvdknzkqR4f114AaABAg,விஜய் திரிஷா,ta,Why does he believe that people will believe him if he screams like this?
youtube,comment,UgxGJJiO5iX9_Gg54LN4AaABAg,GK4IlGnCDxY,2026-09-21 12:14:11+00:00,2026-09-22T04:34:51Z,bcd30e35af36,அடேங்கப்பா  ராத்திரிக்கே  ஐந்து லட்சமா  பகலுக்கு  என்ன,2,0,0,https://youtube.com/watch?v=GK4IlGnCDxY&lc=UgxGJJiO5iX9_Gg54LN4AaABAg,விஜய் திரிஷா,ta,Atengappa five lakhs for the night and what for the day
youtube,comment,Ugzv5U5sMmd4QKXPvLt4AaABAg,GK4IlGnCDxY,2026-09-21 12:22:50+00:00,2026-09-22T04:34:51Z,a7167e7daff9,10லட்சம் தான் அக்கா உண்மையை சொல்லி இருக்கீங்க,1,0,0,https://youtube.com/watch?v=GK4IlGnCDxY&lc=Ugzv5U5sMmd4QKXPvLt4AaABAg,விஜய் திரிஷா,ta,10லட்சம் தான் அக்கா உண்மையை சொல்லி இருக்கீங்க
youtube,comment,UgzgAKM22kRudTF5ret4AaABAg,GK4IlGnCDxY,2026-09-21 12:29:35+00:00,2026-09-22T04:34:51Z,74aac55bb8af,வாய்க்கு வந்த மாதிரி பேசுறீங்களே உங்கள பத்தி மத்தவங்க இதே மாதிரி பேசினா உங்களுக்காக மனதிற்கு எப்படி இருக்கும்😢😢😢😢,1,0,0,https://youtube.com/watch?v=GK4IlGnCDxY&lc=UgzgAKM22kRudTF5ret4AaABAg,விஜய் திரிஷா,ta,வாய்க்கு வந்த மாதிரி பேசுறீங்களே உங்கள பத்தி மத்தவங்க இதே மாதிரி பேசினா உங்களுக்காக மனதிற்கு எப்படி இருக்கும்😢😢😢😢
youtube,comment,UgxntjzlaUp3ZEQk_A94AaABAg,T3fK0PQQfns,2026-09-21 12:35:23+00:00,2026-09-22T13:54:02Z,b45bcba066a4,😘 I 😘 love 😘 you 😘 Vijay 😘 thalapathi 😘😘😘😘😘😘😘😘😘❤️💕😘😘❤️❤️😚😚😚😚❤️❤️❤️😚😚 ❤️❤️❤️😚😚😚❤️😚,0,0,0,https://youtube.com/watch?v=T3fK0PQQfns&lc=UgxntjzlaUp3ZEQk_A94AaABAg,Vijay Trisha,en,😘 I 😘 love 😘 you 😘 Vijay 😘 thalapathi 😘😘😘😘😘😘😘😘😘❤️💕😘😘❤️❤️😚😚😚😚❤️❤️❤️😚😚 ❤️❤️❤️😚😚😚❤️😚
youtube,comment,UgwG513UcQ-Ae7QaL6l4AaABAg,GK4IlGnCDxY,2026-09-21 12:37:12+00:00,2026-09-22T04:34:51Z,910c53f02ca1,யார் தான் போ அமெரிக்க கல்லை பொண்டாட்டி கள்ள புடுச்சுன்னு பேசிட்டு இரு உங்களுக்கெல்லாம் மண்டைல அறிவு இருக்கா,1,0,0,https://youtube.com/watch?v=GK4IlGnCDxY&lc=UgwG513UcQ-Ae7QaL6l4AaABAg,விஜய் திரிஷா,ta,யார் தான் போ அமெரிக்க கல்லை பொண்டாட்டி கள்ள புடுச்சுன்னு பேசிட்டு இரு உங்களுக்கெல்லாம் மண்டைல அறிவு இருக்கா
youtube,comment,UgxJ-LNtClSud8mm3Bd4AaABAg,GK4IlGnCDxY,2026-09-21 12:37:45+00:00,2026-09-22T04:34:51Z,910c53f02ca1,எல்லா ஒழுங்கா வா படிச்சிருக்கான் இதுல எவனுமே வாய்க்க அழகு ஒரு வழக்குல ஒரு வேலையும் கிடையாது இதெல்லாம் ஒரு பத்தி பேசாதே,1,0,0,https://youtube.com/watch?v=GK4IlGnCDxY&lc=UgxJ-LNtClSud8mm3Bd4AaABAg,விஜய் திரிஷா,ta,எல்லா ஒழுங்கா வா படிச்சிருக்கான் இதுல எவனுமே வாய்க்க அழகு ஒரு வழக்குல ஒரு வேலையும் கிடையாது இதெல்லாம் ஒரு பத்தி பேசாதே
youtube,comment,UgxjmzrTv8pxHZbpX6t4AaABAg,GK4IlGnCDxY,2026-09-21 12:38:59+00:00,2026-09-22T04:34:51Z,910c53f02ca1,உங்கள கூட்டிட்டு போறேன்னு அர்த்தமா,1,0,0,https://youtube.com/watch?v=GK4IlGnCDxY&lc=UgxjmzrTv8pxHZbpX6t4AaABAg,விஜய் திரிஷா,ta,உங்கள கூட்டிட்டு போறேன்னு அர்த்தமா
youtube,comment,Ugz0IANJ4dki7bz7M894AaABAg,4joO_8Ct2tM,2026-09-21 12:40:33+00:00,2026-09-22T13:54:07Z,a66bd0df3949,இன்னொருவர் வாழ்க்கையை கெடுத்தவள்.ஏண்டி பொண்ணா நீ ?குழந்தைகள் எவ்வளவு மனம் வேதனை அடையும் அந்த பாவம் சும்மா விடாது உன்னை,0,0,0,https://youtube.com/watch?v=4joO_8Ct2tM&lc=Ugz0IANJ4dki7bz7M894AaABAg,Vijay Trisha,ta,இன்னொருவர் வாழ்க்கையை கெடுத்தவள்.ஏண்டி பொண்ணா நீ ?குழந்தைகள் எவ்வளவு மனம் வேதனை அடையும் அந்த பாவம் சும்மா விடாது உன்னை
youtube,comment,UgyPWLeY0GMFq0S0GCt4AaABAg,GK4IlGnCDxY,2026-09-21 12:52:00+00:00,2026-09-22T04:34:51Z,ef505c565637,அடங்கொம்ளா😂😂😂😂,2,0,0,https://youtube.com/watch?v=GK4IlGnCDxY&lc=UgyPWLeY0GMFq0S0GCt4AaABAg,விஜய் திரிஷா,ta,அடங்கொம்ளா😂😂😂😂
youtube,comment,Ugyha7aVghsWPgyfaNx4AaABAg,JxarcU_8or8,2026-09-21 12:53:21+00:00,2026-09-22T13:54:37Z,115b11572350,Super madam,0,0,0,https://youtube.com/watch?v=JxarcU_8or8&lc=Ugyha7aVghsWPgyfaNx4AaABAg,Vijay Trisha,en,Super madam
youtube,comment,UgysYCvxh6_D6Gd6hvB4AaABAg,GK4IlGnCDxY,2026-09-21 13:00:18+00:00,2026-09-22T04:34:51Z,f5f420603566,அக்கா உங்களுக்கு எவ்வளவு அக்கா தராங்க,1,0,0,https://youtube.com/watch?v=GK4IlGnCDxY&lc=UgysYCvxh6_D6Gd6hvB4AaABAg,விஜய் திரிஷா,ta,அக்கா உங்களுக்கு எவ்வளவு அக்கா தராங்க
youtube,comment,UgwV87A5Xmup2ujiF-p4AaABAg,GK4IlGnCDxY,2026-09-21 13:00:41+00:00,2026-09-22T04:34:51Z,f5f420603566,அக்கா உங்களுக்கு எவ்வளவு தாராளமா சொல்லவே இல்லையே அக்கா விஜய்க்கு தராங்க அது ஸ்ட்ராங்கு உங்களுக்கு ஊர்ல சுத்திட்டு இருக்கேன் உங்களுக்கு எவ்ளோ கத்துறாங்க,1,0,0,https://youtube.com/watch?v=GK4IlGnCDxY&lc=UgwV87A5Xmup2ujiF-p4AaABAg,விஜய் திரிஷா,ta,அக்கா உங்களுக்கு எவ்வளவு தாராளமா சொல்லவே இல்லையே அக்கா விஜய்க்கு தராங்க அது ஸ்ட்ராங்கு உங்களுக்கு ஊர்ல சுத்திட்டு இருக்கேன் உங்களுக்கு எவ்ளோ கத்துறாங்க
youtube,comment,UgyQfO_eJmLxuotqm3J4AaABAg,GK4IlGnCDxY,2026-09-21 13:11:19+00:00,2026-09-22T04:34:51Z,68fda697a1a3,நாப்பத்தி அஞ்சி கோடிக்கு வீடு வாங்கி கொடுத்து இருக்கான் 5 லச்சத்த பேசுற,1,0,0,https://youtube.com/watch?v=GK4IlGnCDxY&lc=UgyQfO_eJmLxuotqm3J4AaABAg,விஜய் திரிஷா,ta,நாப்பத்தி அஞ்சி கோடிக்கு வீடு வாங்கி கொடுத்து இருக்கான் 5 லச்சத்த பேசுற
youtube,comment,UgzHXH18M_nq6xU2YQl4AaABAg,GK4IlGnCDxY,2026-09-21 13:45:53+00:00,2026-09-22T04:34:51Z,cc21bde398c2,குடும்ப பெண்களுக்கு இது தேவையில்லாதது உங்க மரியாதை உங்க வார்த்தையில் தான்,1,0,0,https://youtube.com/watch?v=GK4IlGnCDxY&lc=UgzHXH18M_nq6xU2YQl4AaABAg,விஜய் திரிஷா,ta,குடும்ப பெண்களுக்கு இது தேவையில்லாதது உங்க மரியாதை உங்க வார்த்தையில் தான்
youtube,comment,UgyytnJ09kjMb77ZmBF4AaABAg,i1BqRYMFS08,2026-09-21 13:56:39+00:00,2026-09-22T13:54:20Z,5ff59582eb8c,Listen into 0.85x,1,0,0,https://youtube.com/watch?v=i1BqRYMFS08&lc=UgyytnJ09kjMb77ZmBF4AaABAg,Vijay Trisha,en,Listen into 0.85x
youtube,comment,UgxH64TwkBKetL6D9DV4AaABAg,GK4IlGnCDxY,2026-09-21 14:02:19+00:00,2026-09-22T04:34:51Z,82ea82df6727,ஆதாரம் 👌sooouuuper 👌👌👌👌👌👌😂செமையா பொலந்திட்டிங்க 👌👌👌👌👌😂😂😂😂😂😂,1,0,0,https://youtube.com/watch?v=GK4IlGnCDxY&lc=UgxH64TwkBKetL6D9DV4AaABAg,விஜய் திரிஷா,mixed,ஆதாரம் 👌sooouuuper 👌👌👌👌👌👌😂செமையா பொலந்திட்டிங்க 👌👌👌👌👌😂😂😂😂😂😂
youtube,comment,UgyPGcWPOECsl4U9LCB4AaABAg,GK4IlGnCDxY,2026-09-21 14:06:48+00:00,2026-09-22T04:34:51Z,4f62bf8356ed,👠👠👠👠👠👠👠🐈👠🐈👠👠👠👠🐈👠🐈🙈🙈👠👠🐈🐈,1,0,0,https://youtube.com/watch?v=GK4IlGnCDxY&lc=UgyPGcWPOECsl4U9LCB4AaABAg,விஜய் திரிஷா,en,👠👠👠👠👠👠👠🐈👠🐈👠👠👠👠🐈👠🐈🙈🙈👠👠🐈🐈
youtube,comment,UgyOnE2SMXYisPA7Mdl4AaABAg,i1BqRYMFS08,2026-09-21 14:12:54+00:00,2026-09-22T13:54:20Z,795d3aa2976e,Finally reels se aaj real dekh rhi hu😅,1,0,0,https://youtube.com/watch?v=i1BqRYMFS08&lc=UgyOnE2SMXYisPA7Mdl4AaABAg,Vijay Trisha,en,Finally reels se aaj real dekh rhi hu😅
youtube,comment,UgytWThTUf8qGbYdZoR4AaABAg,GK4IlGnCDxY,2026-09-21 14:24:47+00:00,2026-09-22T04:34:51Z,8ae71ebcaa47,"THREESAW IYER MAMI RECEIVED 25 LAKHS ARRANGED BY PIMP, TO SUCK OUT MANMATHA JUICE FROM ADMK MLAs AT KOOVATHUR.",1,0,0,https://youtube.com/watch?v=GK4IlGnCDxY&lc=UgytWThTUf8qGbYdZoR4AaABAg,விஜய் திரிஷா,en,"THREESAW IYER MAMI RECEIVED 25 LAKHS ARRANGED BY PIMP, TO SUCK OUT MANMATHA JUICE FROM ADMK MLAs AT KOOVATHUR."
youtube,comment,Ugz4VSIorm3dGRGQrH94AaABAg,GK4IlGnCDxY,2026-09-21 14:30:01+00:00,2026-09-22T04:34:51Z,8de7d819c617,உங்கதலைவர்.11லட்சம்கோடிகடன்வச்சிட்டுபோய்ட்டாரே,1,0,0,https://youtube.com/watch?v=GK4IlGnCDxY&lc=Ugz4VSIorm3dGRGQrH94AaABAg,விஜய் திரிஷா,ta,உங்கதலைவர்.11லட்சம்கோடிகடன்வச்சிட்டுபோய்ட்டாரே
youtube,comment,UgwiEUofRBqUit9CHWZ4AaABAg,GK4IlGnCDxY,2026-09-21 14:39:56+00:00,2026-09-22T04:34:51Z,080ac16b4b4c,இந்தப் பேச்சுக்காக நீங்கள் ஒவ்வொருவரும் 5 லட்சம் பெற்றீர்கள்.🤝🤝🤣😂🤝🤝,2,0,0,https://youtube.com/watch?v=GK4IlGnCDxY&lc=UgwiEUofRBqUit9CHWZ4AaABAg,விஜய் திரிஷா,ta,இந்தப் பேச்சுக்காக நீங்கள் ஒவ்வொருவரும் 5 லட்சம் பெற்றீர்கள்.🤝🤝🤣😂🤝🤝
youtube,comment,UgyFtxl5-zUUuskNn394AaABAg,GK4IlGnCDxY,2026-09-21 14:49:39+00:00,2026-09-22T04:34:51Z,30fe7650dea9,என் நீ விஜய் கிட்ட நீதான் வாங்கி கொடுத்தியா,1,0,0,https://youtube.com/watch?v=GK4IlGnCDxY&lc=UgyFtxl5-zUUuskNn394AaABAg,விஜய் திரிஷா,ta,என் நீ விஜய் கிட்ட நீதான் வாங்கி கொடுத்தியா
youtube,comment,Ugwqy-tTRCu5uFKMadN4AaABAg,GK4IlGnCDxY,2026-09-21 14:55:15+00:00,2026-09-22T04:34:51Z,4f7f5c5b5032,சூப்பர் தங்கச்சிகள,1,0,0,https://youtube.com/watch?v=GK4IlGnCDxY&lc=Ugwqy-tTRCu5uFKMadN4AaABAg,விஜய் திரிஷா,ta,சூப்பர் தங்கச்சிகள
youtube,comment,UgyJSH6MdOzd9TxsejJ4AaABAg,GK4IlGnCDxY,2026-09-21 15:00:29+00:00,2026-09-22T04:34:51Z,a7ea96036079,Neenkellam padunnu theriuthu,1,0,0,https://youtube.com/watch?v=GK4IlGnCDxY&lc=UgyJSH6MdOzd9TxsejJ4AaABAg,விஜய் திரிஷா,en,Neenkellam padunnu theriuthu
youtube,comment,UgySVKmlGJCbpYluEXt4AaABAg,GK4IlGnCDxY,2026-09-21 15:10:17+00:00,2026-09-22T04:34:51Z,279f91aed0ef,ஏன் கத்துறான்???,1,0,0,https://youtube.com/watch?v=GK4IlGnCDxY&lc=UgySVKmlGJCbpYluEXt4AaABAg,விஜய் திரிஷா,ta,ஏன் கத்துறான்???
youtube,comment,UgzjmbOmnsbbccIwCjZ4AaABAg,GK4IlGnCDxY,2026-09-21 15:11:13+00:00,2026-09-22T04:34:51Z,279f91aed0ef,சூப்டருக்கா,1,0,0,https://youtube.com/watch?v=GK4IlGnCDxY&lc=UgzjmbOmnsbbccIwCjZ4AaABAg,விஜய் திரிஷா,ta,சூப்டருக்கா
youtube,comment,Ugy9fj4PF9R0zh8jxGF4AaABAg,GK4IlGnCDxY,2026-09-21 15:14:18+00:00,2026-09-22T04:34:51Z,632af4bdce5b,பைதியகாரன்,1,0,0,https://youtube.com/watch?v=GK4IlGnCDxY&lc=Ugy9fj4PF9R0zh8jxGF4AaABAg,விஜய் திரிஷா,ta,பைதியகாரன்
youtube,comment,UgzttG6BOxWEsQ5x4YJ4AaABAg,GK4IlGnCDxY,2026-09-21 15:25:55+00:00,2026-09-22T04:34:51Z,0d90577fadae,நீ எவ்வளவு வாங்குன 😛,1,0,0,https://youtube.com/watch?v=GK4IlGnCDxY&lc=UgzttG6BOxWEsQ5x4YJ4AaABAg,விஜய் திரிஷா,ta,நீ எவ்வளவு வாங்குன 😛
youtube,comment,UgxR-x05e59dvP81-td4AaABAg,GK4IlGnCDxY,2026-09-21 15:38:31+00:00,2026-09-22T04:34:51Z,e5dbbc0b1b01,6 லட்சத்துக்கு உங்க வீட்ல பொண்ணு இருந்தா அனுப்புங்க,1,0,0,https://youtube.com/watch?v=GK4IlGnCDxY&lc=UgxR-x05e59dvP81-td4AaABAg,விஜய் திரிஷா,ta,6 லட்சத்துக்கு உங்க வீட்ல பொண்ணு இருந்தா அனுப்புங்க
youtube,comment,Ugy0lo4FmYg8EKauk9R4AaABAg,GK4IlGnCDxY,2026-09-21 16:18:50+00:00,2026-09-22T04:34:51Z,ae48f9df50c8,சந்தோசம்😢தமிழ்😢நாடு😢நல்ல😮முன்னேற்றம்😢நாம😢முன்னேற்றம்😢இருக்கோஇல்லியோ😮எர்டெல்காரனுங்க😢நல்ல😮முன்னேற்றம்😢அதுக்கு😢ஆதாரம்😢நான்😢இருக்கேன்,1,0,0,https://youtube.com/watch?v=GK4IlGnCDxY&lc=Ugy0lo4FmYg8EKauk9R4AaABAg,விஜய் திரிஷா,ta,சந்தோசம்😢தமிழ்😢நாடு😢நல்ல😮முன்னேற்றம்😢நாம😢முன்னேற்றம்😢இருக்கோஇல்லியோ😮எர்டெல்காரனுங்க😢நல்ல😮முன்னேற்றம்😢அதுக்கு😢ஆதாரம்😢நான்😢இருக்கேன்
youtube,comment,Ugw1KbV2MOVK9J77k5Z4AaABAg,GK4IlGnCDxY,2026-09-21 16:41:25+00:00,2026-09-22T04:34:51Z,ed4c981f2028,Moolam vanthurum.,1,0,0,https://youtube.com/watch?v=GK4IlGnCDxY&lc=Ugw1KbV2MOVK9J77k5Z4AaABAg,விஜய் திரிஷா,en,Moolam vanthurum.
youtube,comment,UgzPgyvT8TWMT1E4nMV4AaABAg,GK4IlGnCDxY,2026-09-21 16:42:39+00:00,2026-09-22T04:34:51Z,19191dd9a8a5,Over Over evidence  pothum tamil Nadu close,1,0,0,https://youtube.com/watch?v=GK4IlGnCDxY&lc=UgzPgyvT8TWMT1E4nMV4AaABAg,விஜய் திரிஷா,en,Over Over evidence  pothum tamil Nadu close
youtube,comment,UgwThBOAvO1XetAXaY94AaABAg,i1BqRYMFS08,2026-09-21 17:04:45+00:00,2026-09-22T13:54:20Z,778a881622d6,Cm साहब 😂😊❤😍😍😍🥰🙏🙏👌👌,2,0,0,https://youtube.com/watch?v=i1BqRYMFS08&lc=UgwThBOAvO1XetAXaY94AaABAg,Vijay Trisha,en,Cm साहब 😂😊❤😍😍😍🥰🙏🙏👌👌
youtube,comment,Ugzo3qGdaPLZTXa6qZ54AaABAg,GK4IlGnCDxY,2026-09-21 17:09:35+00:00,2026-09-22T04:34:51Z,86dd05b5503f,மானம் கெட்டு போச்சு நல்லா செருப்பால் அடிங்க இதைபத்திகவலைபடமாட்டாங்கதற்குறிகல்,0,0,0,https://youtube.com/watch?v=GK4IlGnCDxY&lc=Ugzo3qGdaPLZTXa6qZ54AaABAg,விஜய் திரிஷா,ta,மானம் கெட்டு போச்சு நல்லா செருப்பால் அடிங்க இதைபத்திகவலைபடமாட்டாங்கதற்குறிகல்
youtube,comment,UgxKmTWTNExJcE6eQD54AaABAg,GK4IlGnCDxY,2026-09-21 17:15:33+00:00,2026-09-22T04:34:51Z,4fe04cd43d2e,உங்கள் 3 பேரு முகத்த பார்த்தா நாய் கூட திரும்பி பார்க்காது. அவங்க திரையுலகில் கொடி கட்டி பறந்தவர்கள்.உன்னை உன் தெருவுக்கே தெரியாது.நீயெல்லாம் ஓடிடு,1,0,0,https://youtube.com/watch?v=GK4IlGnCDxY&lc=UgxKmTWTNExJcE6eQD54AaABAg,விஜய் திரிஷா,ta,உங்கள் 3 பேரு முகத்த பார்த்தா நாய் கூட திரும்பி பார்க்காது. அவங்க திரையுலகில் கொடி கட்டி பறந்தவர்கள்.உன்னை உன் தெருவுக்கே தெரியாது.நீயெல்லாம் ஓடிடு
youtube,comment,UgycIQxV6x4hY1Td7Up4AaABAg,TCjI7HowB50,2026-09-21 17:27:25+00:00,2026-09-22T13:54:13Z,61163f52a784,எவண்டா அவன் இந்த தலைப்பு போட்டவன் அவங்க பஸ்ட் தமிழ்நாட்டு காரங்களே இல்ல பொழப்ப தேடி இங்க பஞ்சம் பொழைக்க வந்தவங்க தமிழ்நாட்டில் பிறந்த பொம்பளைங்க அவ்வளவு சீக்கிரம் ஒழுக்கம் கெட்டு திறந்தாலும் பணத்தை காசை புடிச்சு எவனோட வேணாலும் சுத்த மாட்டாங்க அதுவும் பட்டிக்காட்டில் பிறந்த பொம்பளைங்களுக்கு ஒழுக்கம் தான் முக்கியம்னு நினைப்பாங்க தமிழ் தமிழ்நாட்டில் பிறந்த பொம்பளைங்க எங்கடா சினிமா படத்துல நடிக்கிறாங்க எவனுமே அதிகமா நடிக்க கிடையாது ஏதோ ஒரு சிலருக்கு தான் நடிப்பாங்க,0,0,0,https://youtube.com/watch?v=TCjI7HowB50&lc=UgycIQxV6x4hY1Td7Up4AaABAg,Vijay Trisha,ta,எவண்டா அவன் இந்த தலைப்பு போட்டவன் அவங்க பஸ்ட் தமிழ்நாட்டு காரங்களே இல்ல பொழப்ப தேடி இங்க பஞ்சம் பொழைக்க வந்தவங்க தமிழ்நாட்டில் பிறந்த பொம்பளைங்க அவ்வளவு சீக்கிரம் ஒழுக்கம் கெட்டு திறந்தாலும் பணத்தை காசை புடிச்சு எவனோட வேணாலும் சுத்த மாட்டாங்க அதுவும் பட்டிக்காட்டில் பிறந்த பொம்பளைங்களுக்கு ஒழுக்கம் தான் முக்கியம்னு நினைப்பாங்க தமிழ் தமிழ்நாட்டில் பிறந்த பொம்பளைங்க எங்கடா சினிமா படத்துல நடிக்கிறாங்க எவனுமே அதிகமா நடிக்க கிடையாது ஏதோ ஒரு சிலருக்கு தான் நடிப்பாங்க
youtube,comment,Ugx9k_toTPBTpesqGgR4AaABAg,GK4IlGnCDxY,2026-09-21 17:31:38+00:00,2026-09-22T04:34:51Z,59eaa36532e6,"Fir affidavitta thooki kati. Kathuthu,ariveilla.",1,0,0,https://youtube.com/watch?v=GK4IlGnCDxY&lc=Ugx9k_toTPBTpesqGgR4AaABAg,விஜய் திரிஷா,en,"Fir affidavitta thooki kati. Kathuthu,ariveilla."
youtube,comment,UgwAThso9Aq_Kqubybd4AaABAg,i1BqRYMFS08,2026-09-21 17:40:06+00:00,2026-09-22T13:54:20Z,81fb31972119,"I am from Kolkata, West Bengal and this is one of my best favourite dear songs.🤟👍🫶❤️🧡🤍",1,0,0,https://youtube.com/watch?v=i1BqRYMFS08&lc=UgwAThso9Aq_Kqubybd4AaABAg,Vijay Trisha,en,"I am from Kolkata, West Bengal and this is one of my best favourite dear songs.🤟👍🫶❤️🧡🤍"
youtube,comment,UgwpFenBJ0-66HxrEmd4AaABAg,GK4IlGnCDxY,2026-09-21 17:59:35+00:00,2026-09-22T04:34:51Z,9ec796da2579,"வாயை கழுவும்மா ரெட்டியும்,,, லாட்டரியும் உங்கமேல கேஸ் போட்டுறபோறானுங்க😁😁",1,0,0,https://youtube.com/watch?v=GK4IlGnCDxY&lc=UgwpFenBJ0-66HxrEmd4AaABAg,விஜய் திரிஷா,ta,"வாயை கழுவும்மா ரெட்டியும்,,, லாட்டரியும் உங்கமேல கேஸ் போட்டுறபோறானுங்க😁😁"
youtube,comment,Ugwzw_lkY_95i7gUK2J4AaABAg,GK4IlGnCDxY,2026-09-22 01:38:15+00:00,2026-09-22T04:34:51Z,56e503164d18,Sappattuku vazhiyillama irikananga,1,0,0,https://youtube.com/watch?v=GK4IlGnCDxY&lc=Ugwzw_lkY_95i7gUK2J4AaABAg,விஜய் திரிஷா,en,Sappattuku vazhiyillama irikananga
youtube,comment,Ugy45thQC_ZoKpyj_gh4AaABAg,GK4IlGnCDxY,2026-09-22 01:38:52+00:00,2026-09-22T04:34:51Z,b17bf42cd3fb,Super Fantastic Akka 💯💯💯,1,0,0,https://youtube.com/watch?v=GK4IlGnCDxY&lc=Ugy45thQC_ZoKpyj_gh4AaABAg,விஜய் திரிஷா,en,Super Fantastic Akka 💯💯💯
youtube,comment,UgyEwc9ascW9_eHToTV4AaABAg,i1BqRYMFS08,2026-09-22 01:55:40+00:00,2026-09-22T13:54:20Z,f19d7aae953a,Welcome mam gangaralation God bless you very happy very happy very beautiful day love you all family members like you 💞💞❤️❤❤❤,0,0,0,https://youtube.com/watch?v=i1BqRYMFS08&lc=UgyEwc9ascW9_eHToTV4AaABAg,Vijay Trisha,en,Welcome mam gangaralation God bless you very happy very happy very beautiful day love you all family members like you 💞💞❤️❤❤❤
youtube,comment,UgyHAoTN_uEdictPaEh4AaABAg,GK4IlGnCDxY,2026-09-22 02:27:44+00:00,2026-09-22T04:34:51Z,3f173ba5d7c6,நீங்க மூனு பேரும் சும்மா போனாலும் யாரும் கூப்பிடமாட்டாங்க.....வேலைக்கு மூதேவிங்க... துஉஉஉஉஉஉஉஉ,1,0,0,https://youtube.com/watch?v=GK4IlGnCDxY&lc=UgyHAoTN_uEdictPaEh4AaABAg,விஜய் திரிஷா,ta,நீங்க மூனு பேரும் சும்மா போனாலும் யாரும் கூப்பிடமாட்டாங்க.....வேலைக்கு மூதேவிங்க... துஉஉஉஉஉஉஉஉ
youtube,comment,UgyhiQUcQBVUkZWd_Vd4AaABAg,GK4IlGnCDxY,2026-09-22 03:03:26+00:00,2026-09-22T04:34:51Z,631eb8aa5f67,Dai pottaigala niga thothaku maththavakala kora solrathuna da unga vela alaruga ga ungala mari public kitta mosama nadarhukala da pottaikala😅😅😅😅😅😅😅,1,0,0,https://youtube.com/watch?v=GK4IlGnCDxY&lc=UgyhiQUcQBVUkZWd_Vd4AaABAg,விஜய் திரிஷா,tanglish,Dai pottaigala niga thothaku maththavakala kora solrathuna da unga vela alaruga ga ungala mari public kitta mosama nadarhukala da pottaikala😅😅😅😅😅😅😅
youtube,comment,UgwePUUa54tccrEfU-J4AaABAg,GK4IlGnCDxY,2026-09-22 03:56:17+00:00,2026-09-22T04:34:51Z,baeea9bf7de9,Alka Unga kamadiku ooru alive illla,1,0,0,https://youtube.com/watch?v=GK4IlGnCDxY&lc=UgwePUUa54tccrEfU-J4AaABAg,விஜய் திரிஷா,en,Alka Unga kamadiku ooru alive illla
youtube,comment,UgwkPv1ln8YzZectT3F4AaABAg,JxarcU_8or8,2026-09-22 04:47:29+00:00,2026-09-22T13:54:37Z,352d68053b1d,Vanitha needs cine network 😂 so she is playing safe,0,0,0,https://youtube.com/watch?v=JxarcU_8or8&lc=UgwkPv1ln8YzZectT3F4AaABAg,Vijay Trisha,en,Vanitha needs cine network 😂 so she is playing safe
youtube,comment,UgxiM7Zx-VlydfYvqSl4AaABAg,i1BqRYMFS08,2026-09-22 07:12:26+00:00,2026-09-22T13:54:20Z,a324d1426d60,abarnotfarmar,0,0,0,https://youtube.com/watch?v=i1BqRYMFS08&lc=UgxiM7Zx-VlydfYvqSl4AaABAg,Vijay Trisha,en,abarnotfarmar
youtube,comment,Ugx6Oa2Fmv4i5A_On-94AaABAg,i1BqRYMFS08,2026-09-22 07:17:26+00:00,2026-09-22T13:54:20Z,a324d1426d60,Saylookingpooking,0,0,0,https://youtube.com/watch?v=i1BqRYMFS08&lc=Ugx6Oa2Fmv4i5A_On-94AaABAg,Vijay Trisha,en,Saylookingpooking
youtube,comment,UgzU65dqDrNuuzwfyWN4AaABAg,i1BqRYMFS08,2026-09-22 07:18:24+00:00,2026-09-22T13:54:20Z,a324d1426d60,amulmilk35rupis500fail,0,0,0,https://youtube.com/watch?v=i1BqRYMFS08&lc=UgzU65dqDrNuuzwfyWN4AaABAg,Vijay Trisha,en,amulmilk35rupis500fail
youtube,comment,UgwN8Gs9sTPfoXu6x7B4AaABAg,9WbWejwTvK4,2026-09-22 08:41:33+00:00,2026-09-22T13:54:14Z,128c1beaef2e,No only vijay ❤ no any one 😡,8,1,0,https://youtube.com/watch?v=9WbWejwTvK4&lc=UgwN8Gs9sTPfoXu6x7B4AaABAg,Vijay Trisha,en,No only vijay ❤ no any one 😡
youtube,comment,UgybOOqZnOVlzxpKU7B4AaABAg,9WbWejwTvK4,2026-09-22 08:50:31+00:00,2026-09-22T13:54:14Z,40c1a8416329,He is cute,2,1,0,https://youtube.com/watch?v=9WbWejwTvK4&lc=UgybOOqZnOVlzxpKU7B4AaABAg,Vijay Trisha,en,He is cute
youtube,comment,UgzzQkd9LNYjAyrkCvt4AaABAg,i1BqRYMFS08,2026-09-22 08:50:54+00:00,2026-09-22T13:54:20Z,1be1c2c526be,Subtitle ka option to dena chahiye tha na 😂😂,0,0,0,https://youtube.com/watch?v=i1BqRYMFS08&lc=UgzzQkd9LNYjAyrkCvt4AaABAg,Vijay Trisha,en,Subtitle ka option to dena chahiye tha na 😂😂
youtube,comment,UgxAjB9lNCVNJ0S8sxJ4AaABAg,9WbWejwTvK4,2026-09-22 08:59:17+00:00,2026-09-22T13:54:14Z,752e696b9f17,Ithu oru dislike button kudunga please...illana serupu simple onnu kudunga...,2,2,0,https://youtube.com/watch?v=9WbWejwTvK4&lc=UgxAjB9lNCVNJ0S8sxJ4AaABAg,Vijay Trisha,en,Ithu oru dislike button kudunga please...illana serupu simple onnu kudunga...
youtube,comment,UgwEn9_XzHqGpGvrq5d4AaABAg,9WbWejwTvK4,2026-09-22 10:33:53+00:00,2026-09-22T13:54:14Z,937ca14b4baf,😢❤❤❤❤❤❤❤❤❤❤❤❤,0,0,0,https://youtube.com/watch?v=9WbWejwTvK4&lc=UgwEn9_XzHqGpGvrq5d4AaABAg,Vijay Trisha,en,😢❤❤❤❤❤❤❤❤❤❤❤❤
youtube,comment,UgzBZ6Obyjr74U4Iufp4AaABAg,i1BqRYMFS08,2026-09-22 11:06:48+00:00,2026-09-22T13:54:20Z,b18ef265676f,2026 kanunnavar undoooo,0,0,0,https://youtube.com/watch?v=i1BqRYMFS08&lc=UgzBZ6Obyjr74U4Iufp4AaABAg,Vijay Trisha,en,2026 kanunnavar undoooo
youtube,comment,Ugz42VlIbLNwj6_6mDd4AaABAg,9WbWejwTvK4,2026-09-22 12:22:40+00:00,2026-09-22T13:54:14Z,4e34bed870d8,He is a cutie pie,0,0,0,https://youtube.com/watch?v=9WbWejwTvK4&lc=Ugz42VlIbLNwj6_6mDd4AaABAg,Vijay Trisha,en,He is a cutie pie
youtube,comment,UgwTAAEP4f1XOZI9nap4AaABAg,i1BqRYMFS08,2026-09-22 12:41:05+00:00,2026-09-22T13:54:20Z,2a574eb63f1d,My favourite tamil song lov from nepl ❤❤❤❤❤❤❤,0,0,0,https://youtube.com/watch?v=i1BqRYMFS08&lc=UgwTAAEP4f1XOZI9nap4AaABAg,Vijay Trisha,en,My favourite tamil song lov from nepl ❤❤❤❤❤❤❤
