text,true,pred
zayn deserves so much to be happy. i'd trade the moon for the sun if that could make him happy,Technical_Issues,Technical_Issues
in january france declared day of mourning for 12 people killed at charlie hebdo. today declares 3 days of mourning for 129 killed in paris,Community_Discussion,Community_Discussion
front line with kamran shahid 22 may 2012,Community_Discussion,Community_Discussion
boohoo miley called nicki unpolite kim called her everything under the sun just admit nicki know who to try,Community_Discussion,Community_Discussion
i couldn't go to metlife so i'm going to a concert on the beach tomorrow lol mtvhottest one direction,Community_Discussion,Community_Discussion
<user> maybe that's a weird 1st message to ever send you aside from nicee on your drawings but that is a lot of gay,Community_Discussion,Community_Discussion
"on the bright side, if selena's greatest hits album thing is actually coming out on november 24th, i already know what to ask for my bday",Community_Discussion,Community_Discussion
brock lesnar on sportscenter talking about his fight with the undertaker this sunday.. what a time to be alive,Community_Discussion,Community_Discussion
"was a part of it, still crying, still saying goodbye..ric flair may you live forever..way too much loss lately",Community_Discussion,Community_Discussion
"<user> perfect timing on this, milan! got tickets for the new star wars movie yet? may the force be with you!",Community_Discussion,Community_Discussion
<user> <user> <user> <user> the other picture is bobby jindal or nikki haley or an anchor tourist baby 14th amendment,Community_Discussion,Community_Discussion
by george he's cute! new pictures of prince george have been released to mark his 2nd birthday. tennews 5pm,Community_Discussion,Community_Discussion
"kolchak the night stalker. before the x files, excellent scary tv. on netflix huzah",Community_Discussion,Community_Discussion
"contrary to what you may have heard in the media, rick perry has a loyal, dedicated team that is committed to..",Community_Discussion,Community_Discussion
<user> if it were an actual battle naruto would murk luffy so far back six paths gt gt gear 4th,Community_Discussion,Community_Discussion
"<user> yep, kolarov and wilson are two i want in for sure. may even get shot of eriksen as kane isn't scoring.",Community_Discussion,Community_Discussion
<user> <user> that s like blaming rafa for the season we finished 7th while ignoring the negative impact of cecil and h g!,Community_Discussion,Community_Discussion
"inmarsat s swiftbroadband soars to new heights inmarsat lse isat.l , the leading provider of global mobile sat..",Account_Security,Community_Discussion
one hour to our thursday stream! let's try and beat the rotten in dark souls 2 this time! twitch,Community_Discussion,Community_Discussion
first game of the season for the lakers tomorrow cantwait,Community_Discussion,Community_Discussion
"the 4th, the nokia 5530 xpressmusic. fact this have an stylus. used to hate touchscreens on cellphones before this",Technical_Issues,Community_Discussion
one thing though when they show ice cube wiring the script for friday.. that was inspiring as hell. a lot more tomorrow.,Community_Discussion,Community_Discussion
<user> show some bloody respect. google ? he may not be world class but you'll have been singing his praises a few seasons ago,Community_Discussion,Community_Discussion
the duke is loose. duke johnson pounds it in for a 7 yard touchdown. miami leads vtech 27 12 in the 4th.,Technical_Issues,Community_Discussion
<user> haha it ll be alright. we got swansea on saturday tho away hahaha just like we talked,Community_Discussion,Community_Discussion
"<user> more propaganda from the bbc, they promote platforms of dissent, one day they may return to journalism, make the bbc a plc.",Community_Discussion,Community_Discussion
anyone down to pregame before the obama speech tomorrow <user> <user> <user>,Technical_Issues,Technical_Issues
national hot dog day is coming up on july 23rd! be one of the first 300 customers on thursday july 23rd and get a..,Community_Discussion,Community_Discussion
come scoop mert <user> i gotta go shopping tomorrow! i keep putin it off. ima fuck around amp ain t gone have shit to wear to gotti,Community_Discussion,Community_Discussion
"<user> if you're in pacific time and have an xbox, it's possible. but it won't be available for pc or ps4 until mid day tomorrow.",Community_Discussion,Community_Discussion
i don't believe my luck. last night i said i was gonna go 25 down on conor mcgregor 2nd round win and never put it on. fuck my life.,Technical_Issues,Technical_Issues
british invasion hollywood summer nights goes uk with the ladykillers on aug 23,Community_Discussion,Community_Discussion
guess who's going to sit in a tub and listen to fleetwood mac and pretend tomorrow isn't monday? me,Community_Discussion,Community_Discussion
<user> please please cover hr1599 on sunday! i want to see <user> take on monsanto!!,Community_Discussion,Community_Discussion
sopa is back! as a ransomware virus after historic internet protests in january the sopa anti piracy.. infosec,Community_Discussion,Community_Discussion
<user> even a successful bunt puts us right they are now 1st and 2nd 1 out after the ibb to harper. so dumb.,Community_Discussion,Community_Discussion
can't wait to go to colts game with my sweetness tonight.,Community_Discussion,Community_Discussion
"nice to see the neighbours rocking a bit of dark souls, seriously though if you invade my game i will cut you.",Community_Discussion,Community_Discussion
dtn kazakhstan capello ill tweak lineup for azerbaijan gamecoach fabio capello said monday he will tweak the ..,Community_Discussion,Community_Discussion
"congrats james franklin..that was the dumbest call i've seen not only today but maybe ever. 4th amp 11 fake punt sweep, up 3 at midfield lol",Community_Discussion,Community_Discussion
"irritates me gay males aren't allowed to donate blood, but a transgender woman can, or anyone else who may of had sex with a gay bi man can.",Community_Discussion,Community_Discussion
"i was at eid in the park, an event hosted by the ark from glasgow on sunday. fantastic day, thanks to all involved!",Community_Discussion,Community_Discussion
that sucks if you have to take the sats tomorrow,Community_Discussion,Community_Discussion
"tracy mcgrady, one of the all time nba greats, announced his farewell on tuesday, as he moves out to china to play for qingdao eagles.",Community_Discussion,Community_Discussion
on my way to see paper towns for the 3rd time.. i have to surrender my goal of seeing it 9 times because i'm moving,Community_Discussion,Community_Discussion
"sorry to hear justin bieber was beaten by an nhs choir. however justified the emotions, violence is never the answer",Community_Discussion,Community_Discussion
making sure i get the most use out of my amazon prime account is my saturday morning ritual.,Account_Security,Account_Security
<user> sorry i don't want to netflix and chill right now mar mar,Community_Discussion,Community_Discussion
that scrap between the undertaker and brock lesnar on monday night raw last night looked like the best craic ever,Community_Discussion,Community_Discussion
rummel recovers curtis fumble. it's pouring out here. maybe the weather had to do something with that. 2 04 remaining 3rd 21 7,Community_Discussion,Community_Discussion
"congratulations to jessie, for winning the july august challenge! a 250.00 gift card to amazon! great job jessie!!",Community_Discussion,Community_Discussion
forgot it was thursday so i missed another episode of tvd.. i give up on life,Community_Discussion,Community_Discussion
"prolifers held a large rally in petoskey on saturday. they were protesting planned parenthood, the nation's..",Community_Discussion,Community_Discussion
come to mtsu football fan day tomorrow from 2 4 pm at murphy center! meet the team for autographs and enjoy hotdogs and drinks!,Community_Discussion,Community_Discussion
"presidents day tomorrow. come on down, there might even be cricket to watch before the festivities.",Technical_Issues,Technical_Issues
fantasy football rankings week 1 top 50 best matchup plays tampa bay was a woeful 28th in the national footbal.. llinkk,Community_Discussion,Community_Discussion
the ira terrorist may be suspected of killing 4 british soldiers but he probably killed a lot more. the ira..,Community_Discussion,Community_Discussion
"chuck norris gets shot today,tomorrow be the bullet's funeral!",Community_Discussion,Community_Discussion
05 beat it michael jackson thriller 25th anniversary edition hd,Community_Discussion,Community_Discussion
i m happy my 1st showing is at 3pm today.. ritz carlton.. let s sell it! tomiroseteam,Technical_Issues,Technical_Issues
<user> <user> you are right about john kasich. he will not be in the top tier debate again. he debated 1st only in his oh.,Community_Discussion,Community_Discussion
<user> marni! i thought that it was you. it's roula!! good luck tomorrow.,Community_Discussion,Community_Discussion
"idf15 is to techies what religious retreats are to christians. sure it's fun and sure you feel a bunch of stuff, but there's work tomorrow.",Community_Discussion,Community_Discussion
"real shit vote kanye for president if he really is doing it , can't stand donald trump and kane's my 2nd dad",Community_Discussion,Community_Discussion
"<user> <user> i ll see if there s any consistency with it tomorrow. might be my ipod 4th gen , who knows.",Community_Discussion,Community_Discussion
<user> have you seen yesterday's <user> article about joe biden? he may decide not to run for potus,Community_Discussion,Community_Discussion
"tax inspectors on 'halloween duty' in and outside rome agi rome, nov. 1 in conjunction with last night's ..",Community_Discussion,Community_Discussion
"final destination 5, august 24. death how we've missed you.",Community_Discussion,Community_Discussion
winnipeg bogosian ready to bring it on with jets winnipeg sun,Community_Discussion,Community_Discussion
i'm finishing katy perry part of me second viewing obvs and i'm getting to the really sad bit and i think i may cry again pray4me,Community_Discussion,Community_Discussion
<user> chris evans should lose his voice more often if it means we get more listenable breakfast shows like this monday and tuesday's.,Community_Discussion,Community_Discussion
michael brantley hit his 13th home run of the season in a loss against the white sox on tuesday. indians,Community_Discussion,Community_Discussion
"has anyone seen under the cherry moon film starring prince and, if yes, can you confirm if this is a fruitful use of a friday off work?",Feature_Feedback,Community_Discussion
would anyone wanna go to the ed sheeran concert this thursday with me i have an extra ticket it was like 35,Community_Discussion,Community_Discussion
ahh then one may attain nirvana at the supermarket.,Community_Discussion,Community_Discussion
"it's kind of annoying that all the things that i got picked on for in the 6th grade is suddenly popular. ex justin bieber, and crocs. okay",Community_Discussion,Community_Discussion
"october 6th can't come any faster.. i will be eating a mcmuffin at noon while reading the new, fully illustrated harry potter book. nerd",Community_Discussion,Community_Discussion
"<user> yes, and cruz is scheming to shut down the gov't in nov. over planned parenthood funding.",Technical_Issues,Technical_Issues
all the jerks who signed petitions for mercy for yakub have ensured he doesnt go out for them .. no?,Community_Discussion,Community_Discussion
"just sat here casually daydreaming about norman reedus, you know, as you do at 3 10 on a wednesday afternoon! love xx <user>",Community_Discussion,Community_Discussion
brewers ryan braun records his 10th career game with at least 5 rbi,Community_Discussion,Community_Discussion
"friday night. got new red lipstick. i just put it on. i have nowhere to go. lying in bed listening to fleetwood mac, w lipstick on. lonely",Community_Discussion,Community_Discussion
"<user> i have a date with christian kane and the leverage team that i recorded tues, then the finder, sexy!, have fun, night night xx",Community_Discussion,Community_Discussion
leg day tomorrow gt gt gt gt gt gt,Community_Discussion,Community_Discussion
"<user> agreed. i mean, we got to kershaw, twice. we can still do this. we can win tomorrow. we can win the nlcs, i just don't thin we will.",Community_Discussion,Community_Discussion
haha jeb bush is such a bore the guy in the background of this vid could totally not give a shit about this dirtbag.,Community_Discussion,Community_Discussion
typical americans. will talk about toxic metals on a thread about holi. c'mon don't be babies !!,Community_Discussion,Community_Discussion
"assault on academic freedom? ucla conference blames israel in october, the university of california, riversid..",Community_Discussion,Community_Discussion
<user> xd my brain may be a little wounded from translating google translate. or a lack of nourishment.. one or the other 8d,Community_Discussion,Community_Discussion
"martin atkinson is referee tomorrow. if you don t remember, he s the one who missed balotelli s shocking tackle on song.",Community_Discussion,Community_Discussion
david price may not pitch here again until september by my calculations? so if you missed august 3rd then get there august 14th bluejays,Community_Discussion,Community_Discussion
"if you're having doubts about ant man, just go and see it, you won't be disappointed. he may not be a major character, but the movie is good",Technical_Issues,Technical_Issues
"<user> got amazon last thursday, got ios last night but the update isn't showing in google play store yet..",Technical_Issues,Technical_Issues
"lol, all the people on the facebook live chat on rock im park are real idiot's. i explain them that evanscence have performed on friday..",Community_Discussion,Community_Discussion
zac brown band is going to be the best country concert i've been too. hyped for sunday.,Account_Security,Account_Security
<user> i miss u to i loved it .. ctfu i m soo mad the dj didn t play that last night .. we better be going to ricks cafe tomorrow,Community_Discussion,Community_Discussion
<user> <user> <user> i hope that they attract the right audience and some that may not have seen dbz or naruto before.,Community_Discussion,Community_Discussion
<user> so pumped that you worked your way back up miesha amp i know you'll get the w in the 3rd fight with rousey!,Community_Discussion,Community_Discussion
david price may not shut out the angels tonight but he will shut. them. down. <user> <user>,Technical_Issues,Technical_Issues
they actually went out just this january after the shooting at charlie hebdo which makes today harder prayforparis,Community_Discussion,Community_Discussion
a treat for bondgeek 's booking today as tomorrow we'll hear more on the title song now anticipated to be sung by sam smith? spectre,Community_Discussion,Community_Discussion
<user> <user> shid i may not be able 2 take screenshots of it but everybody <user> me. peyton siva kik'd me this morn nolie,Technical_Issues,Community_Discussion
"oddly, dustin johnson may be better served to play the final round chasing not being chased. he can play to win, not play not to lose.",Community_Discussion,Community_Discussion
ruby tuesday streamlines hiring and onboarding of team members with oracle talent management cloud hcm,Community_Discussion,Community_Discussion
if i don t feel a1 tomorrow i m not going to school rs!,Community_Discussion,Community_Discussion
it just hit me that i'm seeing eric church acoustic in nashville tomorrow. chief,Community_Discussion,Community_Discussion
<user> no im going this september 3rd to watch zac brown band,Account_Security,Account_Security
from jan heartrending artistic tributes to charlie hebdo and the power of the pen,Community_Discussion,Community_Discussion
"i hate the white sox with the white hot heat of 100 suns. do better tomorrow, royals.",Community_Discussion,Community_Discussion
loved the hair style from friday s jason wu new york fashion week show? we re giving you the step by step to..,Community_Discussion,Community_Discussion
"carlos cuellar, louis saha, adam johnson and steven fletcher? they may have had the best summer besides chelsea.",Feature_Feedback,Feature_Feedback
hey <user> can't wait for sharknado 3 tomorrow night! what is the name of your character? woo hoo!! <user> garymartinhays,Community_Discussion,Community_Discussion
"<user> it's horrible, complete fail compared to the 1st movie. rather watch ant man or entourage.",Community_Discussion,Community_Discussion
<user> <user> part of me suspects corbyn may march on his own party hq with stw amp blame it on tony blair. you never know.,Community_Discussion,Community_Discussion
"that not afraid, photo of paris is from the reaction to the charlie hebdo attack in january. it is not tonight.",Community_Discussion,Community_Discussion
ice cube son and <user> to do an our generation friday would be the dopest thing ever!!,Community_Discussion,Community_Discussion
<user> <user> i think we are going to have the red bull bar back on jan 25 as well,Community_Discussion,Community_Discussion
cannot wait for country fest with my girls on friday! love my home state georgia man jason aldean! chillin on a dirt road!!,Community_Discussion,Community_Discussion
np bob marley the sun is shining,Community_Discussion,Community_Discussion
"aaron rodgers good in the 4th qtr, but too cautious overall?",Community_Discussion,Community_Discussion
"a 355 pound woman works to lose weight so she can start a family on emwl , abc sunday at 9pm",Community_Discussion,Community_Discussion
michael clarke looked reasonabley comfortable against the gordon cc 1st grade attack today.. player cheersforthenetboys,Community_Discussion,Community_Discussion
gay marriage fight in kentucky faces moment of truth tuesday the supreme court ruled against the county clerk..,Community_Discussion,Community_Discussion
<user> be careful .. google did break and hold on the upside the 50ma.. will test that ma tomorrow.,Community_Discussion,Community_Discussion
<user> haha black dahlia was my favorite song by them too!! i miss you too. are you still going to miss may i??,Community_Discussion,Community_Discussion
not convinced by the haye v chisora fight upton park on saturday..personally i d rather have seen carlton cole v emile heskey,Community_Discussion,Community_Discussion
i won the 2nd star in my mclaren 12c in csrracing raceyourfriends . download free!,Technical_Issues,Technical_Issues
goodnight i'll tweet more pictures tomorrow from metlife oh by the way i love this boy so much,Community_Discussion,Community_Discussion
so i went to a school to fill out a form with a 2 pencil omigod just realized i accidentally took the sat instead of voting today,Community_Discussion,Community_Discussion
i love tom boonen. forget the whole birth citizen issue. i might just write him in for president in november.,Community_Discussion,Community_Discussion
"anyway, sorry for these random tweets about the finder. unfollow for the night. i ll be back to normal sports stuff tomorrow",Community_Discussion,Community_Discussion
<user> berlusconi on september 29th my old milanista heart didn't allow me to sell the club. we'll control milan forever.,Community_Discussion,Community_Discussion
tune into <user> for live coverage of tonight s nns race. <user> starts 5th in the 200 lap event. nascar,Community_Discussion,Community_Discussion
while all you st pattys day goers are getting drunk ill be serving all of you after last call notlookingforwardtodennys !,Community_Discussion,Community_Discussion
season 4 of longmire premieres tomorrow september 10 on netflix. great cast amp crew. i play the role of guy. enjoy!,Community_Discussion,Community_Discussion
bundesliga ft bayern munich 1 2 bayer leverkusen. bayern munich drop points in the bundesliga for the 1st time this season!,Community_Discussion,Community_Discussion
david wright is expected to be back in the lineup tomorrow. yoenis cespedes and travis d'arnaud will likely get tomorrow off.,Community_Discussion,Community_Discussion
"o rt <user> kung fu panda 2 in 2d 3d, both with indonesian subtitles tentatively scheduled to open on tues 16 august isk",Community_Discussion,Community_Discussion
contraband on blue ray 15 1st season of martin 10 sidney poitier in the heat of the night 5 ps3,Account_Security,Community_Discussion
is it coincidence that the jets wear green? celebrate halfway to st patrick's day this sunday with nfl football!..,Community_Discussion,Community_Discussion
paul dunne a openchampionship was asked what will go through your mind when you tee off on monday make contact with the ball,Community_Discussion,Community_Discussion
<user> on 4th day of eid .. kuch shirm aur haya hote hai mager yeh dono app pass kaha hai?,Technical_Issues,Technical_Issues
did you know that 'sarah palin' was trending topic on friday 28 for 5 hours in phoenix? trndnl,Community_Discussion,Community_Discussion
"yes, federer's attacking return is brilliant. but yes, it's a play club players can do too, esp. off weak and predictable 2nd serves",Community_Discussion,Community_Discussion
<user> links are working fine on my ios device. some times on the first click i get a open in safari ? cancel it amp do a 2nd click. works,Community_Discussion,Community_Discussion
<user> nah i havnt knew about the adidas deal! u like it? i m undecided.. where u watching game sat? i m trying to get it off!,Community_Discussion,Community_Discussion
<user> <user> and just wait for the bbc partnership to kick in. may as well rename eastern tory policies now,Community_Discussion,Community_Discussion
"'america's got talent' semifinals begin tuesday we want different singers than american idol and x factor, said..",Community_Discussion,Community_Discussion
thank you miss usa! you stole my words beauty is in the inside and outside . you may be drop dead gorgeous but..,Community_Discussion,Community_Discussion
i think i may be the only person around not excited that beyonce is the half time performer for the superbowl.,Community_Discussion,Community_Discussion
i never expect too much. expect too much and you may be disappointed. this is referring to this frank ocean release. just chill n' wait guys,Technical_Issues,Technical_Issues
<user> it's good! drink in my hand eric church may be about my life though.. requestingasongviatwitter,Community_Discussion,Community_Discussion
i just realized that the only ukiss member that hyung jun following is kevin..,Community_Discussion,Community_Discussion
"first it turns out meek mill is an arsenal fan, now this. i'm finding a new club. this is a barcelona account now.",Account_Security,Account_Security
"<user> hey girl, excited to see the new jersey shore tomorrow!",Community_Discussion,Community_Discussion
"<user> only my 3rd tweet ever amp it's to you. at 20 45 in gotg, is that chris evans as nova security?",Community_Discussion,Community_Discussion
if john goes home in the double eviction tomorrow this will officially be the worst season in big brother history,Community_Discussion,Community_Discussion
"eu welcomes laos entry to wto on 26 october, the european commission backed world trade organisation wto deci..",Community_Discussion,Community_Discussion
hulk hogan hates black people?? stop sitting out in the sun to look like me makeupyourmind,Community_Discussion,Community_Discussion
<user> i think everyone is having trouble with it by the sounds of it kerry. c'mon <user> sort it out please,Community_Discussion,Community_Discussion
"i miss old school dashboard confessional, taking back sunday, senses fail, early november, and the used. middleschooljams",Community_Discussion,Community_Discussion
"<user> may choose not to worn a skull cap, but he would serve islam if he engages sufi leaders to check wahabism in india <user>",Community_Discussion,Community_Discussion
up to the 4th episode of true blood 2nd season. it gets better better.,Community_Discussion,Community_Discussion
"i was gonna wait to buy weed until monday, but i just realized watching beyonce's concert might be so much better with a blunt.",Community_Discussion,Community_Discussion
"jesus. edgar is talking like he's trying to impress his dad in this case, dana white after his 6th straight a exam. give him the shot.",Community_Discussion,Community_Discussion
"red sox may be losing, but the no hitter is still intact.",Community_Discussion,Community_Discussion
all i wanna do is see the foo fighters saturday at wrigley..,Community_Discussion,Community_Discussion
<user> you going to the vamps' concert on the 30th?,Community_Discussion,Community_Discussion
some people feel the rain. others just get wet bob marley happy wednesday.,Technical_Issues,Technical_Issues
i just want to watch friday with every human that i can't stand. just so ice cube and chris tucker can bye felicia all you dumb bitches.,Community_Discussion,Community_Discussion
"<url> wednesday's featured property of the day is knollwood place apartments, in..",Feature_Feedback,Feature_Feedback
never have i felt this tired i had more fucking energy on the monday morning if leeds festival for christ sake,Community_Discussion,Community_Discussion
the 2nd headline was a story about the guy who plays thor using his 1st big payday to pay off his parents' debt. that deserves top honors.,Community_Discussion,Community_Discussion
happy 22nd bday <user> i hope your day is spoon free and filled with lots of pints from niall!!,Technical_Issues,Technical_Issues
going to see rise of the planet of the apes tonight..oh yeah.,Community_Discussion,Community_Discussion
<user> what's annoying is that the one i pre ordered just came today..steve jobs just looted my card.,Community_Discussion,Community_Discussion
nothing ruins a friday morning more than hearing u2 beautiful day on the radio,Feature_Feedback,Community_Discussion
"studio tomorrow, all i can think about. chillin with homies and working on new music",Community_Discussion,Community_Discussion
"just a quick note hulk hogan was a bad wrestler anyway. c'mon now, the leg drop? give me a break. back to real sports go yankees!",Feature_Feedback,Feature_Feedback
what is the point of this post the only thing bobby jindal is guilty of is standing up for the 2nd amendment,Feature_Feedback,Feature_Feedback
apple special event live bloganother always exciting apple event! join us october 23 as we update live from the .. <url>,Technical_Issues,Technical_Issues
"i may be the odd man out on this but i don t get all the buzz on this kendrick lamar. decent i guess, but not stellar.",Community_Discussion,Community_Discussion
i support sunday oliseh 100 on this new super eagles list. make us proud boys. we believe in you. soureagles,Community_Discussion,Community_Discussion
not an arse hater but happy to see them come back from 0 0 down last night v bolton to win 0 0. awesome showing with the terry henry too.,Technical_Issues,Technical_Issues
outsider's perspective to dark souls you die a lot and masturbate to the sun.,Community_Discussion,Community_Discussion
<user> this may surprise you curtis but some people can care about more than one issue at a time. <user> <user>,Community_Discussion,Community_Discussion
the uncut ultimate music guide dedicated to fleetwood mac on sale in the uk on thursday sept 10 read more at..,Feature_Feedback,Feature_Feedback
how is vh1 gonna play friday after next and i still havn t watched the first one yet?,Community_Discussion,Community_Discussion
it appears douglas adams may have right about telephone sanitisers all along.,Technical_Issues,Technical_Issues
very interested in going to see jason aldean in september at dte,Community_Discussion,Community_Discussion
"it s my little sisters 15th birthday, evelyn s being a big girl for the occasion",Community_Discussion,Community_Discussion
"<user> kiryu is a vk band amp i will see them again in january as they're amazing live, but juri is the vk guy or was actually..",Account_Security,Account_Security
<user> you too lovely! i was like a big kid. see you tomorrow for x factor fun x,Community_Discussion,Community_Discussion
"you can take ufc, mma or heavyweight boxing but that brock lesnar vs undertaker fight on <user> may have been one of the best ever brawls.",Community_Discussion,Community_Discussion
"rg 3 showed me a lot of skill 2day but, the nyg defense secures eli s 24th come from behind victory! forcing 5 turnovers on wsh hihaterz",Community_Discussion,Community_Discussion
"on september 3 2009, madonna's sticky and sweet world tour was named the highest grossing for a solo artist ever..",Community_Discussion,Community_Discussion
"why sami khedira is the piece ac milan are missing carlo ancelotti may not be coaching ac milan anymore, but ..",Community_Discussion,Community_Discussion
<user> hillary's aides say alot of things except the one taking the 5th. hillary2016,Community_Discussion,Community_Discussion
"also this multiple sources told me the red sox did confiscate signs in support of orsillo at fenway last monday, despite denial from sox.",Community_Discussion,Community_Discussion
okay time to attempt the zelda i's 2nd dungeon square! an a rank will net me a heart container for ruto.,Community_Discussion,Community_Discussion
<user> i saw your youtube vmware player tomorrow. does it allow you to operate freely within the virtual is instance? oracle vm didn't.,Community_Discussion,Community_Discussion
aaron brooks and marcus thornton combine to go 8 25 and we lose to the bulls by 6. everybody have a good thursday.,Community_Discussion,Community_Discussion
"<user> yes, kookie is the 2nd worst wrecker. jimin is the 1 bias wrecker. there's no one in kpop who's a bigger wrecker than him xd",Community_Discussion,Community_Discussion
"kobe nba lakers kobe bryant, lakers to make preseason returns monday vs. denver nuggets openfollow kbnews",Community_Discussion,Community_Discussion
"google's new logo may look like a preschool's sign, but it's also a fraction of the size of the old one serifprobs",Community_Discussion,Community_Discussion
is it me .. or is the amazon prime day .. sucks . i have yet to find a great better than black friday deal! damn i was excited too!,Community_Discussion,Community_Discussion
i want to go for dance on friday but it seems like i can't because it's nurses day on that and we can't skip it! nuu. hais.,Community_Discussion,Community_Discussion
i'm sorry she may be the queen but madonna is a bitch gogaga,Community_Discussion,Community_Discussion
really hope paul dunne has a good day tomorrow. fantastic player and great guy whatever happens tomorrow to lead the open is awesome!,Technical_Issues,Technical_Issues
2 thomas edison hs graduates will join 1st lady michelle obama's beating the odds summit bringing together 2015 college bound graduates,Community_Discussion,Community_Discussion
massive reception for paul dunne on the packed 18th. such a mature and composed head on such young shoulders. great round of 66. bbcgolf,Community_Discussion,Community_Discussion
<user> have you filmed jonathan ross yet?? can t wait to see it on sat! xx,Community_Discussion,Community_Discussion
"john cena vs seth rollins,the winner take all.. this sunday at summerslam..",Community_Discussion,Community_Discussion
<user> yeah your game against the ravens was a thursday night game. im sure you will pull for the giants these next 2 games,Community_Discussion,Community_Discussion
<user> <user> can t really remember but i think it was capello s 2nd and we started with 9 or 10 wins and ended with chimenti,Community_Discussion,Community_Discussion
again just like windows 8 <user> makes 10 w o the start menu their best customers want 3rd party app needed,Technical_Issues,Technical_Issues
<user> beautiful saturday morning listening to hot45sxm while getting ready for jason aldean and kenny chesney tonight,Community_Discussion,Community_Discussion
<user> thanks for your many tweets tonight milan. can't believe i was in the wrong place milansofficial . you made all fans so happy.,Technical_Issues,Technical_Issues
we re playing with jim white on tuesday! static on the radio por favor? via <user> <user> <user> dcshows,Community_Discussion,Community_Discussion
"lmfao hulk hogan really got fired on his day off. on a friday, man.",Community_Discussion,Community_Discussion
scott walker is going to dreamland tomorrow which is reason enough not to vote for him.,Community_Discussion,Community_Discussion
tonight dr. terrie hale scheckelhoff will be formally installed as the 11th head of school. welcome to the saints family <user>,Community_Discussion,Community_Discussion
guy i'm working with probably disappointed that i don't care he's going to see ac dc tomorrow,Technical_Issues,Technical_Issues
"whoa. dana white just said that if ronda rousey wins tomorrow, cyborg is next. superfight may be just a few months away",Community_Discussion,Community_Discussion
"this red sox team, this one, start over in may they win the pennant and good chance at world series ..go sox",Community_Discussion,Community_Discussion
<user> <user> aah. nokia used to make the best phone cameras ever. sadly i think those days may be past.,Community_Discussion,Community_Discussion
ritchie becomes father for the 3rd time while madonna was busy promoting her upcoming movie w.e. in venic..,Community_Discussion,Community_Discussion
does psplus automatically push save game data to the cloud? i think my ps4 may have died?? hoping i didn't lose my mgsvtpo save data..,Community_Discussion,Community_Discussion
coach brian kelly yelling hold the fucking ball after 4th quarter touchdown by folston nd,Technical_Issues,Technical_Issues
i may be miss pennsylvania but she's miss usa on yeet,Community_Discussion,Community_Discussion
"in today's guide i faff around the set of tfi friday, get drunk in its bar, chat with chris evans and accidentally sit on one of little mix",Feature_Feedback,Feature_Feedback
kim kardashian shows off her post baby body as she exposes her bra in a sheer on monday the 35 year old keepi..,Community_Discussion,Community_Discussion
on the 7 hour journey from uni to st.james park my real home. come on newcastle!! my 1st european night at sjp nufc brugge,Community_Discussion,Community_Discussion
<user> thanks i am! i saw the hollywood sign today!! and in disney i got to meet a really hot aladdin lol,Community_Discussion,Community_Discussion
going to see paper towns tonight or tomorrow night!! woohoo i can't wait!! thanks for writing the book <user>,Community_Discussion,Community_Discussion
"friday night lights at gca! gca vs. fca, tonight at 7 00 pm, home come out and fill the hill with red!",Community_Discussion,Community_Discussion
liverpool looking to activate demba ba s 7m buy out clause with andy carroll going the other way in january,Community_Discussion,Community_Discussion
good afternoon everyone it s monday afternoon and i m live on the airwaves of amfm till 4pm. hello and welcome to amy lee in the afternoon.,Community_Discussion,Community_Discussion
kim kardashian on the cover of rolling stone? it's the death of rock'n'roll .. the guardian,Community_Discussion,Community_Discussion
"grammy winner sam smith performing in concert starting in perth sat 28 nov, then right around the country finishing in brisbane sat 12 dec",Account_Security,Community_Discussion
it s tuesday. 8pm. i turn to abc family and it makes me sad to see there s no pretty little liars countingdown jan8 pllfanproblems,Technical_Issues,Technical_Issues
dustin johnson..the 1st hole? wow.. pgachampionship,Community_Discussion,Community_Discussion
josh hamilton hit a 2 run bomb in the top of the 10th and rangers fans probably thought it was over lmao,Community_Discussion,Community_Discussion
beyonce never made it to no 4th grade,Community_Discussion,Community_Discussion
rt <user> i copped the new straightstuntin today last issue.. dayum!! detroit models you know who to come to when u want to b ..,Feature_Feedback,Community_Discussion
desperation day february 13th the most well known day in all mens life.,Community_Discussion,Community_Discussion
rick perry may by a vineyard and retire so he can whine all day.,Community_Discussion,Community_Discussion
trayvon my daily tweet 9 09 in memory of trayvon martin killed 197 days ago. may you rest in peace praying and hoping for the family,Community_Discussion,Community_Discussion
<user> is thor's tipi at the xmas market outside m and s get them moving think it serves beer so they may run,Community_Discussion,Community_Discussion
<user> good luck sylvain with your media debut today and even more luck for the season and the game against spurs. comeonyoublues,Community_Discussion,Community_Discussion
v p nominee jaswant likely to meet jayalalithaa on august 6 some of our leaders are also in touch with .. india,Community_Discussion,Community_Discussion
"george bush doesn't care about black people kanye west, sept 2 2005 i have decided to run for president in 2020 kanye west, aug 30 2015",Community_Discussion,Community_Discussion
50 years ago tomorrow. really?? why the beatles' shea stadium show was even greater than you knew rolling stone,Community_Discussion,Community_Discussion
still tryna figure out why the hell hot jam is on a monday..,Community_Discussion,Community_Discussion
"this fandom's a mess omg, i wouldn't be surprise if tomorrow there's a trend who says niall's going to marry his cousin weknowthetruth",Community_Discussion,Community_Discussion
"she looks nice! it says she loves sleeping in on saturdays, college fb games, not acting her age, and good bbq mar that's eric church..",Community_Discussion,Community_Discussion
"follow our live raw play by play, or randy orton will rko you outta nowhere",Community_Discussion,Community_Discussion
david otunga says brock lesnar is the best athlete to ever come out of minnesota. i think we have the lead item for tomorrow's livecast.,Community_Discussion,Community_Discussion
oh goodie that game no one liked about the blind girl hits ps4 tomorrow.,Community_Discussion,Community_Discussion
jeb bush's ad blitz begins sept 15th in the early primary states. no poll movement by october? donors might squirm.,Feature_Feedback,Community_Discussion
kendrick lamar better be giving some shit away tomorrow at the compton christmas parade at least a tams gift card,Community_Discussion,Community_Discussion
<user> we had to pick dates for 2013 vacation days from work today. i took off the friday before st pattys. bg bewarethegolfcarts,Community_Discussion,Community_Discussion
who else thinks that the little things video that premieres november 2nd is gonna beat justin biebers record?,Community_Discussion,Community_Discussion
"i'm going to milan tomorrow, jen can you come out from nowhere let's meet x",Community_Discussion,Community_Discussion
this may be the happiest day of my life i m so proud of my ncs football brother you did something i never had a chance to do,Technical_Issues,Technical_Issues
from boko haram to the black sash the numbers issue of monday monthly is out.,Community_Discussion,Community_Discussion
ghost rider 2 is out on monday. ignore it.,Community_Discussion,Community_Discussion
"listen to the wind blow, watch the sun rise. fleetwood mac the chain studio version via <user>",Community_Discussion,Community_Discussion
the hateful westboro baptist church protested friday's foo fighters concert in kansas city . . . and the band..,Account_Security,Account_Security
<user> palestinian citizens of israel are treated as 3rd class citizens. you just proved that calling them arabs instead of israeli,Community_Discussion,Community_Discussion
<user> ah. you may survive it. york may have a word with you about it. he's a dick. a fucking 5's too short for his liking,Community_Discussion,Community_Discussion
would love to be going debs tomorrow but instead il go see paper towns with my mam,Community_Discussion,Community_Discussion
donald trump pledges 2 forgo a 3rd party run. while chris christie pledges never 2 run let alone jog as he sometimes forgets his nebulizer.,Community_Discussion,Community_Discussion
"no sir, i am not about to get on spc for hiring young eli to go out there and entertain them white folks on a monday night",Community_Discussion,Community_Discussion
"in french open qf, federer didn't break serve 1st time in slam match in 13 years. tonight he breaks for 1st time in his last return game.",Community_Discussion,Community_Discussion
more and more i listen to one of jason aldean's songs the more and more i want to go to his concert saturday,Community_Discussion,Community_Discussion
"now that a uk soldier has been arrested over bloody sunday, i hope all the ira, uda, ivf and other murderers will be rearrested",Community_Discussion,Community_Discussion
"live music news for brecon roachford playing <user> sun, sept 27 with the christians soul rnb",Community_Discussion,Community_Discussion
tom brady probably cheated his way to winning the 8th grade science fair smh,Community_Discussion,Community_Discussion
shows on the great white way were cancelled sunday and monday and radio city music hall al,Community_Discussion,Community_Discussion
monday's daily cask is india pale ale with cascades,Community_Discussion,Community_Discussion
"the whole wac12 smack makes me feel like the spoiled rich kid, may be driving dad's bentley.. but still driving a bentley.",Community_Discussion,Community_Discussion
"david duval, who needed to birdie the 18th last night just to get qualify for the weekend, is now only two shots behind dustin johnson.",Community_Discussion,Community_Discussion
"<user> <user> <user> when it's russia involved, it's may . when israel is involved, it's has . well done amnesty for simplicity",Community_Discussion,Community_Discussion
so gutted i can't see fort minor in london on the 8th as i'm already seeing foo fighters,Community_Discussion,Community_Discussion
"real madrid first bid for ddg, was on monday shows dy neva want him seriously and dy sign some players and leave ddg late <user>",Community_Discussion,Community_Discussion
chris christie thinks talk of the 4th amendment is hot air ? he puts the big in big brother.,Community_Discussion,Community_Discussion
tomorrow kicks off muslim awareness week! come to our first event tomorrow at 11 00 a.m. the brown bag on islam.,Community_Discussion,Community_Discussion
tiger memon rang up family on july 30 before yakub's hanging told his mother that he will take revenge cowardtigermemon,Community_Discussion,Community_Discussion
"flying around the world for free sounds great, but this rolling stone profile may make you change your mind.",Community_Discussion,Community_Discussion
double eviction night tomorrow! a week of big brother in just one night! gotta see it tomorrow! bb17,Community_Discussion,Community_Discussion
crazy in love by beyonce feat. jay z was no.2 in the uk charts on 2 august 2003,Community_Discussion,Community_Discussion
putting in my 2 weeks at ihop tomorrow but probably gonna get fired for it bc my manager is insane. oh well.,Community_Discussion,Community_Discussion
it s our 6th birthday!! reggie your the best partner ever!! we would like to thank all of our brides who..,Community_Discussion,Community_Discussion
"i knew thor would get the job done. matz on tomorrow, offense seems to be waking up, let's go mets!! lgm",Community_Discussion,Community_Discussion
i seriously may be the only person who doesn t like madonna,Community_Discussion,Community_Discussion
you can measure rousey's fight in vines. that last fight was about 5 and 2 3rd vines. <user>,Community_Discussion,Community_Discussion
how can tony blair get invited at 'remembrance' sunday and there was no invite for the merchant navy by david cameron ? 'disgusting'!,Community_Discussion,Community_Discussion
janet jackson opens her tour rogers arena on aug 31 spin magazine just released a sample of her latest single single,Community_Discussion,Community_Discussion
have you seen <user> friday night lights? our service powered all of the live streaming updates. read more,Technical_Issues,Technical_Issues
i wish i was going to metlife tonight but i'm not upset about it cause i'm going to baltimore on saturday..,Community_Discussion,Community_Discussion
<user> could this be islam's 5th column? very few women and children in any of the photos we see.,Community_Discussion,Community_Discussion
<user> issuing notices to channels fr cntent arnd yakub's hangng that yr govt may not agree with is unjustified,Feature_Feedback,Community_Discussion
"the normal wednesday trash pick up has been pushed to thursday this week due to labor day holiday. so, if you..",Community_Discussion,Community_Discussion
"<user> <user> just booking my tickets for thursday night but i am spoilt for choice, enough seats left to get in with milan!",Community_Discussion,Community_Discussion
can it be sunday already. i can't wait to see cam newton destroy the packers. sorry <user> lol,Community_Discussion,Community_Discussion
monday on csn white sox return home for series with red sox,Community_Discussion,Community_Discussion
"..i know the sexy pick for nl roty is kris bryant .257 16 66 1st rd., but matt duffy? .310 10 59 18th rd. ..duffy has more hits overall..",Community_Discussion,Community_Discussion
<user> then he makes his first career field goal for edmonton on november 1. what a year.,Community_Discussion,Community_Discussion
it is confirmed that briana will give birth on april 1st.,Community_Discussion,Community_Discussion
morning everyone!! starting off our tuesday we have.. bee gees with i don't wanna be the one,Community_Discussion,Community_Discussion
ben sollee with luke and jordan lit up the cactus cafe last night. can't wait to see them gsdm tomorrow.,Community_Discussion,Community_Discussion
soul train party oct 27 perform by t.dot all stars..drell many more new kids on the block taking over t.dot <url>,Community_Discussion,Community_Discussion
yo me and sarah found the really attractive security man we saw at the sam smith concert last monday. let's not,Community_Discussion,Community_Discussion
"left over halloween candy is probably past it's expiration, right? that's what i'll tell my kids when they see the empty wrappers tomorrow.",Technical_Issues,Community_Discussion
tom brady a free man there are parades in the streets of new england! historians are saying thursday septemb..,Community_Discussion,Community_Discussion
"when obama sat down and began considering allowing gay marriage,he was not all in for it,it troubled him",Technical_Issues,Technical_Issues
watching valentine s day for the 3rd time in a row..haha,Community_Discussion,Community_Discussion
<user> same hur we ll figure it out in yearbook tomorrow<3,Community_Discussion,Community_Discussion
<user> bummed we don't get to see arrow until saturday because of the chicago bulls game.,Community_Discussion,Community_Discussion
it was a nice experience sharing some insights on peace n notably the boko haram story with young men and women last wednesday in cameroon.,Community_Discussion,Community_Discussion
the worst the girl stabbed in the pride parade has died,Community_Discussion,Community_Discussion
dj mix n match spinning live to air with z103.5 this wednesday october 31st at city nightclub!,Community_Discussion,Community_Discussion
"ryan braun failed me friday, failed me saturday.. i went back to him today amp he came through. short term memory is key in mlb dfs",Community_Discussion,Community_Discussion
pride parade is on the 20th next month..let's hope i don't end up in the hospital again,Community_Discussion,Community_Discussion
having the ny marathon on sunday is like having a parade in raccoon city right after the t virus went airborne.,Community_Discussion,Community_Discussion
i may have just bought the kimoji app for 1.99 just so i could text kim kardashian's ugly crying face.,Technical_Issues,Technical_Issues
"breaking ian thorpe steps out with confidence, papped for the 1st time since revealing he's gay at <user>",Technical_Issues,Community_Discussion
people said i was dumb for picking arian foster with my first pick..which was the 11th pick. he's the 5th best rb so far,Community_Discussion,Community_Discussion
"<user> i go to sleep tomorrow i wanna see 'zayn malik follow you back', pls all the love is always xx",Community_Discussion,Community_Discussion
"sigh, my apple watch just informed me time to stand literally right after i sat down after walking to get a cup of coffee.",Technical_Issues,Technical_Issues
there's this scene in the 2nd season of naruto where sasuke says what's up and i laugh so hard every time,Community_Discussion,Community_Discussion
photo thesejulez this is what 4th of july is really about. when gaga and beyonce posioned all those..,Community_Discussion,Community_Discussion
tim tebow may have you beat <user> i think i might be the most famous dude that still jacks off.,Community_Discussion,Community_Discussion
"oracle cso numbers, security hygiene and fixes at the same time",Community_Discussion,Community_Discussion
"dear lovely christians, i wish to inform you, tomorrow we got one mass 10am as we'll be submitting our parish family day collection!",Community_Discussion,Community_Discussion
"most people may hate john cena, but i think that man is hilarious on the mic <user> <user>",Community_Discussion,Community_Discussion
rick perry has stopped paying staff amp rumors of rand paul implosion are everywhere. are these the 1st 2 out?,Community_Discussion,Community_Discussion
we should have listened to zayn about the 21st of august,Community_Discussion,Community_Discussion
<user> the surprise genderbent release to celebrate twilight's 10th anniversary. the one that reinforced gender stereotypes..,Community_Discussion,Community_Discussion
there are some great opportunities for young people at the moment.. journals at splash dance 8 july 2 3pm..,Community_Discussion,Community_Discussion
karimozena presidential hopeful kanye west is performing at the hollywoodbowl on september 25,Community_Discussion,Community_Discussion
<user> bulls season tips off wednesday night vs sacramento kings. excited is not the word. frustrated is the right one..,Community_Discussion,Community_Discussion
victor cruz is happy about his contract negotiations with the giants. tuesday on his weekl,Technical_Issues,Technical_Issues
next monday vampire diaries are back! watch it very happy now,Technical_Issues,Technical_Issues
"super eagles coach, sunday oliseh has revealed that chelsea midfielder, john mikel obi was left out of the 18 man..",Community_Discussion,Community_Discussion
david wright played the full nine innings at 3b for st. lucie today. he went 3 for 4 with a run scored. he is expected to return monday.,Community_Discussion,Community_Discussion
<user> <user> i m guessing the night of the 16th is gonna work the best. invited you and nick on fb.,Community_Discussion,Community_Discussion
<user> no problem. are you going to be at the rising stars game on saturday?,Community_Discussion,Community_Discussion
<user> ugh right i sat right back down. woulda been so great to beat the red sox with a grand slam..,Technical_Issues,Technical_Issues
i may or may not want a mariah carey cake on my birthday. it'll be a surprise if i get one.,Community_Discussion,Community_Discussion
ay <user> u should go 2 the ufc fight in november when <user> detroys dos santos.. mexico vs. brazil!. what u think?,Community_Discussion,Community_Discussion
<user> it's why i love tennis. one minute looks like murray is down and out. next minute anything is possible! c'mon <user>,Technical_Issues,Technical_Issues
we are having a sunday worship event today at 11 00am in the matthews suite! come enjoy the lord with us and connect with other christians!,Feature_Feedback,Community_Discussion
"wait, who's that running into the debate? it's.. it's hulk hogan as the 18th candidate! and he just clobbered jeb with a chair gopdebate",Community_Discussion,Community_Discussion
"tim chaisson is heading out on an australian tour with his first stop in newcastle, nsw on the 13th. his new tour..",Community_Discussion,Community_Discussion
"daytona with my boyfriend and friends during march break, i'm excited!",Community_Discussion,Community_Discussion
"<user> ok, then i probably watched that one too. i remember ric flair. i loved the monday night wars.",Community_Discussion,Community_Discussion
"soo.. we think you whovians may have just crashed the people s choice awards site. doctorwho or,..",Technical_Issues,Community_Discussion
man i really wanna see luffy go 4th gear and fuck i hope naruto isnt another flash back i give 0 fucks about ur pass atm just fight damn,Community_Discussion,Community_Discussion
why oh why does toronto's nuit blanche have to be the same night as a wedding i have to attend?!? snbto,Feature_Feedback,Community_Discussion
"<user> <user> small words ms curtis, he's still a 4th grader mentally",Community_Discussion,Community_Discussion
"google may have thrown in the social media towel, but it still has great features. here's 6! via <user>",Feature_Feedback,Feature_Feedback
<user> <user> ..lefraud can not carry his team in dah 4th qtr!! we ve seen it time an again! he looks for miller and chalmers..etc!,Community_Discussion,Community_Discussion
"<user> <user> kpop is a whole music genre. it's actually very popular.you may not know what it is, but tons of other people do",Community_Discussion,Community_Discussion
from the time i dropped off mar'i to the time i got home i blasted justin bieber amp i have no shame,Community_Discussion,Community_Discussion
funfacts about arlene foster 1st dup leader to have been involved in an ira bomb. 1st dup leader to hail from west of the bann.,Account_Security,Account_Security
"amazing!! we may not have won the 2nd game, but it was hard fought the sold out bca was rockin! proudtobeatiger",Community_Discussion,Community_Discussion
west should be ashamed of alliance with erdogan who from july 24 is exterminating the kurdish people! kurds ypg,Community_Discussion,Community_Discussion
i had such a great time tonight that i ve decided to keep celebrating! join me at volare this wed and thurs! bring your food donation!,Community_Discussion,Community_Discussion
tomorrow cacao is being delivered along with star wars little golden books and i get to finally play armello on ps4! is it tuesday yet?,Community_Discussion,Community_Discussion
its done! my brother just got married..we turnin up at jett lounge tonight and at grannys house tomorrow,Community_Discussion,Community_Discussion
<user> baby girl u r the true wonder woman!! u should fight floyd mayweather next. be the 1st time he'd run from a woman!,Community_Discussion,Community_Discussion
"the last known person on planet earth to own a nokia button phone, my mother, got an iphone on friday. a 73 yo played with spotify today.",Feature_Feedback,Technical_Issues
caught up on true blood!! i love it.. now time for bed! night peeps.. be safe tonight !!,Community_Discussion,Community_Discussion
power is cancelled tomorrow due to lack of hustle..deal with it sandy heavyweights,Community_Discussion,Community_Discussion
first lady michelle obama is a elegant and classy 1st lady who presence touch the heart of us all lovemypresident amp firstlady <user>,Community_Discussion,Community_Discussion
come out to the bentley trade show tomorrow. it'll be a rainy day so this is the perfect event for you. i have..,Community_Discussion,Community_Discussion
"jan with the new cat at royal,star and garter solihull",Community_Discussion,Community_Discussion
"man, i m sorry for the death of mr.mitch lucker. may he rest in peace.",Community_Discussion,Community_Discussion
going to my first game at fenway on tuesday.. why not a red sox hat with bs colors?,Community_Discussion,Community_Discussion
i just booked that ice cube said 'bye felicia' in friday which he wrote and he his son says it in straight outta compton.. clever,Community_Discussion,Community_Discussion
<user> i may not be a fan of kpop but this is definitely racist what <user> said just to clarify,Community_Discussion,Community_Discussion
"speaking of chris jericho, it is wednesday today is it not? time for some catching up on wrestling.",Community_Discussion,Community_Discussion
<user> <user> oml so this just happend 1st time ever but love you guys and calibraska is bae asf,Technical_Issues,Technical_Issues
dont forget bjj tomorrow night with curtis last round of promotions coming so train hard,Community_Discussion,Community_Discussion
you know what's tomorrow is phoenix? sam smith concert. you know who isn't going? this lemon,Community_Discussion,Community_Discussion
this is the 2nd time caitlyn jenner has committed manslaughter brucejenner,Community_Discussion,Community_Discussion
i want to sleep but briana loves typing like there's no freaking tomorrow,Community_Discussion,Community_Discussion
"learnt a valuable lesson on saturday. when your in oldham and you tell the the taxi driver to take you to town, he won t think you mean mcr!",Community_Discussion,Community_Discussion
"eden hazard on the bench for the blues ahead of united saturday, no english team has ever won in donetsk",Community_Discussion,Community_Discussion
just walked past a girl throwing her guts up outside a bus stop.. average monday night in shotton.,Community_Discussion,Community_Discussion
"<user> note about rodgers having 0 comebacks after trailing by 9 in 2nd half, flynn had 2 wins amp a tie last yr w gb in same sit",Community_Discussion,Community_Discussion
"what is with august 9?? bernie mac, isaac hayes and now frank gifford all passed away on august 9.",Community_Discussion,Community_Discussion
<user> on the tv it said nikon was closed tomorrow ten it disappeared..but did we have english hw?,Technical_Issues,Technical_Issues
down to eugene to see the grateful dead david gans vibetribe vibes20 friday greenvibesstage,Technical_Issues,Technical_Issues
heading into this sunday im in trouble at the te spot vernon davis is on the bye fred davis is on ir and finley is q able,Community_Discussion,Community_Discussion
aye yo add me on snapchat because im going to be snapchatting everything tomorrow at digi nicoletrevino63,Community_Discussion,Community_Discussion
<user> i don't know what is going on with your phone but what's going on tomorrow for hype park?,Community_Discussion,Community_Discussion
"was going to play da but man i'm so fucking tired i may just go the fuck to bed. but twilight is up to 22k, yay",Community_Discussion,Community_Discussion
"85 schools closed and nearly 120,00 students affected by boko haram attacks with ur we can do more for them <user>",Community_Discussion,Community_Discussion
"my mom makes tacos every thursday, and it gets gross, why can't we have taco bell?",Community_Discussion,Community_Discussion
"zayn? jlo? madonna? selena? jlo? if we are talking iconic instagrams.. kylie,gigi,kendal even bieber make sense",Community_Discussion,Community_Discussion
can't wait to see the ipad plus .. apple appleevent timcook,Technical_Issues,Technical_Issues
zombies devour vmas on mtv as 'fear the walking dead' returns strong kanye west may have sucked all the air o..,Community_Discussion,Community_Discussion
"<user> <user> <user> kendrick had the best album, coles was 2nd",Community_Discussion,Community_Discussion
schedule tomorrow relax next day 0.12.1 on ios also 1st day of school next day die.,Community_Discussion,Community_Discussion
"one of the best promo i've seen in years. brock lesnar confronts the undertaker raw, july 20, 2015 via <user>",Community_Discussion,Community_Discussion
"keep in mind, hillary's initial refusal to apologize wasn't off the cuff. it came after months of scrutiny.",Community_Discussion,Community_Discussion
1st match of the night randy orton vs. sheamus. let's get it on! summerslam wwenetwork wwebrooklyn randyorton sheamus,Community_Discussion,Community_Discussion
steve jobs and dr. king on the same level?!?! nah.. c mon kanye..,Community_Discussion,Community_Discussion
news alert westindies players to fly back on their own expense after the 4th odi in dharamsala. <user> indvswi,Community_Discussion,Community_Discussion
caitlyn jenner may be going to jail for killing that chick caitlyn jenner leaving the nice guy nightclub in w..,Community_Discussion,Community_Discussion
<user> the pm or anyone in the world may say that islam has nothing to do with terrorism but can u honestly accept it ur self ?,Community_Discussion,Community_Discussion
world should appreciate incredible restraint israel is showing in the face of repeated attacks against its citizens!,Technical_Issues,Technical_Issues
niall's little interviews were the highlight of this video not gonna lie,Community_Discussion,Community_Discussion
"wrap up broncos 34, saints 14 thoughts on the new orleans saints' 34 14 loss to the denver broncos on sunday ..",Community_Discussion,Community_Discussion
"i may not be a lot of things, but i can write songs and i can sing. lady gaga just showed the world that she fucking owns herself. yes.",Community_Discussion,Community_Discussion
"remember the sun newspaper supports this tory government, it supported tony blair's government. it is an insult to us all. vote corbyn",Community_Discussion,Community_Discussion
trying to go watch milan at least 3 times a season now may as well spend my money on something i will enjoy never know what round the corner,Community_Discussion,Community_Discussion
really bored of this host on super sunday doing nothing but talk and rave about man utd biasprick,Community_Discussion,Community_Discussion
<user> <user> if the comment was in reference to the 'charlie hebdo' violent attack in january it is no less repugnant. in my opinion,Community_Discussion,Community_Discussion
"news alarm matt adams 1b stl matt adams went 1 for 3 with a home run, a walk, and an rbi on thursday in game 5 of the nlcs.",Community_Discussion,Community_Discussion
'gucci' appeared on thursday 3 at the 9th place in the top20 of memphis's trends trndnl,Technical_Issues,Technical_Issues
going to a red sox game tomorrow even though im a yankee fan its fine,Community_Discussion,Community_Discussion
one of the summer's biggest questions when did we start acting like jurassic park was an all time classic and not 2nd tier spielberg?,Community_Discussion,Community_Discussion
"hi new york peeps. did you know that you can see oracle, summon the apgrod and a whole host of other altgames at <user> on the 10th?",Community_Discussion,Community_Discussion
the worst part about hhn25 being over may actually be that tonight was the last time i'll see thor and captain america's abs. billandted,Community_Discussion,Community_Discussion
"again, shekau absent in new boko haram video the military said on sunday that it had freed 178 people held ca..",Community_Discussion,Community_Discussion
"on this day kast year the 2nd team beat lechlade 2s by 8 wickets, ayman mohammed starring with 4 wickets and 49 not out.",Community_Discussion,Community_Discussion
<user> <user> any thoughts on lough erne on friday? looks like my only day off before christmas puttingitoutthere,Community_Discussion,Community_Discussion
"come on kane, i have put you on my squad for 3 gameweek. hahahah. and i will give you 4th,and 5th chance to prove.",Community_Discussion,Community_Discussion
i tried to snap the chris brown concert saturday but they didn't all post. they on ig though.,Community_Discussion,Community_Discussion
"austin rivers needs to get stronger, spurs guards muscling him tonight. he started and just now scored in 4th. hornets",Community_Discussion,Community_Discussion
"at some point tomorrow morning afternoon, the nhl will can the winter classic, and effectively the entire season. is it march madness yet?",Community_Discussion,Community_Discussion
anyone need a ticket for sunday the 13th's white sox game?? potential k zone game. 15 if interested.,Community_Discussion,Community_Discussion
attn runway class for tonight nov 1st is cancelled. sorry for the inconvenience. it will be rescheduled for next..,Community_Discussion,Community_Discussion
"brewers ryan braun homers in 1st, brewers blanked rest of the way in 4 1 loss to cubs 8th l in last 10 games chcvsmil",Community_Discussion,Community_Discussion
"john kasich, a powder blue republican, perfect for the sunday talk shows.",Community_Discussion,Community_Discussion
things i have learned since oct 1 people are still very bitter about gilmore girls.,Community_Discussion,Community_Discussion
check out siri on the iphone 6s may be always listening for your voice,Community_Discussion,Community_Discussion
"icymi the afhs labor day sale has been extended, but don't wait it absolutely ends monday! thisishome",Community_Discussion,Community_Discussion
if i can change my schedule right now im gucci so i wont have to worry about tomorrow when i see her,Community_Discussion,Community_Discussion
dustin johnson dealt with another major disappointment after shooting 3 amp going from leading after 2 at 10 to being tied for 22nd amp at 7,Technical_Issues,Technical_Issues
i wish nicki would have flew across the stage and slapped that hoe !,Technical_Issues,Technical_Issues
rahul gandhi at the 31st plenary session of indian national trade union congress intuc in delhi rgwithworkers,Community_Discussion,Community_Discussion
mamedyarov beats nakamura in the 7th round of the london grand prix. what a game!,Community_Discussion,Community_Discussion
chandy rules out ban on toddy chief minister oommen chandy said here on wednesday that the government was not i..,Account_Security,Community_Discussion
shahbaz humayun to iran shia read 1st kalma of muslim or announce you are not muslims or else iran and all shia..,Community_Discussion,Community_Discussion
"he walks away, the sun goes down, it takes the day but i'm grown hottieoftheweek demi lovato",Technical_Issues,Technical_Issues
am i the only one who doesn't care that floyd mayweather is fighting again on september 12th against andre berto..,Community_Discussion,Community_Discussion
"first nate dogg's son get's the boot from uw football, now snoop dogg's son leaves ucla .",Community_Discussion,Community_Discussion
i'm excited to see sam smith on saturday with loml <user>,Community_Discussion,Community_Discussion
rousey vs holm moved to nov. 14 in australia. the ufc is going for their attendance record.,Community_Discussion,Community_Discussion
im going home and throwing this up.. my diet starts tomorrow. <user>,Community_Discussion,Community_Discussion
"going to healthy kids day cover the kids .. at boys girls club teichert branch on sat, nov 3",Community_Discussion,Community_Discussion
"rt <user> <user> <user> either of you la guys going to summerslam on sunday? i'll be around, but not at the show.",Community_Discussion,Community_Discussion
finna hit the grammys tomorrow then ima finna go thug it with <user> live in my stomping grounds in the ie! grittygrindn,Community_Discussion,Community_Discussion
"breaking news bobby, chloe jasmine amp stevie, gail and chris all face eviction from the celebrity big brother house on tuesday cbb cbbots",Community_Discussion,Community_Discussion
"<url> trump at it again, this time the target fellow candidate carly fiorina",Community_Discussion,Community_Discussion
<user> <user> hahaha i'm going with my cousin to meet her at westfield parramatta tomorrow so i'll buy it then pumped!,Community_Discussion,Community_Discussion
"sadly the fair at splash dance on sunday has been cancelled due to flooding, but you can still get your fix of..",Community_Discussion,Community_Discussion
fleetwood mac very well may be one of the best bands in history.,Account_Security,Account_Security
"jesse jackson, in gso , says he s headed to sanford fla, where trayvon martin was killed, saturday night.",Community_Discussion,Community_Discussion
aussie share market set to open 2 pct lower monday shake it off says amp economist? more like bad blood taylorswift fx auspol,Community_Discussion,Community_Discussion
i'm absolutely skint til payday next friday. this all stems from being paid the day i went to leeds festival.,Community_Discussion,Community_Discussion
"reserve your spot for our next party camp! programming amp video creation with minecraft! starting aug 31, grades 1 3",Community_Discussion,Community_Discussion
wtf!! frank ocean's album has been out since june 30th and i'm just finding out!! how??,Community_Discussion,Community_Discussion
"<user> i married a former miss. colorado, 2nd runner up miss america, she could not be more excited to see her state flip right!",Community_Discussion,Community_Discussion
stoops admits he wouldn't believe they'd be 2nd in the country in interceptions. i gotta be honest there.,Community_Discussion,Community_Discussion
tomorrow yoga practice is about connecting with our third eye! new soundtrack too!! reveilleyogastudio riversideyoga,Community_Discussion,Community_Discussion
<user> i still have my original newfangled ipod. maybe i'll bring it to the game on monday.,Community_Discussion,Community_Discussion
chris brown for the 5th touchdown of the night!! 38 3 goirish,Technical_Issues,Technical_Issues
"my column on why tom brady speaking sunday did wonders for everyone, including himself. onto the steelers weei ..",Community_Discussion,Community_Discussion
i can grantee you that niall and camila are not dating. i mean you don't just ask a girl out randomly at a concert when you sat her once.,Community_Discussion,Community_Discussion
ladies if your in las vegas come to the splash dance party with me tomorrow night at <user> your bikini it's about to get wet,Community_Discussion,Community_Discussion
rt <user> britney lady gaga's here tonight. me what? watches gaga the rest of the night me who's concert was that ? i ..,Community_Discussion,Community_Discussion
"<user> with this sweet and sudden u turn frin israel, don't we all understand how the term doenmeah was coined in the 1st place?",Community_Discussion,Community_Discussion
the storm will be moving inland to cny tomorrow. that s when i ll get worried about my family. living right on oneida lake.,Community_Discussion,Community_Discussion
we re thrilled that grandpa s workshop is a main feature in the education category of the app store for a 2nd week!,Technical_Issues,Technical_Issues
olivia jordan is the 2nd american woman to hold the title of both miss world america and miss usa,Community_Discussion,Community_Discussion
i need to figure out what shoes im going to buy tomorrow nike or adidas superstar bc my brother has one and i want to have it too,Community_Discussion,Community_Discussion
"kanye west may not be our next potus, but regardless of whether he lands in the white house or not, chelsea..",Community_Discussion,Community_Discussion
i just don't wanna miss anything it sucks waking up and realising that zayn came back to 1d and the 5th album is out.,Community_Discussion,Community_Discussion
anybody want to pick me up at lax on november 20 ? haha,Community_Discussion,Community_Discussion
star wars day is tomorrow!! super jealous of everyone who has already seen it is seeing it tonight but work decided this for me,Community_Discussion,Community_Discussion
david wright will play in his 1st game since april 14. wright sat out after being diagnosed with spinal stenosis.,Community_Discussion,Community_Discussion
"quote we must fight the evil trio of america, israel amp india.suicide missions are in accordance with islam. email published 23 august 2010",Feature_Feedback,Community_Discussion
<user> i didn t see him but i live in california and he came to my city on monday but before my local radio station was giving,Community_Discussion,Community_Discussion
just realized i don't miss you that much. the sun is out. nothing is better than today. i have reached nirvana. i think i need to pee.,Community_Discussion,Community_Discussion
"and the war will result from islam, sad but true, islam is no religion of peace, may b religion of pieces of shit",Community_Discussion,Community_Discussion
"four players remain merson 86.4m, sylvia 63.5m, balsiger 30.9m, thomas 17.2m. one more bustout tonight and the final three return tuesday.",Community_Discussion,Community_Discussion
the new super eagles goalkeeper is the reason i'm watching this game. he is so super cute. tanzania'a sun is too hot for him abeg.,Community_Discussion,Community_Discussion
<user> jeb bush's 1st name is not jeb. it is john. let's be accurate with news reporting.,Community_Discussion,Community_Discussion
we'll see if it's any good bbc's new top gear with chris evans debuts may 8,Community_Discussion,Community_Discussion
"<user> no, just no. this is after the charlie hebdo massacre.. in january.",Community_Discussion,Community_Discussion
"bad blood is 1 at pop radio for a 6th week! to celebrate, i'll be posting behind the scenes videos <user>",Community_Discussion,Community_Discussion
<user> <user> at least dustin johnson knows how to party which is why i'm guessing he falls apart by sunday after his weekend out,Community_Discussion,Community_Discussion
<user> <user> <user> <user> i think that the 2nd place on melodifestivalen gives the points on eurovision!,Community_Discussion,Community_Discussion
photo understanding the basics of google plus you may have heard people speaking about google . it is in..,Community_Discussion,Community_Discussion
<user> <user> may have always been israel but no reason zionists had to kill for it.,Community_Discussion,Community_Discussion
3rd week of cfb rankings done.. i want to know what you guys like dislike about them. what should i add? any other comments? email tweet me!,Community_Discussion,Community_Discussion
<user> obama is weak because he could have done it alone with the 14th ammendment when he knew that congress would block it.,Community_Discussion,Community_Discussion
tomorrow don't miss the party at baru brickell doral i'm working in doral see you..don't forget you halloween costume..,Community_Discussion,Community_Discussion
peyton manning uganda jordan farmar i can take it papi,Community_Discussion,Community_Discussion
<user> donald trump will tilt the planet away from the sun. it'll be marvelous and you're gonna love it.,Community_Discussion,Community_Discussion
david price is gonna be hellafun every 5th day.,Community_Discussion,Community_Discussion
safe travels to my bearcats as they travel to topeka for their game with washburn tomorrow <user> <user> <user> <user>,Community_Discussion,Community_Discussion
"may the force touch be with you, apple. unleash that monster ipad. come on! appleevent",Technical_Issues,Technical_Issues
<user> will he be able to perform on a cold summers day at bolton on sunday?? probably..,Community_Discussion,Community_Discussion
"sprint getting samsung galaxy tab 2 10.1 with lte support, on november 11th phonearena",Community_Discussion,Community_Discussion
2nd half when it really mattered them dublin players decided they were winning amp that was that. kerry are getting embarrassed in 2 weeks!,Community_Discussion,Community_Discussion
oh just drinking a westy on a monday night listening to some nirvana. maternityleave,Community_Discussion,Community_Discussion
"yo, if you paid 57 77 to go see eric church at the state fair..may the lord have mercy on your souls.",Community_Discussion,Community_Discussion
actually praying calibraska comes out at midnight so i can buy it and listen before i have work tomorrow.,Community_Discussion,Community_Discussion
directioners!! now we have to prove that we are a big family!! on friday released video for the song little things,Community_Discussion,Community_Discussion
"yes. it may have ruined my social life, but i don't regret finding out about shawn one bit.",Feature_Feedback,Feature_Feedback
god..we get that mad man preview and now the boys are on radio 1.. happy november 1st to the twfanmily,Technical_Issues,Technical_Issues
dr. mohamed morsi announced as egypt s 1st elected president after the glorious 25th of jan revolution. congratulations to egypt!,Community_Discussion,Community_Discussion
<user> i'm so tired of you dressing like you ain't got no money. you went from wearing gucci loafers to 6th grade boy sketchers.,Community_Discussion,Community_Discussion
<user> and barely any news about it. here is what they did little media coverage compared to charlie hebdo,Community_Discussion,Community_Discussion
saw straight outta compton..and i didn't know ice cube wrote the script for friday!,Community_Discussion,Community_Discussion
thank you to all the awesome people who supported the cast tonight! game of thrones is amazing! might have a suprise game tomorrow.,Community_Discussion,Community_Discussion
i go on channel 7 to see what the weather is gonna be like tomorrow and taylor swift singing.. eeww getoffmytv,Community_Discussion,Community_Discussion
"kurt may have been drugged again with rohypnol, possibly in the root beer can found at the scene. after he was incapacitated, the murderer",Community_Discussion,Community_Discussion
"happy eid mubarak dear all friends. may the blessings of allah be with you today, tomorrow and always. happy eid..",Technical_Issues,Technical_Issues
true story munibond sales guy was freaking out amp wanting to liquidate his ira at depths in aug sep talked him out of it for the most part,Feature_Feedback,Community_Discussion
<user> why is the game evolve only available until monday on the xbox one? why don't you just give it to us for free?,Community_Discussion,Community_Discussion
"nicki is truly a loving and forgiving god, may we all show the same mercy she has shown to taylor to those who have wronged us. amen.",Community_Discussion,Community_Discussion
i have loads to tell you guys that will make yall super proud but i'm using my ipod now and it's super laggy so i'll tell later or tomorrow,Community_Discussion,Community_Discussion
gucci bags them sealed book june get the identical yours item toward joining versus journeyman sparking khvoakmlb,Community_Discussion,Community_Discussion
"found it! evanescence live rock im park in germany were to have streamed live today, but they performed on friday.",Community_Discussion,Community_Discussion
<user> <user> de labore solis he is the last pope for the prophecy ! the sun amp our gods come back !,Community_Discussion,Community_Discussion
reports in nigeria say as many as 60 people may have been killed after a raid on a village in the north east by boko haram militants.,Community_Discussion,Community_Discussion
<user> the congrats one? thanks btw. we race at lvms in sept and nov. not sure if i'll do the september one though,Community_Discussion,Community_Discussion
"dunkin' save for america's got talent is open. agt dunkinsave i saved gary, may the odds be ever in you favor",Community_Discussion,Community_Discussion
big if and chuck norris only knows it assuming if you have an idea tomorrow is going to be an up day,Community_Discussion,Community_Discussion
ha! <user> almost made it through the 1st hour w o making a stupid comment about muslims or kissing chomsky's ass almost! tytlive,Community_Discussion,Community_Discussion
it s not a real wednesday morning if there isnt a guy at the trolley stop throwing up into the creek.. margarita day got em,Community_Discussion,Community_Discussion
why do i feel like i'm falling in love with kendrick for a 3rd time? this is weird. the dude just seems so happy and finally at peace.,Technical_Issues,Technical_Issues
hidind the scars from all the kids at the ogt's tomorrow will be hard.. sigh ',Community_Discussion,Community_Discussion
"in 4 <user> on <user> 80's saturday night. there will be david bowie, motley crue amp christopher cross so it's obviously awesome.",Community_Discussion,Community_Discussion
happy taco tuesday rogue tavern! fried shrimp crawfish with homemade guacamole or pulled roasted chicken w ..,Technical_Issues,Technical_Issues
ed woodward already preparing for real madrid's bid for david de gea in the january transfer window. mufc,Community_Discussion,Community_Discussion
<user> if all of the kpop fans came after 1d people will wake up tomorrow and be like who is 1d?,Community_Discussion,Community_Discussion
can't wait to stay with kayla and levi tomorrow night.,Community_Discussion,Community_Discussion
i am so confused by this david bowie musical. is it really done forever after jan 20th? or will it be back for a full run??,Community_Discussion,Community_Discussion
i can't wait for the <user> cinderalla collection! i know what i'm doing on friday pay day !,Community_Discussion,Community_Discussion
no amount of effort can save you from oblivion. kurt cobain montageofheck aug 7,Community_Discussion,Community_Discussion
lord <user> and i killed the floor friday when bad blood came on!,Community_Discussion,Community_Discussion
"<user> if spurs complete deals for dempsey and moutniho omd! add that to the players they have, they may be better lool cant believe it",Community_Discussion,Community_Discussion
<user> set of skills. skills that may make me a pleasure for a woman like you. i won't go floyd mayweather on you but i will fornicate,Community_Discussion,Community_Discussion
ghost rider 2 is pretty shit.. i liked the 1st one in all honesty but the 2nd is badly directed.. the shaky camera style is disorientating,Community_Discussion,Community_Discussion
"murray wins 3rd set tie break to get back into the game, anderson leads 2 set to 1 gb sa usopen",Community_Discussion,Community_Discussion
<user> omg i can't use my credit card reward points on preorders and it's not available on amazon until the 18th can u wait?,Community_Discussion,Community_Discussion
"boom! winner! white sox vs. royals over 8.5 10 units buy 3 day package, get labor day monday free! save 50!",Community_Discussion,Community_Discussion
<user> tiger woods is awful. luckily for him his terrible golf is only going to be seen on tgc today and not cbs where everyone can see.,Community_Discussion,Community_Discussion
galaxy note 5 leaks s6 style plus pop out pen released on aus on the 14th,Community_Discussion,Community_Discussion
i may have just renewed my netflix because i wanted to rewatch once upon a time,Community_Discussion,Community_Discussion
sat here watching celebrity juice again 3rd time today with my mum.,Feature_Feedback,Feature_Feedback
"<user> do you n <user> fany stamford on sat? lou is coming, get eddy involved aswell! <user> is doing her famous tagine!",Community_Discussion,Community_Discussion
highly doubt that ipad will be covered during the appleevent tomorrow.,Technical_Issues,Technical_Issues
"first hump day of 15 16 brought to by dmb amp tim, u2 amp inxs. enjoy your wednesday..learn something",Community_Discussion,Community_Discussion
my hair gunna be terrible tomorrow beenie and cardigan is the move,Community_Discussion,Community_Discussion
departure of ship sham port abu dhabi time nov 2 2012 4 09am utc time of arrival departure is the time the vessel approache..,Technical_Issues,Technical_Issues
can we just really piss madrid off and sell de gea to barca in january,Community_Discussion,Community_Discussion
<user> may allah give strength to our syrian brothers n sisters. islam will arise again. i believe. i hate basyar assad for what he did.,Community_Discussion,Community_Discussion
"a coworker just said, muslims should just leave the country. nobody invited them here anyways. as i sat maybe 10 feet away from her.",Community_Discussion,Community_Discussion
planned parenthood is worldwide. they have been killing our babies by design as the plan was to send in illegals refugees from 3rd world,Feature_Feedback,Community_Discussion
when you're really excited that the boss is buying you dunkin after a long friday .. <user>,Community_Discussion,Community_Discussion
so i need someone to see jurassic world with tomorrow.. any takers?,Community_Discussion,Community_Discussion
lil mouse and the buffoons that support his foolishness set the black race back 400 years.. dr. king didn t march for that foolishness..,Community_Discussion,Community_Discussion
this is a good video clip of carly fiorina on the 2nd amendment.,Community_Discussion,Community_Discussion
"if you stare directly at the sun, it merely burns your retinas. if you stare directly at chuck norris, you die.",Community_Discussion,Community_Discussion
"assad continues to bombard homs , 4 the 17th consecutive day, mobile ntwrks off 4 the 4th day, mjr battles around baba amr syria",Community_Discussion,Community_Discussion
"free intro to yoga with jude, saturday, september 12, 1 2pm.",Community_Discussion,Community_Discussion
i just sat in the same spot for an hour amp a half straight watching beyonce's performance from last night and i honestly have no shame,Community_Discussion,Community_Discussion
of course nigeria blames the u.s. for not being able to fight boko haram. 3rd world countries don't want to progress. just depend on others.,Community_Discussion,Community_Discussion
chris brown bails on going outside during daytime because the sun would be present,Community_Discussion,Community_Discussion
the real answer is im coming to see laurin and emily tomorrow nojoke,Community_Discussion,Community_Discussion
<user> <user> you don't know chris evans? bruhh c'mon,Community_Discussion,Community_Discussion
attend the september 9 ics techtalk about the ibm connections cloud q3 update socbiz,Technical_Issues,Technical_Issues
<user> yah i know it's on. but it keeps saying monday night football and says mnf on the scoreboard. i'm just confused bc it's thursday,Community_Discussion,Community_Discussion
a little bit of toolroom tv to get you in the mood for sat night.. filthy rich in the house <user>,Community_Discussion,Community_Discussion
"dw english kim davis, gay marriage, and the death of christian privilege in america arrested for denying mar..",Community_Discussion,Community_Discussion
john cena's excuse tomorrow on raw will be john stewart cost me the title.,Community_Discussion,Community_Discussion
i think i may actually be whipping through the gilmore girls series on netflix too quickly.. i'm gonna have to start over again!,Feature_Feedback,Feature_Feedback
biologi mulai mengalami kematangan tgl 24 nov 1859 saat charles darwin mnerbtkn buku on the origin of species by means natural selection,Community_Discussion,Community_Discussion
anyone wanna get dunkin together tomorrow morning and just chat??,Community_Discussion,Community_Discussion
kendrick lamar may or may not have brought out the best or worst of me.,Community_Discussion,Community_Discussion
"yoo <user> <user> if niggas in paris comes on more than once on the 26th, might have to plank for whole night..",Community_Discussion,Community_Discussion
"<user> <user> <user> jenelle lies,1st she said she was alone the hosp.now she s saying how weird it was for keiffer s",Community_Discussion,Community_Discussion
<user> i m going to be in brownsville tomorrow,Community_Discussion,Community_Discussion
at what point do we stop talking about sharknado3 and start discussing how tomorrow is national hot dog day?,Community_Discussion,Community_Discussion
<user> what's with all the day matches tomorrow on ashe?? no murray or halep? can i change my tix? usopen,Community_Discussion,Community_Discussion
make plans to come join us at the pride parade tomorrow starting 13h! capitalpride ottawapride ottawa,Community_Discussion,Community_Discussion
"both real madrid and manchester united will push for the deal to go through tomorrow, but personally i don't think the transfer will happen.",Technical_Issues,Technical_Issues
"so basically benzema snubbed mufc amp finished 2nd in the epl to ancelotti's cfc , who also won the facup !",Community_Discussion,Community_Discussion
30 august taylor swift accepting her award for blank space with the bad blood squad at the mtv vma red carpet,Community_Discussion,Community_Discussion
"media should remember that the trump and murdoch incidents is a civil rights issue, not a 24 hour news story. it has to be stopped nov 6.",Community_Discussion,Community_Discussion
helwani to dana white good luck tomorrow you fucking sheep,Community_Discussion,Community_Discussion
david wright grounds out in the 9th. was 2 for 5 today.,Community_Discussion,Community_Discussion
"<user> i'm going to watch crossfire hurricane tomorrow hbo 2 00, can't wait, i'm sure i will fall in love with it!",Community_Discussion,Community_Discussion
santorum had tingles down his spine watching 1st debate i never want to see santorum and tingles that close,Technical_Issues,Technical_Issues
pancakes for a dollar tomorrow at ihop.. you're welcome,Community_Discussion,Community_Discussion
justin's album comin out november 13th retweet if you can't wait emabiggestfansjustinbieber,Community_Discussion,Community_Discussion
michael dyer traffic stop under probe so thw school may have jump the gun,Community_Discussion,Community_Discussion
<user> she's just following madonna's playbook. like a virgin was a hit when i was in 10th grade or so so this all looks familiar.,Community_Discussion,Community_Discussion
i mean i'm ok with watching randy orton and shia labeouf for 2nd period,Community_Discussion,Community_Discussion
lmao rt <user> they should make a new friday and have kevin hart katt williams and mike epps in it.,Community_Discussion,Community_Discussion
"don't sleep on matty b, he may pull a justin bieber and snatch us all dead.",Community_Discussion,Community_Discussion
cupid did so much work da 1st time that he don t wanna be my friend no more,Community_Discussion,Community_Discussion
<user> i mean i get the hype around jlaw. i may not like her but i get her hype. i just don't understand amy schumer and her hype,Community_Discussion,Community_Discussion
<user> saying that <user> will not complete their tenure in parliament. does he think they will resign? well that will b a 1st,Community_Discussion,Community_Discussion
"<user> key largo, fl!! yay just ur neighbor lisa a sip n a hop away always watching rhom thur s!!",Community_Discussion,Community_Discussion
top five holidays for side chicks. 5 president s day 4 day after valentine s day 3 black friday 2 april fool s day 1 groundhog s day,Community_Discussion,Community_Discussion
jennifer lawrence arriving back at lax airport after being in the uk for the bfi screening of serena oct 13th,Technical_Issues,Technical_Issues
<user> i don't know. she just recited jay z to me. this may have yours beat for best reply.,Community_Discussion,Community_Discussion
<user> sorry about the yankees.. there is always tomorrow. want to fly to new york for a game?,Community_Discussion,Community_Discussion
"buti pa si katy perry, puma party lang pag friday night. do it all again overtime work in the office for us",Community_Discussion,Community_Discussion
"<user> <user> she s alright, she ll win the brit award for best female if she breaks wind between now and may.",Community_Discussion,Community_Discussion
"brewers ryan braun went 2 for 5 with a run scored, 81st rbi and his 25th double of the season. mlb",Community_Discussion,Community_Discussion
"<user> ice cube says it in the movie friday but everyone just says it to say it for some odd, dumb reason.",Community_Discussion,Community_Discussion
"oh, is fox lying and be racist? huh, so it s a typical thursday then. hailobama racistcons fauxnews",Community_Discussion,Community_Discussion
wait. people claim hillary is showing her humanity because she chokes up talking about her dead mother? that may be the lowest bar ever.,Community_Discussion,Community_Discussion
<user> 1. when did you get into kpop? oct 8 '13,Community_Discussion,Community_Discussion
jason aldean sunday with this beauty sundayfunday summernights concertseason2015 is not over yet staytuned4more,Community_Discussion,Community_Discussion
"if it weren't for christians, the aztecs would never have stopped killing babies like planned parenthood does.",Community_Discussion,Community_Discussion
". <user> eric cantor, who evidently wants jeb bush to lose the nomination, will endorse jeb bush on thursday",Community_Discussion,Community_Discussion
"ugh! why must the 23rd be on a monday? now i can't fangirl on directioners day, but instead go to school.. i know, sad life.",Community_Discussion,Community_Discussion
"great weekend thus far, gig with the boys on friday, gym and sold my car on saturday, birthday mitcham today. booze free and saving cash!",Community_Discussion,Community_Discussion
jarryd hayne the australian rugby star seattle seahawks may bring to the nfl the guardian blog the guard..,Community_Discussion,Community_Discussion
i feel bad for niall girls because niall hooked up with a girl and gave her his number and 7th row tickets for their concert.. stay strong,Community_Discussion,Community_Discussion
japan's post disaster growth strategy the great east japan earthquake on 11 march 2011 was the biggest earthqua..,Community_Discussion,Community_Discussion
"frank gaffney is not insane. he may not even be a true hater. he is a bigot for pay, just like steve emerson. hate is their racket.",Community_Discussion,Community_Discussion
"are you waiting for nokia n9 getting released in us.. well, that may not happen.",Technical_Issues,Technical_Issues
<user> can you please come to sxsw in austin in march?i've wanted to see you for years it would be amazing if you played a show here!,Community_Discussion,Community_Discussion
can't wait til next week i'll be back reunited with the ps4 yall players safe til september 25th doe believe dat,Community_Discussion,Community_Discussion
i just sat here and watch <user> snap about kobe bryant i'm too done <user> should know better,Community_Discussion,Community_Discussion
photo gucci foamposites drop tomorrow. we got the up on our site right now. go check it out!!..,Community_Discussion,Community_Discussion
in my 1st day in office i plan 2 pass a bill 4 a miss usa holiday. mlk has one it's only fair donald trump comedy,Community_Discussion,Community_Discussion
<user> is it a gaffe? rick perry may be on military time.,Community_Discussion,Community_Discussion
first friday raleigh will be one of the last times to see luke m buchanan we go back in place at rebus works..,Community_Discussion,Community_Discussion
selling 2 upper box tickets for the sam smith show this november. hit me up if anyone's interested.,Community_Discussion,Community_Discussion
"right, time to admit it. who chose this mozart inspired nokia ringtone?",Community_Discussion,Community_Discussion
i'm just gonna netflix and chill tomorrow again,Community_Discussion,Community_Discussion
<user> guess what? my mum said that i might be able to come to crufts with you nxt year march for one day and then go shopping x,Community_Discussion,Community_Discussion
why oracle just bought a marketing company called maxymiser oracle on thursday announced that it was buying new..,Community_Discussion,Community_Discussion
for some reason i always thought national hot dog day was on the 4th of july. learnsomethingneweveryday,Community_Discussion,Community_Discussion
<user> what are you some stupid twilight vampire? real ones don't go outside to tan. they sleep in complete darkness until the sun is down,Technical_Issues,Technical_Issues
"ha!rt <user> after a weekend of subway mayhem, the mta expects service to return to normal for your morning commute",Community_Discussion,Community_Discussion
"you will know when get to school on monday because i will scream, hey guys it's john cena and play the song when i enter. thank you.",Community_Discussion,Community_Discussion
so i asked a diehard fsu fan about the game against dook on sat they are kinda worried about coach cut his coastal division leading team,Community_Discussion,Community_Discussion
we're excited to announce that ac dc tribute band big jack will take the main stage at fall jam on sunday september 27th!,Account_Security,Account_Security
"today rugby will take on dollar with 16 30 kos. at home we have 1st, 2nd amp s colts xvs, while colts a, jca, colts b amp jcb xvs are away.",Community_Discussion,Community_Discussion
just realized i'm friends with miss teen usa 4th runner up and wondering why i don't try harder to talk to her.,Community_Discussion,Community_Discussion
may god be with and protect everyone else from the storm that s about to hit constitution hall,Community_Discussion,Community_Discussion
<user> now you know how i feel when i was at riot fest. wait until you feel your knees and ankles tomorrow. xp,Community_Discussion,Community_Discussion
"bad news, no gibbs for saturday. unless we play tv5 at lb, we have lost before it s started. santos is a liability and will be cut to shreds",Community_Discussion,Community_Discussion
watch brian burke right now <user> .. he's the parade marshall at the pride parade this sunday..,Community_Discussion,Community_Discussion
"if paul dunne wins the open tomorrow as an amateur, the transitive property tells me that i also have a good chance of winning it. science",Community_Discussion,Community_Discussion
lmao simmons putting out the bill and jalen previews at 12 01 am tomorrow,Community_Discussion,Community_Discussion
"<user> what lies have they told? catholics may have been ethnically cleansed in some areas but protestants got it worse, no..",Community_Discussion,Community_Discussion
"mook, podesta are blowing hillary's 2nd crack at wh. making the same huge mistakes as 08. need to let hrc loose. too inaccessible to staff",Community_Discussion,Community_Discussion
"1a congress can't make law preventing religious freedom, so scotus interpretation unlawful const trumps case law",Community_Discussion,Community_Discussion
david wright's safe! celebration while still sliding is going to be the cover of at least one of the nyc sports sections tomorrow.,Community_Discussion,Community_Discussion
<user> and <user> playing batman and robin. gojays ! make the 5th the big one. bluejays,Community_Discussion,Community_Discussion
"<user> <user> yeah, well i had thor's hammer and helmet in the 5th grade. and storm's cape. i still haven't grown up. lol",Community_Discussion,Community_Discussion
taker. undertaker attacks lesnar to a disrespectful amount of boos. hope undertaker beats brock lesnar for the 3rd time at ss,Community_Discussion,Community_Discussion
"fly yoga with sabah and piper, arms and core, wednesday 8 15pm and thursday 11am.",Community_Discussion,Community_Discussion
"<user> is selling two tickets to the vamps on the 26th of march at face value, dm her for more info",Community_Discussion,Community_Discussion
parent program celebrating naidoc amp eid with some painting and morning tea! lots of variety every friday morning.,Community_Discussion,Community_Discussion
i just drafted tom brady in the 6th round and i'm disgusted with myself,Community_Discussion,Community_Discussion
<user> my point was that just your fathers fear of islam may actually stem from its similarities to judaism,Community_Discussion,Community_Discussion
reminder for tomorrow make fun of fisher for how gay his snapchat story is. softer than a bag of milk.,Community_Discussion,Community_Discussion
<user> haven t hear about morgan state.. but coppin state is closed for tomorrow. sandy,Community_Discussion,Community_Discussion
<user> he should walk straight to barca's 1st team.,Community_Discussion,Community_Discussion
"when you turn on the game and your up 3 with david price on the mount in the bottom of the 1st, you start thinking of other things to do lol",Community_Discussion,Community_Discussion
"putrajaya says determined to recover nfc funds kuala lumpur, oct 29 putrajaya said today it i.. via <user>",Community_Discussion,Community_Discussion
aw <url> miss the 1st batch of big brother when i saw nene..my god its been all ages already! pbb10years,Community_Discussion,Community_Discussion
1st mobile test supply complete! mrs h was v happy with her gucci's at less than the high st price. book in lancashire <user>,Technical_Issues,Technical_Issues
<user> you going to shawn jawn tomorrow,Community_Discussion,Community_Discussion
"wondering what you made of 1st episode of jimmy mcgovern's 2nd series of 'accused'? in my view, sean bean good but stephen graham excellent.",Community_Discussion,Community_Discussion
"<user> arkham knight, sir. i may be new to you but i'm not to then batman. we have something in common. we both want his head.",Community_Discussion,Community_Discussion
don't want to go to hspa class tomorrow so i'm not going .,Community_Discussion,Community_Discussion
"thor said thursday during press conf that he had tricks up his sleeve for tonight. it was the warthen slider, he relied on it heavily 3 ip",Community_Discussion,Community_Discussion
ea e3 news you may have missed simcity confirmed for feb 2013 simcity social for facebook crysis 3 feb 2013 release <c>,Community_Discussion,Community_Discussion
hellokarachi eidmubarak which food would you prefer to eat on eid 3rd day?,Community_Discussion,Community_Discussion
. <user> these persecuted christians uused to celibrate nov 5 by burning the pope if effigy. <user> <user> <user>,Community_Discussion,Community_Discussion
join us friday night after the jason aldean concert for a special night of music with corey cox and scotty..,Community_Discussion,Community_Discussion
"rodgers in terms of my methods, one thing to clear up is 2nd day recovery. people thinking lfc players on 2nd day sat at home watching tv",Community_Discussion,Community_Discussion
sharknado 4. doesn't really matter what people thought of the 3rd. people might as well get ready for a 5th.,Community_Discussion,Community_Discussion
tony blair bemoans 'tragedy'.. spoiler alert it's not the tragedy of millions of middle east deaths,Community_Discussion,Community_Discussion
"sicily may form grand coalition, italian udc party leader agi rome on monday rocco buttiglione, the leader ..",Community_Discussion,Community_Discussion
running 3 miles at 730am is what i'm really looking forward to tomorrow. asthmaticproblems,Community_Discussion,Community_Discussion
the run time for final destination 5 is 1 hour and about 33 mins. it is premiering at the chinese theatre tonight.,Community_Discussion,Community_Discussion
everyone in my feminist studies class was team nicki and the mitski tinydesk was released today what a monday !!,Community_Discussion,Community_Discussion
the color orange is 50 50 in my mind. 1st the good orangutans amp the netflix show. now the awful boehner's face amp trump's hair.,Community_Discussion,Community_Discussion
"lets go andy! murray wins the 3rd set, down 1 2. usopen andymurray",Technical_Issues,Technical_Issues
kim kardashian launches kimojis including image of her bum it may just be the ideal last minute.. daily mail uk,Community_Discussion,Community_Discussion
just went to dunkin donuts for the 1st time,Community_Discussion,Community_Discussion
<user> klub ace!! klub ace !! this saturday!! 5 with ur college id til 11 30,Community_Discussion,Community_Discussion
the daily zap catch highlights from thursday s action in the nba.,Community_Discussion,Community_Discussion
"if anyone comes to school with the galaxy foams tomorrow , i m mugging them .",Community_Discussion,Community_Discussion
<user> maria when are you going to sleep? coz i may go get my glasses right after school but we ll talk w ana bl 6aree2 ! d,Community_Discussion,Community_Discussion
<user> tate loses to rousey for a 3rd time. what does she do? keep beating contenders and earn a 4th shot nobody wants to watch,Community_Discussion,Community_Discussion
<user> hey reggie. how are you ? i m very sorry that haven t had the chance to get back to you. i ll e mail you tomorrow,Community_Discussion,Community_Discussion
"red band end of watch trailer arrives gyllenhaal and pena vs. the world back in early may, the green band theat..",Account_Security,Account_Security
"itfc last season millwall started with 3 0 win at bristol city. 2nd match, you've got it, hull city at home!omen! lions won that one 4 0.",Community_Discussion,Community_Discussion
has anyone ever seen <user> and iron maiden's bruce dickinson together in the same room?,Community_Discussion,Community_Discussion
<user> boko haram fighters slit the throats of 10 fishermen in africa on thursday no mention from you. jericho ok though so happy days,Technical_Issues,Technical_Issues
"my bench would be. 6th man seth rollins. chris jericho. brock lesnar. ric flair, and.. john cena.. just kidding. not cena. xd",Community_Discussion,Community_Discussion
lame. i thought they were going to put them on a card with rousey and house it at att stadium.,Community_Discussion,Community_Discussion
<user> seriously. may as well just watch wwe at this point. at least you know it's a front. i mean rousey vs. holm? c'mon.,Community_Discussion,Community_Discussion
fierce fighting erupts between chadian army and boko haram heavy fighting pitted the chadian army on monday a..,Community_Discussion,Community_Discussion
sky picture of the day! sky clouds nature outside sun day nofilter instagood,Community_Discussion,Community_Discussion
"fuck halloween. fuck thanksgiving. fuck my birthday. fuck christmas, the new year, valentines, st. patrick s, april fools. fuck all of that.",Community_Discussion,Community_Discussion
<user> so? they put tebow in the top 100 and a fucking fullback in the top 100. btw ray lewis was 3rd on the overrated thing. yup..,Community_Discussion,Community_Discussion
there are now only eight tickets left for <user> s november 5th show at the leicester square theatre.. get in quick folks!!,Feature_Feedback,Feature_Feedback
<user> seriously. going to melodifestivalen is a bucket list item of mine. also excited for the timoteij album that drops tomorrow.,Community_Discussion,Community_Discussion
if you are curious about my wild friday nights i promised liam i would play minecraft amp kennedy requested burritos for dinner.,Community_Discussion,Community_Discussion
when gucci 1st got out of jail after the poolstick incident i said lets do a tape. he declined due to the album he was working on.,Community_Discussion,Community_Discussion
did it ever occur to anyone monsanto may be executing honey bees w poison round up to control food supply by limiting natural foods??,Community_Discussion,Community_Discussion
selling two pavilion tickets to jason aldean this sunday. 75 for one or 120 for both hmu if you're interested,Community_Discussion,Community_Discussion
<user> <user> <user> <user> <user> i was supposed to take my sats tomorrow but it got postponed.,Community_Discussion,Community_Discussion
"also, remember to have dinner at maverik center monday with the grand openings of little italy and el pasado cantina in the arena.",Community_Discussion,Community_Discussion
someone said that they might snub kendrick on all 11 nominations or he may get just 1. if that happens then it's clearly rigged.,Technical_Issues,Technical_Issues
"twins lose to david price for 4th time this season he has a 1.16 era vs. twins , fall into tie with blue jays for playoff spot w 5 1 loss.",Community_Discussion,Community_Discussion
scott walker has decided that maybe gutting the 14th amendment is a bad idea. i'm already over this election cycle.,Community_Discussion,Community_Discussion
just put the final book in the blaze of glory supehero trilogy to bed. sale date of october. mixed feelings but eager to see what's next!,Community_Discussion,Community_Discussion
i called it ronda vs holly 2 dana white and ronda have said yes there will be indeed be a 2nd fight! so there you go mma fans! yay!!,Community_Discussion,Community_Discussion
"<user> oh no haha, i meant he can't sign for milan now, so spurs may have more of a chance",Community_Discussion,Community_Discussion
sport floyd mayweather puts in more hard work and dedication ahead of september fight before posing with a..,Community_Discussion,Community_Discussion
drake the weeknd all day tomorrow.,Community_Discussion,Community_Discussion
"ya know, john kasich actually seems like a real human being with a real record.. too bad that may or may not mean anything",Community_Discussion,Community_Discussion
<user> jays have scored 4 in the 10th. thanks for the mammaries red sox. this game is over trevsniptweets,Community_Discussion,Community_Discussion
<user> good morning irene have a nice day!,Community_Discussion,Community_Discussion
"the fact that after i tweeted that, max the dog sat on my cold left out foot..",Community_Discussion,Community_Discussion
"sorta lucky joe doesn t have twitter, but seriously, when he sees me on sunday morning he ll probably leave me alone",Community_Discussion,Community_Discussion
"<user> carlo ancelotti after lvg and then may be giggs. not a big fan of guardiola, despite the success.",Community_Discussion,Community_Discussion
mohsin hamid s 2013 novel how to get filthy rich in rising asia . think they need more typefaces on the cover?,Community_Discussion,Community_Discussion
i love the grateful dead. i do not love weed. just making sure you all know this.,Community_Discussion,Community_Discussion
kremlin support of assad regime may lead to possible confrontation with us led coalition kerry raaf <user>,Community_Discussion,Community_Discussion
there's a day for everything today is international talk like a pirate day and the 30th anniversary of the..,Community_Discussion,Community_Discussion
"july 23rd is national hot dog day. preparation and condiment styles vary regionally across the u.s., with mustard being the no.1 choice.",Community_Discussion,Community_Discussion
heading home to ireland with 17 golfers from my club on saturday staying at lough erne resort and off to dublin for some fun,Community_Discussion,Community_Discussion
samsung may offer 128gb variants of the galaxy note 5 and s6 edge after all android tech news,Community_Discussion,Community_Discussion
show me your 7th grade literature term paper on iron maiden lyrics so i know it's real.,Community_Discussion,Community_Discussion
it was just a man that executed a texas deputy if i may .. seems a black and gay man can be outed when ..,Community_Discussion,Community_Discussion
"supersonic, paul foot, boris in december, runrig, boring car stuff, turbonegro.. going to be pretty broke for christmas! yay!",Community_Discussion,Community_Discussion
if i sat beside niall i would be so annoyed bc he looks like he chews his gum annoyingly loud,Community_Discussion,Feature_Feedback
<user> this q may seem absurd but what about israel? o.k. goverment might not like muslims but refugee crisis in their nearby..,Community_Discussion,Community_Discussion
"it is july 65th, i am drinking water, still no sign of frank ocean's album",Community_Discussion,Community_Discussion
<user> that may be a function of total aircraft weight at take off at the higher altitude in tehran. boo iran. boo isis. boo evil,Community_Discussion,Community_Discussion
"want a copy of book of souls the new iron maiden cd on release on sep 4th! to enter, follow us rt! <user>",Community_Discussion,Community_Discussion
<user> i may get to record some minecraft with thekindfox so i'm super happy hugs lt 3 did you manage to check the skype invites,Technical_Issues,Technical_Issues
<user> <user> <user> haha edge is my 2nd favorite wrestler all time to hbk. so it's worth it for me,Community_Discussion,Community_Discussion
"buy moto g 3rd gen, 16gb just rs. 12,99 with exclusive launch offers flipkart",Community_Discussion,Community_Discussion
props to <user> for an awesome screen on the green event with jurassic world! great turnout on a friday!!,Technical_Issues,Technical_Issues
no mention of the ira's encomium for <user> during <user> leadership election?,Community_Discussion,Community_Discussion
"whoever replies 1st with the correct answer wins 4 tickets for sesame street live, sat 10 30am performance at rupp, and an elmo plush doll.",Community_Discussion,Community_Discussion
tomorrow 11 15 kitchenparty live with kent whitaker what to do with thanksgiving leftovers,Community_Discussion,Community_Discussion
<user> <user> amazon prime should have it here by wednesday. squee!,Community_Discussion,Community_Discussion
this is basically dean ambrose as a cop. this may be the best thing they've ever done.,Community_Discussion,Community_Discussion
"<user> first his young, you cant use his stats. 2nd shu khas milan? doesnt mean that was good business wt they did.",Community_Discussion,Community_Discussion
david cameron u bloody moron f k u how dare u kat in so many muslims? what the fuck u think u r?,Community_Discussion,Community_Discussion
incredibly stupid move by united though. woodward may have got 1 over real madrid but now he's left with an unhappy player,Technical_Issues,Technical_Issues
"cmst393 here s an article about anonymous, which is choosing now to distance itself from wikileaks",Community_Discussion,Community_Discussion
22 10 2012 1st day no poppers no cigarettes this is for rella gona b hard.,Community_Discussion,Community_Discussion
happy 40th birthday to one of the most dependable human beings i know. may your light never go dim my big brother and friend <user>,Technical_Issues,Technical_Issues
<user> for some reason amazon app store had the update on the 5th or for some reason my mcpe updated to 0.12.1 back on the 5th!!,Technical_Issues,Technical_Issues
"<user> but i guess the ps4 may have it too. we have a ''media player'', and we can transfer songs to share factory using a usb drive.",Community_Discussion,Community_Discussion
<user> watching cannavaro on the 2nd even more embarrassing.,Community_Discussion,Community_Discussion
"couldn't hang on to stay up and watch 3rd set but it was nice to see serena beat venus. what a resilient, tough player venus is, tho.",Community_Discussion,Community_Discussion
porto are the only team letting me down! c mon boys turn this around,Technical_Issues,Technical_Issues
"so, i'll be stuck in charleston all day tomorrow . who's fucking with me .",Community_Discussion,Community_Discussion
"done work for the week, seeing rush tomorrow in buffalo, then playing with plan b at brydens in milton sat for the halloween bash. woo!",Community_Discussion,Community_Discussion
eating doritos w tapatio and watching family guy to end the night,Community_Discussion,Community_Discussion
"thursday's broadcast ratings cbs, big brother top charts with ..",Community_Discussion,Community_Discussion
<user> <user> what time are you going to claytons tomorrow,Community_Discussion,Community_Discussion
"from bams radio tonite.. the legend says this bama defense may be the greatest of all time.. offense wins games, defense wins..",Community_Discussion,Community_Discussion
its important we build relationships with non christians and with christians outside of sunday morning worship. normal,Feature_Feedback,Feature_Feedback
"i love you all so much. come join us on saturday evening for the uga v. boise state game. game is at 8pm, but we..",Community_Discussion,Community_Discussion
jay z stole his whole 2nd verse from 99 problems from bun b in the ugk song touched . come on y'all listen to old hip hop.,Community_Discussion,Community_Discussion
"cloud helps businesses, but moving to it introduces challenges. overcome them ibm breakfast briefing on sep 3.",Community_Discussion,Community_Discussion
"<user> nice to meet you on twitter! anything amazon travel related you may need, we're here !",Community_Discussion,Community_Discussion
belated eid mubarak to all. may next eid bring about the end of tyrants of our planets. ameen.,Community_Discussion,Community_Discussion
is it true that top ad agencies have decided not to give business to times of india for their undue coverage to yakub on 31 july?,Community_Discussion,Community_Discussion
mayoroflondon join in tomorrow at the exciting london children s book swap events for families who love to read ld ..,Community_Discussion,Community_Discussion
<user> i'm talking about what happened between hyung jun and u kiss. some kissme accuse us of disrespectful,Technical_Issues,Technical_Issues
who's going to be our penalty taker next season? i'd go for vermalen or cazorla 3rd choice podolski arsenal afc,Community_Discussion,Community_Discussion
"lucian favre having 2nd thoughts about gladbach qualifying for the champions league juventus, man city and sevilla. group of death.",Community_Discussion,Community_Discussion
happy friday here's joe biden making a cameo on a 1993 episode of where in the world is carmen sandiego?,Technical_Issues,Technical_Issues
<user> any odds on louis saha to score the winner in the derby on sunday? <user> backtohauntthescum bagger,Feature_Feedback,Feature_Feedback
boom! 1st post bilbao night half marathon 9km. i just finished a 9.02 km run with nike running. nikeplus,Community_Discussion,Community_Discussion
ellen's 13th season premiere with caitlyn jenner. ellen caitlynjenner theellenshow <user> <user>,Community_Discussion,Community_Discussion
seems my new ipod doesn t like kasabian very much laptop has crashed every time it s got to syncing empire. 10th time lucky..,Technical_Issues,Community_Discussion
okay so my fam is going to queen mary tomorrow i'm really scared of hunted houses and this is a big o hunted..,Community_Discussion,Community_Discussion
october 27 1962 u2 aircraft strays over siberia. usaf interceptors sent to protect armed with nuclear warheads cuba1962,Community_Discussion,Community_Discussion
update to last story ufc 194 will be december 12 at mgm grand garden arena with jose aldo vs. conor mcgregor,Technical_Issues,Technical_Issues
"sorry gang, 2nd act of ant man just kills my buzz. so boring and the writing is really bad. i'm hoping this stuff wasn't in wright's script.",Community_Discussion,Community_Discussion
happy 17th to hrt! we love you!! shan t bone s,Technical_Issues,Technical_Issues
"zack, south fl, beetus behaved, i wish it was tomorrow night. there's a prerelease party for iron maiden's new album. dsma",Community_Discussion,Community_Discussion
in 14 years gov. rick perry's conservative principles madetx the 12th largest global economy,Community_Discussion,Community_Discussion
i'm going to milan tomorrow omg i forgot??,Community_Discussion,Community_Discussion
really hoping tonite lloyd robertson will ask us to goto the window and yell i'm mad as hell and i'm not going to take it anymore! lloyd,Community_Discussion,Community_Discussion
"jessica attended lane crawford's 1st anniversary event at shanghai times square, china on the 16th.",Community_Discussion,Community_Discussion
i really wish i was going to ed sheeran this saturday ',Community_Discussion,Community_Discussion
<user> what the what is this admin. so fearful of iran in 1st place the deal stunk.,Community_Discussion,Community_Discussion
"<user> you say anything that may offend muslims, you better watch out. you could be suspended, fired, or prosecuted.",Account_Security,Community_Discussion
there can be no tolerance of those who question the dignity of other people. angela merkel stood up to be counted,Community_Discussion,Community_Discussion
trynna go to ihop but all my friends are asleep so i may just go by myself whenindoubtpancakeitout,Community_Discussion,Community_Discussion
worth reading. another troubling argument for why the publication of watchman may have been an act of elder abuse.,Community_Discussion,Community_Discussion
"sun 16 aug. we continue our series in jonah with some challenging implications for christians today. clements,..",Community_Discussion,Community_Discussion
"<user> catholicchurch required jews to become catholics during the 2nd world war, should do the same to muslims.",Feature_Feedback,Community_Discussion
good by <user> quickly punched out!rt <user> tippett saga turning more than 5th day wicket at the adelaide oval,Feature_Feedback,Feature_Feedback
"first day back at work proper and it has been manic and fuck it, i'm booking that to go see the milan derby in jan as a late bday trip!",Community_Discussion,Community_Discussion
<user> no way she makes it past the 1st rd. she has had a rough transition to mma she is in no way near prepared for rousey,Community_Discussion,Community_Discussion
norwich city are gonna get destroyed today against villa this afternoon! c mon you villaans!! <user>,Community_Discussion,Community_Discussion
"zayn's hair is dark in the 1st and last insta post but in the middle, his hair is silver..",Community_Discussion,Community_Discussion
tomorrow is a very important day in south africa national women's day is an annual public holiday in south..,Community_Discussion,Community_Discussion
monsanto hits all the wrong notes nationofchange,Community_Discussion,Community_Discussion
<user> plays lt. joe bishop on the hit new series beautyandthebeast !! check it out every thur. 9 8c on cw network!!,Community_Discussion,Community_Discussion
forgot it was friday. wearing tom brady jersey on microsoft campus. actually going to be murdered.,Community_Discussion,Community_Discussion
we look forward to <user> joining us in milan on 14 jan to talk about nato china and russia in the middleeast etfsconference,Community_Discussion,Community_Discussion
on thursday over fifty countries and international organisations will come together for the london conference on..,Community_Discussion,Community_Discussion
"still sad about jan hooks, but is it too soon to say that waitress sketch was terrible?",Community_Discussion,Community_Discussion
"the weeknd and ed sheeran made a song together..yep, today is definitely friday. and it will be a very good day.",Community_Discussion,Community_Discussion
5 rt's if you want the next episode of twilight princess tomorrow,Community_Discussion,Community_Discussion
rabby are rumoured to be going to watch 'paper towns' on saturday care to confirm? <user> and <user>,Community_Discussion,Community_Discussion
gucci gob it certitude may sprout the yoke yours signifying gangway additive in transit to consultant flaming ..,Community_Discussion,Community_Discussion
tons of preseason football and an important jays game with david price on the mound. ideal friday,Community_Discussion,Community_Discussion
happy saturday! today we're listening to <user> cover of sam smith! listen to it with us!,Technical_Issues,Technical_Issues
i have a lot of plans for my day tomorrow. and by that i mean i'm going to accidentally play dark souls for 5 hours. amp still whine about it.,Community_Discussion,Community_Discussion
"how in the heck am i expected to go to class tomorrow, or even live, after beyonce has just killed me like this??",Community_Discussion,Community_Discussion
singing frank ocean at the top of my lungs while walking down 3rd st. good morning.,Technical_Issues,Technical_Issues
"i always cry wen i listen to avril singing tomorrow in dublin,i just remember everything bad happened to me",Technical_Issues,Technical_Issues
"<user> wrong he played only 2 seasons at chelsea, was injured most of the time amp in 3rd season he was on loan at milan. badluck",Community_Discussion,Community_Discussion
you know you're a fag when you listen to music from naruto on monday nights,Community_Discussion,Community_Discussion
gayathri kumar. <user> have you seen these handsome katy perry images? you may wonder,Community_Discussion,Community_Discussion
keep it going paul dunne. managed to get on him earlier when his odds were enormous. same again tomorrow will be laughing. theopen2015,Community_Discussion,Community_Discussion
everyone show up again tomorrow that chardon game was too much fun to not do it again!! beavercentral pride,Community_Discussion,Community_Discussion
we closing out the knicks tomorrow,Community_Discussion,Community_Discussion
whether it's the 3rd round or 4th round dustin johnson just doesn't like sunday's in majors!!,Community_Discussion,Community_Discussion
"it official, i will not be flying to raleigh, nc tomorrow. i m saddened. i pray my uppc family has an awesome time in the lord. praying",Community_Discussion,Community_Discussion
"moderate heavier rain moving toward racine..should be dry for the 6th annual st. patrick's day parade though, starts 12! bring sunscreen",Technical_Issues,Feature_Feedback
this guy that just sat behind me smells like body odor and curry.. so i didn't have to turn around to see who it was. obviously joseph kony,Community_Discussion,Community_Discussion
not excited to take the sats tomorrow,Community_Discussion,Community_Discussion
another estella video you may not have seen,Community_Discussion,Community_Discussion
coulthard says alonso may have lost some leverage in negotiations with mclaren f1,Community_Discussion,Community_Discussion
<user> happy thursday jennette from detroits 1 radio station wrom radio have a great weekend ahead we love a follow back from you,Technical_Issues,Technical_Issues
these white sox untucked unis may be the most atrocious uniform i've ever seen,Community_Discussion,Community_Discussion
real madrid and or mufc may consider an appeal over the cause of the david de gea delay i.e. computer glitch . ssnhq,Technical_Issues,Technical_Issues
quite enjoying <user> on mnf he looks more at home sat down tho i don't think he knows what to do with his hands when he's stood up,Technical_Issues,Technical_Issues
the paul mccartney concert may have sold out but the ringo starr concert is free if you buy 2 or more little debbie snack cakes.,Community_Discussion,Community_Discussion
i am so excited for tomorrow's gala its gonna be awesome like everyone are going to be dressed super chic i feel like an adult,Community_Discussion,Community_Discussion
calibraska had gone down to 6th in the uk!! calibraksaep,Technical_Issues,Technical_Issues
so u tx me and ask if i can spend the night.haha i don't even know u kevin hart voice haha,Community_Discussion,Community_Discussion
dinner with my dad. and tony parker with a last second game winning shot. what a great night..just in time to be ruined by 300s tomorrow..,Feature_Feedback,Feature_Feedback
can't doubt tom brady against the steelers this thursday!,Community_Discussion,Community_Discussion
"when you claim to see the sun light, but it turns out to be a flashlight. just bc zayn left doesn't mean they'll break up. ohnothesun",Community_Discussion,Community_Discussion
"federal reserve sticks with stimulus the federal reserve made no major policy changes wednesday, deciding to stick to its plan of st..",Community_Discussion,Community_Discussion
<user> hey selena! i'm going to your dallas concert on august 31st!! rt follow,Community_Discussion,Community_Discussion
"we do not live in ground hog day, we don t live with a victim mentality, today b rough but tomorrow won t be the same el leadership",Community_Discussion,Community_Discussion
"other voices an ugly win for tom brady tom brady. last thursday, a federal judge spiked the nfl.. deflategate",Feature_Feedback,Feature_Feedback
"<user> i was watching age of ultron last night and something stuck out, at the end thor says the mind gem is the 4th infinity stone to",Community_Discussion,Community_Discussion
maddie and tegan stood in the scorching sun with me after having no sleep for 24 hours waiting for my bus to come i actually love them,Community_Discussion,Community_Discussion
<user> mittromney may have run the olympics and balanced massachusetts books but i learned all i know about economics from simcity,Community_Discussion,Community_Discussion
<user> <user> 3rd??! o where have i been i thought careless world was the 1st one. no?,Community_Discussion,Community_Discussion
as ridiculous as ant man may have looked it was actually pretty damn good bigfan,Community_Discussion,Community_Discussion
who is going to hammond friday or today,Community_Discussion,Community_Discussion
can you believe it's the 13th and i still have unopened bags of halloween candy??,Community_Discussion,Community_Discussion
i am now attending insomnia55 on friday. i'm doing a panel on making games in minecraft! not sure if i will stay the whole weekend yet.,Community_Discussion,Community_Discussion
possibly going to comic con in santa fe. can i make a mikasa scout outfit before the 24th it's on!,Community_Discussion,Community_Discussion
"<user> yes, it impressed me i was there in person last september, almost exactly one year ago..the madonna is huge, so beautiful!",Community_Discussion,Community_Discussion
why christmas and not holiday ? us jews and perhaps muslims might want to know?,Community_Discussion,Community_Discussion
"remembering rock great jerry garcia,co founder of the grateful dead, who we lost on this day august 9th, 1995 at..",Community_Discussion,Community_Discussion
"attn that not afraid group shot in paris is not from tonight.. that's from after charlie hebdo in january.. sigh, social media.",Community_Discussion,Community_Discussion
uk vs sc game sat at 7pm. only on cbs college sports. channel 256 in the preferred tier in bremen brooks. call 855 55 cable upgrade! fb,Community_Discussion,Community_Discussion
ohio governor john kasich will be in the big gop debate during prime time thursday.,Community_Discussion,Community_Discussion
he may not longer be the representative of the <user> but tony blair is still heading up this initiative.,Community_Discussion,Community_Discussion
"<user> yeah. in the case of england, when i live in hope they have rooney, sturridge, kane and welbeck fit they may be forced to",Community_Discussion,Community_Discussion
i would like to trade president s day and columbus day for the day after the super bowl and july 5th please.,Community_Discussion,Community_Discussion
david price going tomorrow for a franchise win record? sounds good.,Community_Discussion,Community_Discussion
us curtis call the drivers curtis to siri call papa johns 4th street,Community_Discussion,Community_Discussion
do you guys believe that floyd mayweather will retire on september 12th? give me your input,Community_Discussion,Community_Discussion
"<user> sorry about that, i didn't see it! i'm going to peep the article, are you gonna buy watchman tomorrow? and yes by the way.",Community_Discussion,Community_Discussion
"lateisha, tegan and i just went to the movies and sat up the front even, it's freaky as he'll i had the shivers..",Community_Discussion,Community_Discussion
surprising end to a gauntlet match between brock lesnar and the three weakest members of the raw roster in wwe 2k14. he lost to the 2nd man.,Community_Discussion,Community_Discussion
"<user> our debut concert is nov.4th at the harold washington cultural center with avant syleena , come support",Community_Discussion,Community_Discussion
'game of thrones' just cast a character who may have a huge role next season gameofthrones got gotonubox ubox,Community_Discussion,Community_Discussion
damn near thinking about selling my ticket to chris brown show on the 19th,Community_Discussion,Community_Discussion
damn drexel and penn have canceled classes for monday and tuesday due to the hurricane.,Community_Discussion,Community_Discussion
"rick stein really is incredibly dull. bring back kids saturday morning telly please. you know, with pop groups and stuff sarurdaykitchen",Community_Discussion,Community_Discussion
what if this whole vettel and alonso thing is just an april fools joke?,Community_Discussion,Community_Discussion
<user> some cool baseball facts posted by neil degrasse tyson the baddest astrophysicist in the world <user> posted july 10th,Community_Discussion,Community_Discussion
"<user> c mon guys fix this please, i dont want this to end up how diablo ii did.. .",Community_Discussion,Community_Discussion
"new hair again tomorrow hopefully look like this but unfortunately without the money, posh cars, david beckham..",Community_Discussion,Community_Discussion
"'at your christmas, bagram is alit and bright on my eid, even the rays of the sun are dead.",Community_Discussion,Community_Discussion
let's go barca 1 goal before the 1st half ends.,Community_Discussion,Community_Discussion
"celebrate national hot dog day thursday is national hot dog day, with some businesses offering deals in hampt..",Community_Discussion,Community_Discussion
4th quarter westbrook honey badger is going to miss james harden. thunderup,Community_Discussion,Community_Discussion
"watched unofficially yours with richard mark morcella, his partner and jaja abastillas",Community_Discussion,Community_Discussion
"<user> got you in 6th rd. have a great year! here we go steelers, here we go!",Community_Discussion,Community_Discussion
come and watch the future bees this saturday as the youth team take on leeds united at jersey road at 11am. then..,Community_Discussion,Community_Discussion
you talk about tyga and kylie but forget that when jay z was a high school senior beyonce was in 1st grade,Community_Discussion,Community_Discussion
"3 15am, august 20th 2015, in my bedroom w all the lights off, listening to all i want for christmas is you by mariah carey at full volume",Community_Discussion,Community_Discussion
oh yes! we now have a pre order up for the forthcoming david bowie 'blackstar' lp out 8th jan,Community_Discussion,Community_Discussion
the problem with america is not the politicians. it's the christians that won't come to sunday night church and saturday soul winning.,Community_Discussion,Community_Discussion
keep thinking its tuesday amp get excited because styled to rock will be on then i realise it's only monday amp i have to wait till tomorrow,Community_Discussion,Community_Discussion
nigga is 12.. how he know he gay.. he ever see a titty before?,Community_Discussion,Community_Discussion
i'm going to cali for disneyland on tuesday i don't think i can handle being this excited,Community_Discussion,Community_Discussion
moto g 3rd gen vs. moto x play specs what's the difference?,Community_Discussion,Community_Discussion
"i don t get how people are saying she s lying about the direction of her 4th album, because she lied about the direction of unbroken?",Community_Discussion,Community_Discussion
waiting for a phone call off the head of joseph wright. but i might have to go back to benedicts tomorrow! godhelpme,Community_Discussion,Community_Discussion
<user> will do brothaa. i might be going to the ohio state vs. nku game on december 1st <user>,Community_Discussion,Community_Discussion
ben amos is on the bench for the england u21s. as they take on serbia in the 2nd leg of their play off for the euros.,Community_Discussion,Community_Discussion
attention directioners! beliebers are posting this picture! tomorrow we ll replay the video all day! jealousy ! hate !,Community_Discussion,Community_Discussion
"i don't want saturday to get here. but i'm ready to bomb allregion in hot springs, soo.. might as well get it over with.",Community_Discussion,Community_Discussion
"i think dark souls is made of crack. i have to kill the no story series, and start a new series for monday.",Community_Discussion,Community_Discussion
"<user> cant believe we didnt even take a trip to the beds today, paley saturday now me defo boo",Community_Discussion,Community_Discussion
"determined to share the gospel with many christians on sept 30. this is goeverywhere 2015. on sept 30, the..",Community_Discussion,Community_Discussion
just watching the <user> game and i totally thought ryan braun's double was out of here in the bottom of the 8th! soclose,Community_Discussion,Community_Discussion
dustin johnson doing it again on a major sunday. unreal.,Community_Discussion,Community_Discussion
great to see paul dunne amp padraig harrington in with a chance to win the 2015 british open at st.andrews on monday.,Community_Discussion,Community_Discussion
"yesterday is the day the atomic bomb in japan. i embarrassed as a japanese, was a moment of silence for the first time.",Community_Discussion,Community_Discussion
this goes right up there with rolling stone putting a terrorist on the cover. pathetic.,Community_Discussion,Community_Discussion
does frank ocean still think it's july or sommin??,Community_Discussion,Community_Discussion
tedxsendai is october 10th watch it and learn more about the people affected by the tohoku disaster.,Community_Discussion,Community_Discussion
"<user> <user> <user> if erdogan still thinks that turkey may join the eu, i think he might be dreaming. won't happen",Technical_Issues,Technical_Issues
<user> <user> however conflicted i may feel about watchman's publication this is a hella great upside to it.,Community_Discussion,Community_Discussion
"happy saturday petersfield! we've just had an excellent drop of new books, everything from the new william boyd to minecraft!",Technical_Issues,Technical_Issues
on this day in 2001 we lost george harrison. november 29th 2001. georgeharrison whilemyguitargentlyweeps,Feature_Feedback,Community_Discussion
hey <user> is you could keep it down while mastodon plays tomorrow at bluesfest that would be the best. thank you for your time.,Technical_Issues,Technical_Issues
now <user> get de gea to sign a big deal so real madrid don't buy him in january on the cheap! degea deadlineday,Community_Discussion,Community_Discussion
"ew , school tomorrow , it gets tiring making straight a s",Community_Discussion,Community_Discussion
my god if they say another word about how 'disgraceful' gay marriage is they may just get a slap round the face,Community_Discussion,Community_Discussion
<user> we look like uva. there i said it. so sad but so very true.. november 24th is going to be a circus,Community_Discussion,Community_Discussion
"<user> little, it goes on netflix on october 5th i think!!",Community_Discussion,Community_Discussion
katy perry ni as in paris cover woah i didn t think she had it in her.. via <user>,Community_Discussion,Community_Discussion
"i cut 6th period just so kevin didnt have to be in art by himself, im such a good friend!",Community_Discussion,Community_Discussion
"<user> <user> when modi is after slaughtering muslims, its difficult he may rule long.",Community_Discussion,Community_Discussion
my tv just told me to go out tonight and be social and stay in tomorrow and have olive garden. mhmm.,Community_Discussion,Community_Discussion
<user> i m going to be at your santos party house this saturday for the weird by weird standards party. stop by and we ll rage!!,Community_Discussion,Community_Discussion
intimate showcase with chris rene november 7 in auckland. can't buy tickets to this. click the link to enter..,Community_Discussion,Community_Discussion
"if cena ties ric flair's 16th world titles, that will truly be a slap in the face of flair. ridiculous raw",Community_Discussion,Community_Discussion
"<user> did you greet josh bradley last sunday, his bday? i hope. i love your loveteam!",Community_Discussion,Community_Discussion
can we just keep hutchison away from david price..his suck may be contagious bluejays,Community_Discussion,Community_Discussion
"<user> bitter sweet serena may almost not have wanted to win. but their father richard always taught them, to do the best they can.",Community_Discussion,Community_Discussion
style news republican presidential hopeful carly fiorina said sunday that she would oppose a governm.. ny dc,Community_Discussion,Community_Discussion
<user> well its my favorite 4th doctor story and its written by douglas adams. and if youve ever read the 1st dirk gently book 1of2,Community_Discussion,Community_Discussion
"floyd mayweather is a cherry picker mayweather will face berto on september 12, and boxing fans around the wo..",Community_Discussion,Community_Discussion
<user> hahaha shut up cupid! yeah hopefully it does go good and saturday and every other day!,Community_Discussion,Community_Discussion
curtis with their 3rd 3 and out to start this one,Community_Discussion,Community_Discussion
yo if u don't vote nov 6th for frank bolanos for mayor of doral..drop kicks and elbows to the face maa niggaa.,Community_Discussion,Community_Discussion
i've watched three films this weekend with anna kendrick in it and its only saturday. no regrets.,Community_Discussion,Community_Discussion
america. where the christians will enjoy memorial day off of work but will go to the office for good friday. becausepriorities,Community_Discussion,Community_Discussion
<user> thursday d and well it's that winter wonderland at hype park google it it looks fab!,Community_Discussion,Community_Discussion
gop hopeful kasich files for 1st in the south primary ohio gov. john kasich on monday landed the endo.. hinews,Community_Discussion,Community_Discussion
"dr. swamy writes to the pm on how rahul gandhi may have got kickbacks. namo, restitute kaalaadhan.",Community_Discussion,Community_Discussion
floyd mayweather has just revealed his opponent in his last fight ever on september 12. will you watch it?,Community_Discussion,Community_Discussion
"good to see nfl back on the bbc, shame the highlights isn't till november thou.",Community_Discussion,Community_Discussion
worked long and hard tonight ahead of an intense all day coaching session coming up this saturday with rik johnson and david wright!,Community_Discussion,Community_Discussion
<user> this administratio is living in the twilight zone there may b terrorists mixed in with the refugees y r u putting our lives at risk,Community_Discussion,Community_Discussion
randy orton may want to change around his wwe schedule,Community_Discussion,Community_Discussion
"in my david ruffin voice oh it s sunday? well, i guess i ain t gon be there then.",Community_Discussion,Community_Discussion
erdogan says he wil call snap turkey election on nov 1 world,Community_Discussion,Community_Discussion
take care geddit to see a celebration of harold pinter at ip on sat aug 25 with celebrated actor julian sands 01943 609539 for tickets,Community_Discussion,Community_Discussion
game of thrones season 4 premieres on april 6 on hbo. are you ready? watch the trailer and cool 9 m,Community_Discussion,Community_Discussion
"<user> thanks, israel! the base band version will determine if the device is up to date. may we please have the model",Account_Security,Account_Security
absolutely smashed. up early tomorrow to get to the strawberry by st james park. fuck the mackems,Community_Discussion,Community_Discussion
<user> <user> seth rollins great match with neville on monday night raw very entertaining match,Community_Discussion,Community_Discussion
tomorrow's times leads with government child abuse cover up. newsnight go with allegra stratton's love letter to george osborne,Community_Discussion,Community_Discussion
"fbi asks for the 4 and comedian jan hooks dies at white house with sex assault, hazing after plunging as exit polls place him for isis ta..",Community_Discussion,Community_Discussion
<user> its 900p because we have 60 fps it may be 1080p on ps4 but it lingers around 50fps,Community_Discussion,Community_Discussion
this may be best defense <user> can put on the field. of course it helps to have a 2x gold glove winner in david wright at 3rd. mets,Community_Discussion,Community_Discussion
"<user> here it's over, eid on friday,4th day no eid <user> <user> <user> <user> <user> <user>",Community_Discussion,Community_Discussion
"<user> we went to twilight races last friday and it was great, ef markets food stall people would be a gr8 addition. nextime",Community_Discussion,Community_Discussion
i m going to kfc tomorrow so andy the guy boy idk what age he was better be there because he s like my runaway love,Community_Discussion,Community_Discussion
no14 den 34 peyton and eli may meet in the super bowl if both denver and the new york giants keep winning like they did sunday,Community_Discussion,Community_Discussion
<user> at least they got to the big show. hope feb 3rd is a good day for the packers.,Community_Discussion,Community_Discussion
janet jackson is coming on september 18th i will give someone 50 to shoot her in the fucking face,Community_Discussion,Community_Discussion
a district judge on monday held kane on charges for allegedly lying about leaking secret grand jury information to get back at her critics gt,Community_Discussion,Community_Discussion
"when <user> scams a poor innocent girl out of 20c, after she sat in big brother for 2 hours. your pathetic, hosting rights removed.",Community_Discussion,Community_Discussion
"<user> gm the new cast of dwts is going to be on good morning america on tuesday morning, hope your appts. go well, love u!!",Technical_Issues,Community_Discussion
8 am i want to give you tickets to see janet jackson sept 8 <user> <user> <user>,Community_Discussion,Community_Discussion
"khader adnan may be released, but the struggle continues. 1,600 palestinians are on an open ended strike as of today to mark prisoner day.",Community_Discussion,Community_Discussion
remus lupin is the best harry potter charater in my mind,Community_Discussion,Community_Discussion
"<user> haha no, the first was just barca and then i put the just to separate for my 2nd club",Community_Discussion,Community_Discussion
i'm a red sox fan amp this man should have just sat down after his bloody sock salvation amp never said anything again.,Technical_Issues,Technical_Issues
"rangers have placed josh hamilton on the 15 day dl, retroactive to august 16.",Community_Discussion,Community_Discussion
businessinsider the state department may have rewarded a key player in the iran deal by lo.. news <user>,Community_Discussion,Community_Discussion
kanye west really may be the most ignorant human walking the earth lol,Community_Discussion,Community_Discussion
you cannot stop yahweh elohim business. yahweh elohim has bestowed his powers on janet jackson and it's sealed in yahwe s 9th seal .,Community_Discussion,Community_Discussion
thank you baltimore for a great holiday heap! my best ever today! join us tomorrow at the creative alliance 3134..,Community_Discussion,Community_Discussion
where's a good place in studio city la to watch monday night football tonight? lemme know!,Community_Discussion,Community_Discussion
"not 1st time we ve had shocker at anfield on halloween.we can all see what needs to be done.carry on brendon, you ve got my backing lfc",Community_Discussion,Community_Discussion
"think dustin johnson needs to take some advice of zach this weekend, maybe some divine intervention is what he needs on a sunday uspga",Community_Discussion,Community_Discussion
<user> you may be going to lsu but not me,Community_Discussion,Community_Discussion
"roddy pipers funeral was held tuesday. some of the most notable names that attended included ric flair, triple h,..",Community_Discussion,Community_Discussion
bring on the housemates! celebrity big brother kicks off august 27th 9pm exclusively on tv3!,Community_Discussion,Community_Discussion
"facebook may have solved mobile, but google is still struggling with it via <user>",Community_Discussion,Community_Discussion
"<user> 7th monroe is also only 2 blocks s, 1 block w of the metro exit on catholic side. follow mbt signs",Community_Discussion,Community_Discussion
"iran oil exports may rise by 500,00 barrels per day in year after sanctions iea et special love visual aspe..",Community_Discussion,Community_Discussion
on october 6th illustrated harry potter comes out and mcdonald's starts serving breakfast all day.,Community_Discussion,Community_Discussion
my 62 year old father knew rousey's fight date before me. knew it was november but not date. he chimes in oh yeah she fights nov 14,Community_Discussion,Community_Discussion
laker fans should take it as a sign that they got beat by the sacramento kings twice in the preaseason..and their starters played the 4th,Community_Discussion,Community_Discussion
kanye west may not be book smart but he has a whole hell of a lot more common sense than donald trump,Community_Discussion,Community_Discussion
"the bucks' john henson is hit at the knee by a falling ilyasova. doesn't look good. he goes to the locker room. bulls up 85 75, end of 3rd.",Community_Discussion,Community_Discussion
does anybody else think <user> when they see the son of chris evans on tfi friday. sorry mate,Community_Discussion,Community_Discussion
finds out we need a shot for 6th amp 12th grade kelsey it was michelle obama wasn't it. she took away our food amp now she's stabbing us.,Community_Discussion,Community_Discussion
"our deep condolences for lee soo man's family, may she rest in peace",Community_Discussion,Community_Discussion
i have an extra ticket to a sam smith concert tomorrow at 8. anyone wanna go with me??,Community_Discussion,Community_Discussion
my playlist is going from bryson tiller to justin bieber to august alsina lmao,Community_Discussion,Community_Discussion
<user> <user> <user> that s up to phil. he s a big fan and may want to keep the copy all for himself.,Community_Discussion,Community_Discussion
"<user> i could pick up my dog, my 2nd cousin and david beckham and still get top 3 at that event, pls win it",Community_Discussion,Community_Discussion
don't miss the beast brock lesnar on espn tomorrow morning! brocklesnar,Community_Discussion,Community_Discussion
and now we have no power! i wonder if ces does since it is only two blocks away? kiddos may be coming home from school.,Community_Discussion,Community_Discussion
just watched sharknado 3 can't wait for the 4th,Community_Discussion,Community_Discussion
when you were gonna get some netflix and chill sex tomorrow but you start your period,Community_Discussion,Community_Discussion
<user> <user> flipkart isn't letting me exchange my moto g 2nd gen mobile. they are cancelling my orders. you just lost a buyer.,Community_Discussion,Community_Discussion
"we got any ole miss and mississippi state fans in the house?? if you dont, then your team just may suck.",Community_Discussion,Community_Discussion
sunday night lounging! jett lounge is the destination! big leo celebration! everybody free all night! pool t,Community_Discussion,Community_Discussion
it looks like more bad blood may have been spilled. a day after nicki minaj and taylor swift got into a..,Community_Discussion,Community_Discussion
i don't wanna see ice cube son re do all ice cube parts.i saw boyz in da hood 2.a remake of friday.what's next.all about the benjamin's 2?!,Community_Discussion,Community_Discussion
ant man starts tonight! runs fri mon at 8 00pm nightly amp is rated pg. see you at the movies,Community_Discussion,Community_Discussion
it was weird seeing robert griffin the 3rd and justin tuck playing football and not eating subway sandwiches,Community_Discussion,Community_Discussion
"big brother starts tonight and x factor on saturday, wish i could emigrate or hibernate",Community_Discussion,Community_Discussion
all stoned with weed march to jantar mantar. lol. y don't <user> volunteer to be hanged instead of yakub?,Community_Discussion,Community_Discussion
"that girl is me whenever bad blood comes on, well in my head i kill it like that but truly i'm doing the sprinkler.",Community_Discussion,Community_Discussion
updating tomorrow but i won't be on twitter much. i love you all and stay gucci if you need me text me. <user> <user>,Community_Discussion,Community_Discussion
found out that monster hunter 4 on the 3ds has online so i guess i may end up playing it?,Community_Discussion,Community_Discussion
friday night lights.. cheer on bishop mcnamara at home tonight as they take on st. ignatius! sophomore game..,Community_Discussion,Community_Discussion
finally got the start to <user> video for chasing the sun yes i always get the end i love you mtv hits,Community_Discussion,Community_Discussion
big joe keeping it litt 'i will beat conor mcgregor' declares donegal man joseph duffy sunday world,Community_Discussion,Community_Discussion
"new favorite below the cherry moon from coming album, brighter, out march 5th 2012 by whomadewho on soundcloud",Community_Discussion,Community_Discussion
"<user> may brook live under the shariah, in saudi arabia 4 the rest of her miserable life. allah akbar!! brookie girl lol",Community_Discussion,Community_Discussion
<user> it s almost 2 am in bkk but i can t sleep after the game. it isn t the 1st time we lost cuz of ref.,Community_Discussion,Community_Discussion
this friday is the deadline to get your applications in for the pride parade! you can email them to..,Technical_Issues,Technical_Issues
cliff avril leaves detroit lions game with back injury detroit lions defensive end cliff avril left sunday s ga..,Community_Discussion,Community_Discussion
<user> <user> reminded you of arsenal's traditional februray april breakdown? get off your high horse..,Technical_Issues,Community_Discussion
so carly fiorina is going to crash and burn. <user> wakeupamerica ..next..,Technical_Issues,Community_Discussion
last day of bca tomorrow. lori of off say yes to dress has breast cancer.,Community_Discussion,Community_Discussion
"microsoft nokia holding a get together on august 17, 2011 august 17 could be the day we see an official annou..",Community_Discussion,Community_Discussion
john cena has just turned heel!! downgoesstewart jonstewartcena raw,Technical_Issues,Technical_Issues
paul mccartney playing as the sun sets in chicago was definitely one of the most beautiful things i've ever witnessed ok,Community_Discussion,Community_Discussion
"<user> millsap, al.. favors is getting there and kanter will. is jeremy evans your 5th? idk about that. if evans is legit, i think",Community_Discussion,Community_Discussion
<user> <user> love this picture! praying for you right now vanessa! may the lord be your strength!,Community_Discussion,Community_Discussion
secured beta access for rainbow six seige on both xbox one and ps4. is it september 24th yet?,Community_Discussion,Community_Discussion
dunno why i didn't think of downloading the netflix app to watch pretty little liars whilst sunbathing until the 4th day of the holiday,Technical_Issues,Technical_Issues
so mad i have school this week.. if i didn't i would be in nyc because shawn has a show tomorrow and the jacks have one the day after,Community_Discussion,Community_Discussion
win tickets to see janet jackson at the air canada centre on september 15th!,Community_Discussion,Community_Discussion
beyond obama s hope the work of shepard fairey,Community_Discussion,Community_Discussion
yeah it s most likely that i won t be able to go to the game tomorrow in tucson unless i get a last minute ride.. noride sadd,Community_Discussion,Community_Discussion
serena is emotionally drained. hope she has time to rest up before thursday.,Community_Discussion,Community_Discussion
"gop candidates rick perry, bobby jindal at the spoke sunday at the black hawk county gop dinner. iacaucus",Community_Discussion,Community_Discussion
<user> is having a show nov 10th the house of blues friends or anybody hmu if u want to go thanks,Community_Discussion,Community_Discussion
"rappers make millions while saying the n word, hulk hogan says it and as a result may lose millions.",Technical_Issues,Community_Discussion
<user> is creeping! rt me justin love ya so excited for the concert in october mexico loves you<3 u inspire me,Community_Discussion,Community_Discussion
mumford sons tickets for the extra london o2 arena show on dec 18th are onsale now. mumfords,Community_Discussion,Community_Discussion
gucci bags superego good hope january flaunt the dual yours entelechy ultra ultra fanning out versus argumentu..,Community_Discussion,Community_Discussion
my plans were to sharknado 1 amp 2 it up for tomorrow's big premiere.. but oitnb won. 1 2way thru season 3.. i need more hrs in the day..,Community_Discussion,Community_Discussion
smith sacked by jpp on 3rd and 4. loss of 9 and andy lee is out there for the first time.,Community_Discussion,Community_Discussion
whatcha want from dunkin tomorrow sweetheart? <user>,Community_Discussion,Community_Discussion
"boehner wants obama to move his speech on wed to thurs of nxt week, due to the gop debate on wed. no sense of urgency while americans suffer",Community_Discussion,Community_Discussion
"sharknado is one of the worst movies in existence, but i'm watching it for the 10th time for some unknown reason",Community_Discussion,Community_Discussion
<user> the first and the last crap on this planet right is you seth rollins and on sunday wwe universe will get rid of this crap .,Community_Discussion,Community_Discussion
"spoke to giles clarke yday about icc's global tv rights deal with star. read his thoughts, and our analysis, in <user> tomorrow.",Community_Discussion,Community_Discussion
just got madonna tickets for the 2nd night at msg for myself and matthew carl brucker toles.. which means 4..,Community_Discussion,Community_Discussion
"second thoughts careful now, or you might get a bad rap snoop dogg is shown in a june 27 file photo. sno.. rap",Community_Discussion,Community_Discussion
"finished filling out the fafsa for this scholarship application. hopefully it s processed before november 15, cause i need it by then.",Technical_Issues,Technical_Issues
bts this arvo with jess borrowing some mats from <user> for tomorrow's free yoga class. yoga is..,Community_Discussion,Community_Discussion
"scott walker may be pandering to the party's lunatic fringe, but credit where it's due, he comes off as an actual lunatic.",Community_Discussion,Community_Discussion
"rip frank gifford.golden boy. hof player in nfl and last of mohicans from mon night football crew.cosell , meredith and the giffer..",Community_Discussion,Community_Discussion
"<user> you think mr.calle let practice with you guys ,cause i don't have practice tomorrow ??..",Community_Discussion,Community_Discussion
cant wait to see the ipad hd ..,Community_Discussion,Community_Discussion
net net and danee gon beat my ass at school tomorrow especially net net she be on dummy,Community_Discussion,Community_Discussion
"new blog, nice conversations with friends both staying in the deepest pits of hell and going to see paper towns tomorrow. good shit.",Community_Discussion,Community_Discussion
"<user> hi, i have a sneaking suspicion barack obama and sarah palin may be part of the dkeu. can you find out, please?",Community_Discussion,Community_Discussion
6th floor. david mack assaults jennifer lawrence with a hemorrhoid. amitabh bachchan mows lisa kudrow all the while.,Community_Discussion,Community_Discussion
"johnkerry says isis had a rationale for the charlie hebdo killings in january pic of muhammad , but friday night in paris was different",Community_Discussion,Community_Discussion
"i'm going to see father john misty on friday and, like, paul mccartney??",Community_Discussion,Community_Discussion
"female dinner hostess needed, 12 nov 3 11pm , marina keppel bay, 150. taking care of vips. pm text me if you're interested!",Community_Discussion,Community_Discussion
<user> damn i don t wanna get on my computer. tomorrow my harry feels are out of control and the outtakes video broke me,Community_Discussion,Community_Discussion
"lollapalooza 2015 day one paul mccartney is in a feisty mood reports from friday, day one at lollapalooza in..",Community_Discussion,Community_Discussion
hmm balotelli may have came back to milan at the right time ..adriano and bacca both stepped their game up.. wearemilan acmilan,Community_Discussion,Community_Discussion
tampa bay buccaneers game by game predictions for 2nd half of the season bleacher report buccaneers,Community_Discussion,Community_Discussion
"janet jackson takes fans behind the scenes of her album cover shoot on thursday, the 49 year old.. theirfanism",Community_Discussion,Community_Discussion
"16 46 steven pourier, jr. olc made the 1 shot free throw. dasu leads 8 6 in the 1st half. naiambb",Community_Discussion,Community_Discussion
ufc 189 was everything i wanted it to be and everything i imagined. robbie lawler ko in the 5th round and conor mcgregor ko end of the 2nd,Community_Discussion,Community_Discussion
no way to underestimate the madness and cynicism and frank and open loathing of country that characterizes today's republicans,Community_Discussion,Community_Discussion
if jeb bush wins by some far chance the flood gate will be really opened and our 1st language will be spanish,Community_Discussion,Community_Discussion
got my <user> tickets in the mail today!! so excited to see mario lemieux drop the 1st puck! hockeyisback,Community_Discussion,Community_Discussion
so i just saw the commercial 4 michael jackson the immortal world tour by cirque du soleli is going to be here july 20 21 <user>,Community_Discussion,Community_Discussion
take the 1st step to purchase your dream lexus. contact our f amp i department to find out how you can apply for finance,Technical_Issues,Community_Discussion
under 24hrs till the <user> album is out! get urs on cd or mp3 download at shipping aug 01 miaklose rock london,Technical_Issues,Technical_Issues
<user> uhmm are you sure ? cuz groundhog day isn t til like february or march lol,Community_Discussion,Community_Discussion
gucci unmentionables jivatma esoterica february plan the two yours connotative from mutual attraction in conte..,Community_Discussion,Community_Discussion
alright ladies and yes gents. our poll is here! you may know these two best from both thor movies and the avengers among others .,Community_Discussion,Community_Discussion
fca is tomorrow morning at 7 30 in the pac! we re doing small groups! i hope to see you all there!,Community_Discussion,Community_Discussion
rousey obliterated correia on saturday! is she the most dominant <user> fighter ever? ufc190 rondarousey,Community_Discussion,Community_Discussion
its been 9 months since louis first hung out with briana in april so is there gonna be a baby soon?,Feature_Feedback,Feature_Feedback
"ok, so hulk hogan may have took it a bit too far this time..",Community_Discussion,Community_Discussion
listening to sean parker's hipster international mix on spotify. i think this fact may make me a terrible person.,Community_Discussion,Community_Discussion
scotus cannot make law only rule on it. get real america. unless it's healthcare.then they feel they can.,Community_Discussion,Community_Discussion
i've woke up everyday since august 1st to google frank ocean for news. everyday i don't have his new album is a day not worth waking up for,Community_Discussion,Community_Discussion
pretense promoting ibm machine accessories november have place sound the clobber oneself sexual desire vice plug! udiqh,Community_Discussion,Community_Discussion
"kim kardashian may have no talent, but she's a business woman. michelle obama dont got talent. she was just that wife on the come up",Community_Discussion,Community_Discussion
"<user> february?! the fuck. nbx shitting the bed w community, parks and recreation, up all night and 30 rock",Community_Discussion,Community_Discussion
"oracle lead at the bottom gate, didn't see where it happened, but etnz go past us and are 2nd at the gate.. <user> bringthecuphome",Technical_Issues,Technical_Issues
the future must not belong to the butchers of planned parenthood! 9th video via <user>,Community_Discussion,Community_Discussion
<user> <user> i remember 1st seeing veldheer the senior bowl thinking this kid can ball. fortunately we got him,Community_Discussion,Community_Discussion
"finally home from florida,annoying that we lost but on 2 the next 1 as jay z says .looking forward 2 relaxing tonight and tomorrow xx",Community_Discussion,Community_Discussion
this may be the greatest internet video of all time. randy orton vs the avengers age of rko,Community_Discussion,Community_Discussion
"<user> i ll probably watch a few episodes of the ricky gervais show tomorrow and in my free periods, on mah laptop. yay! d",Community_Discussion,Community_Discussion
<user> singing find your love by drake like the kid in my 4th block class that swears he s good. lmaoo!! leave that boy alone!,Community_Discussion,Community_Discussion
is niall gonna have his 22nd in la with his celeb friends,Community_Discussion,Community_Discussion
rt <user> check out my column in scotland on sunday <user> today on the glorious grouse can't wait for friday!,Community_Discussion,Community_Discussion
the best thing about a thursday night is definitely celebrity juice hilarious,Feature_Feedback,Feature_Feedback
the bullet riddled vehicle in which udr lance cpl david halligan was killed by the ira outside armagh on 17 nov 1989,Community_Discussion,Community_Discussion
"this may be the odd david bowie song here and there, but never listened to a full album.",Community_Discussion,Community_Discussion
i haven t been able to look at todd bertuzzi the same way since the steve moore incident,Community_Discussion,Community_Discussion
i thought this was the announcement of a janet jackson remix at first and i'm kind of disappointed.,Technical_Issues,Technical_Issues
"1st episode of careless world tv from europe is on facebook, make sure to give it a like teamtyga",Community_Discussion,Community_Discussion
murray gives something else for asu d to think about.. this may help allen as well..,Community_Discussion,Community_Discussion
"khamenei has written a 2nd letter to western youth giving them advice,i hope they learn how to bankrupt their country like he did to iran!",Account_Security,Account_Security
"<user> february 2, aka groundhog day, we can pull it off, right?",Community_Discussion,Community_Discussion
i have 2 passes for looper in pico rivera on thursday. message or text me if you want them.,Community_Discussion,Community_Discussion
cech set to leave in january atletico madrid has joined roma and real madrid in the race to sign chelsea outc..,Community_Discussion,Community_Discussion
tonight we're seeing lee bryce and they're already trying to get me to go with them to zac brown band on saturday,Account_Security,Account_Security
"an apologist through and through! tackle the hate that is islam, then you may start to address the root cause!",Community_Discussion,Community_Discussion
scott walker said sunday he is open to building a wall on the u.s. border with canada. idiot tcot,Feature_Feedback,Feature_Feedback
today is international fasd awareness day and september is awareness month. please take the time today to google..,Community_Discussion,Community_Discussion
talking about janet jackson..i can't wait to see her in february! unbreakableworldtour,Community_Discussion,Community_Discussion
so far chris sale is sitting at 5th place for white sox single season k leaders with 227.,Community_Discussion,Community_Discussion
caitlyn jenner amp kris jenner come face to face the cameras were rolling as caitlyn jenner sat down with kris ..,Technical_Issues,Technical_Issues
"if youkblow hard enough on an old nintendo cartridge, mar.o will apjeae and give you three extra lives.",Community_Discussion,Community_Discussion
100 days away barack obama mitt romney meet in their first tv debate at the university of denver 3 oct,Community_Discussion,Community_Discussion
why joe biden may be the best hope for small businesses,Community_Discussion,Community_Discussion
currently downloading the saturday night fever soundtrack cause the bee gees are the fucking shit,Technical_Issues,Technical_Issues
"though the films may have faults, the soundtracks to the twilight movies are perfect for writing. especially for gothicists . phdchat",Community_Discussion,Community_Discussion
<user> are you about for trials on friday night if so i will see if thor is available to join us?,Community_Discussion,Community_Discussion
<user> not heard that song since uni. tottenham supprting friend singing about arsenal when we went to watch them play shef wed.,Community_Discussion,Community_Discussion
"in a way spurs aren't really getting a 2nd st if they want the 2nd st to be like kane. son, n'jie, pato? don't drop back as well. maybe son.",Community_Discussion,Community_Discussion
antonio carluccio is the latest celeb chef to try his hand at an italian eatery in liverpool. our 1st impressions..,Community_Discussion,Community_Discussion
sox fans that are happy that kris bryant left the game with an injury are pretty pathetic! c'mon guys really?!? we are better than that!,Technical_Issues,Technical_Issues
there's one difference here. hh was never ric flair's bitch. this sunday. i'm going to make you mine. signed. mic drop. spot on. raw,Community_Discussion,Community_Discussion
monday night raw tell about for the business of you john cena and no seth rollins i want bri bella and nikki bella you have no class let's l,Community_Discussion,Community_Discussion
taylorswift fact 4 she released the bad blood music video on may 17.,Community_Discussion,Community_Discussion
the covers of the penguin lantern classics are brilliant. love the feel.content is good too! signing tomorrow westfield parramatta at 11am.,Feature_Feedback,Community_Discussion
"oliseh pleased with home based players after win in test game super eagles coach, sunday oliseh, .. via <user>",Community_Discussion,Community_Discussion
police say there will be a highly visible presence in rotherham to make sure tomorrow night's derby with leeds united passes without trouble,Community_Discussion,Community_Discussion
idk how i feel about the kandi factory. kinda cheesy? yeah. this was a bad first episode. not good enough to be a sunday night show.,Community_Discussion,Community_Discussion
nuit blanche is this weekend and with it comes seeing people i miss a lot. why isn't it saturday yet?!?! fb,Feature_Feedback,Feature_Feedback
joe biden is not going to run for president. he may even resign as vice president before term ends.,Community_Discussion,Community_Discussion
i'm over here tryna do this work before classes start tomorrow and nicki is being the shady bitch queen she is and i just lost all focus,Community_Discussion,Community_Discussion
<user> <user> when shawn and the jacks are going to be in nyc and you are going on thursday night,Community_Discussion,Community_Discussion
"day 12 monday, 11 12 thank a veteran day. brave men and women who have served their country with honor surround us. find a veteran t..",Community_Discussion,Community_Discussion
working friday morning shift at dunkin is actually the most stressful thing you could do. godhelpme,Community_Discussion,Community_Discussion
"<user> all the hoopla around the others and i'm sitting here, and my kris bryant man crush is 7th grade esque.",Community_Discussion,Community_Discussion
take a warm winter vacation in myrtle beach vacations made .. ring in the holiday season at the 31st annual ..,Community_Discussion,Community_Discussion
rt <user> have you hated auburn today?,Community_Discussion,Community_Discussion
mayweather insists berto will be his last foe floyd mayweather insists his september 12 showdown with andre b..,Technical_Issues,Technical_Issues
"tomorrow knicks vs heat it gonna be tough game carmelo anthony, tyson chandler and jason kidd vs lebron james, dwayne wade and chris bosh",Community_Discussion,Community_Discussion
fireworks finale at the 2012 san diego county fair at del mar. video from my phone,Community_Discussion,Community_Discussion
"better value phone that moto g 3rd generation? but android only, people. i see you, you itits.",Community_Discussion,Community_Discussion
<user> we re barely 40 to the ira tally in england. tolerance is high for this. deaths will be sky high before the march down whitehall,Technical_Issues,Technical_Issues
"tomorrow night practice with the <user> team, black vs gold baseball game, a mizzou vs sc volleyball game. onemizzou",Community_Discussion,Community_Discussion
apparently i have a new moroccan boyfriend. he doesn't speak english so we just sat on his nokia and played snake. best relationship ever,Technical_Issues,Technical_Issues
pals knock2bag tonight at rich mix! come and hang out. also you can catch me on russell howard s good news tonight and tomorrow.,Community_Discussion,Community_Discussion
lol when frank ocean decides to lowkey drop his album on spotify and say it was released june 30th shits fire tho,Community_Discussion,Community_Discussion
"also monday night, eat at maverik center as we debut little italy at the back of the concourse with seating for 70 people. check it out!",Community_Discussion,Community_Discussion
<user> ya never would have thought you'd lose 2 games when kershaw had leads going into the 7th,Community_Discussion,Community_Discussion
get to see my big sis sunday and watch the packers game! missher <user>,Community_Discussion,Community_Discussion
"seen some u2 tickets for 14 october, but i'm very afraid the person wants to make profit out of it instead of selling them for face value",Community_Discussion,Community_Discussion
i remember seeing <user> for the first time at his 10th album release party at hammerstein ballroom in nyc.. i was in heaven classic,Community_Discussion,Community_Discussion
<user> 2 fa cup sf s carling cup final lost on pens he may not have been a true leader but he certainly took us places we ain t been.,Community_Discussion,Community_Discussion
"this friday system of a down , ice cube playing straight outta compton, iggy pop cyprus hill , and the airborne toxic event gt gt gt gt",Technical_Issues,Technical_Issues
it s been in the 50 60s all week. this weekend its gone be back in the 70s then on monday its droppin back down to the 50s. fuck atl weather,Technical_Issues,Technical_Issues
that goes for george osborne and theresa may too don't think i've forgotten you,Community_Discussion,Community_Discussion
"i swear to god if this boy is pulling a frank ocean, all the boys will be crying. i have such trust issues now.",Community_Discussion,Community_Discussion
thursday just aren t as exciting now waterloo road has stopped,Community_Discussion,Community_Discussion
. <user> family yoga at <user> returns on september 27! join us for a free class on the lawn,Community_Discussion,Community_Discussion
"sun is shining by bob marley amp the wailers, found with <user> listen now",Community_Discussion,Community_Discussion
"a no no, kanye announces he's running for president, and nicki gets crazy with miley all in the the same night.. it's sunday wtf",Community_Discussion,Community_Discussion
"<user> <user> no, because he'll lose the u.s. title to john cena tomorrow night..",Community_Discussion,Community_Discussion
definitely wish i could catch this tomorrow night. dare night lockdown <user> at the gladstone hotel.,Technical_Issues,Community_Discussion
<user> glam girls want to invited everyone to enjoy halloween with them tomorrow at the grenader on riverview and rosedale from 5 8pm,Community_Discussion,Community_Discussion
celebrity big brother reminds me of that simpsons halloween episode when all those awful celebrities are on a plane to the sun.,Community_Discussion,Community_Discussion
<user> cuba. i'll tell you more after i book it tomorrow and before i leave sunday!,Community_Discussion,Community_Discussion
<user> i've had several problems with amazon prime customer service has been a nightmare especially if your items are from 3rd party vendor,Community_Discussion,Community_Discussion
watch triscygaming with me on twitch! get in on this cast for some monster hunter! mon hun sun son!,Community_Discussion,Community_Discussion
wbo featherweight champion orlando salido beat fighter gutierrez stopping him in the 3rd round saturday night in a non title fight. boxing,Community_Discussion,Community_Discussion
the foo fighters noise will be so annoying on saturday trying to watch the football,Community_Discussion,Community_Discussion
they are absolutely blind to zayn's good nature. use lame excuses to hate on him bc they just bitter still.,Community_Discussion,Community_Discussion
cubs kris bryant is starting in right field for the cubs on monday.,Community_Discussion,Community_Discussion
"hp fiorina may find center stage uncomfortable republican presidential candidate carly fiorina, the former h..",Community_Discussion,Community_Discussion
boko haram on saturday claimed responsibility for attacks in chad's capital n'djamena and the nigerian city of..,Community_Discussion,Community_Discussion
sunday morning up at the lark a think i'll take a bomb to hyde park hey hey hey it's the ira,Community_Discussion,Community_Discussion
<user> harvey and shawn have put me on the no access list along with bo and carl pelini. otherwise i'd be there tomorrow.,Community_Discussion,Community_Discussion
rt <user> check out the brand new video for <user> 'dinosaurs' released aug 29th on mta.,Community_Discussion,Community_Discussion
"following trump, scott walker and ted cruz, said they support revoking 14th amendment rights for the children of immigrants.",Community_Discussion,Community_Discussion
<user> <user> close early on thanksgiving eve. decorate like the dickens. thanksgiving day off! boom. store all christmas for friday.,Community_Discussion,Community_Discussion
"4 casecrown axis flip case black for ipad 4th generation with retina display, ipad 3 ipad 2 built in magn..",Feature_Feedback,Community_Discussion
"slider to center by mark trumbo and that will do for the top 3rd. mariners lead white sox, 4 0.",Community_Discussion,Community_Discussion
"<user> <user> jeb bush dug himself a deep hole with his act of love comment.if he was 3 yesterday, he will be 3 tomorrow",Community_Discussion,Community_Discussion
<user> <user> it will happen in 4th year and remember rahul don't make him hero like u guys did with yakub,Technical_Issues,Technical_Issues
frank ocean idk how im going to make it through tomorrow so pls drop the album,Community_Discussion,Community_Discussion
now i'm talking to my big sister and she's telling me that kane's telling her he is going out on sat and i'm like yhh i know with me,Community_Discussion,Community_Discussion
"<user> oo i need to get back in to hannibal! did season 1 then just kind of stopped. yar, started last week. you got kids in tomorrow?",Community_Discussion,Community_Discussion
i feel like viola davis is being cicely tysoned but i m going to bed. i may awake to hate tweets.,Community_Discussion,Community_Discussion
". <user> on planned parenthood videos it's grotesque, it's barbaric, and there's more to come. via <user>",Community_Discussion,Community_Discussion
mom just asked if i wanted to see the knicks vs celtics in october..i hate both teams but it s a live game hmm,Community_Discussion,Community_Discussion
"in honor of national margarita day come and enjoy 3 margarita s, and the usual wednesday specials 1 drafts and free food buffett!!",Community_Discussion,Community_Discussion
i'm officially done with all of my exit level taks. lets just hope i don't have to retake any in march. 2013,Community_Discussion,Community_Discussion
<user> beyonce 19 is soon beating or going to tie madonna 20 for most vma awarded artist. lady gaga is 3rd so far,Community_Discussion,Community_Discussion
im really happy tht shawn won at the tca on the 16th of august im proud of him.,Technical_Issues,Technical_Issues
<user> rt congratulations miss usa 1st runner up! so proud to have <user> represent the rg..,Community_Discussion,Community_Discussion
"<user> may not be my first choice for president, but i'm voting for him if he's nominated. at least he's better than hillary",Community_Discussion,Community_Discussion
must be the worse golfer of all time irish amature paul dunne teed off 6.43am thursday scheduled to finish around 7.15pm on monday!!,Community_Discussion,Community_Discussion
"nine pin bird rock race 2nd race in the duke of marlborough hotel series postponed 24 hours to sunday 4 november, still 10 am start.",Community_Discussion,Community_Discussion
i may cover the eagles of death metal next..because yeahh,Community_Discussion,Community_Discussion
i don t have a jersey to wear tomorrow so i think i m a just wear a mavs shirt. lol,Community_Discussion,Community_Discussion
lady gaga just interrupted matt bomer's hotline bling dance break on ahs hotel and we may never forgive her don't you just hate i..,Community_Discussion,Community_Discussion
replacing the screen on the nokia 1020 went.. badly. luckily new phone arrives tomorrow!,Technical_Issues,Technical_Issues
voting wont end until the 15th so if u dont see the votes that doesnt mean it ended mtvstars lady gaga,Community_Discussion,Community_Discussion
<user> do ya wanna go to trek at lcc this friday with me,Community_Discussion,Community_Discussion
yakub may or may not hav deseved death but he definitely deservd life imprisonment 4his deeds.shame on those who are painting him as a saint,Community_Discussion,Community_Discussion
"on a break from the law world .. at roskilde festival, soaking up pre fest sun and writing a piece on danish ethos !",Community_Discussion,Community_Discussion
"<user> he may start from bench, it depends on the severity of welbeck's knock.",Community_Discussion,Community_Discussion
israel used to kill 10 arabs for every israeli soldier killed. this ratio may be reversed if hostilities with hizbollah move beyond words.,Community_Discussion,Community_Discussion
i didn t want new york to miss my madonna show. get ready for monday! it s gonna be on wnbc! there is a god<33 thanks ellen 3,Community_Discussion,Community_Discussion
george osborne on british contributions we do not have a veto .. and we have to live with the consequences.,Community_Discussion,Community_Discussion
since i'm a redneck i'm gonna pull up to the heritage game friday blaring some hank williams with my cowboy hat and blue jeans yeahbuddy,Community_Discussion,Community_Discussion
i need a new ipod. i've had the same one since like 7th grade,Community_Discussion,Community_Discussion
last day on our disney premier annual passes. gonna get different aps tomorrow. the premier ap is too much hassle when we go to disneyland.,Community_Discussion,Community_Discussion
looking to bring smiles on a friday.. did you see the envelope art for the grateful dead's 50th anniversary..,Community_Discussion,Community_Discussion
i just finished the 5th season of army wives..now what do i do,Community_Discussion,Community_Discussion
<user> <user> i know u miss sec football erin. nothing like it! can t wait for big monday s coming soon. <user> cant wait,Community_Discussion,Community_Discussion
"and <user> mail, calendar, music, and video apps have been rewritten for the third time in four years..",Technical_Issues,Technical_Issues
china renews google's operating licence china said wednesday it had renewed google's licence to operate in the ..,Community_Discussion,Community_Discussion
all home based players have been released from the super eagles camp for this weekend npfl games. they are expected to resume on monday,Community_Discussion,Community_Discussion
the last day of pssas!! juniors will be testing during 1st and 2nd and then they are done with pssas!!,Community_Discussion,Community_Discussion
good weekend ahead shit shirt party tomorrow then united vs arsenal at old trafford including an all day piss up byebyewage,Community_Discussion,Community_Discussion
they accuse you of playing politics because you want to look tough because george osborne has stolen a march on..,Community_Discussion,Community_Discussion
previously floyd mayweather pictured for the 1st time since fight with pacquiao,Feature_Feedback,Community_Discussion
would it be appropriate to have cake for prince george's 2nd birthday? realquestiontho <user>,Technical_Issues,Technical_Issues
"and i never had a good time i sat by my bedside with papers, poetry about estella. greatexpectations",Community_Discussion,Community_Discussion
"<user> just noticed you using the spanish abbreviation no sure , no? think you re missing rafa, mon brave",Community_Discussion,Community_Discussion
y'all want kanye west to die 1st to appreciate him?,Technical_Issues,Technical_Issues
"excitement and danger estatesales . found old wwii shells, not inert! spent time with bomb squad! how is that for a monday?",Community_Discussion,Community_Discussion
tomorrow i'm going to be one of the runaways..! battleborn thekillers,Community_Discussion,Community_Discussion
going to scream and laugh extra loudly tomorrow at disneyland with starli,Community_Discussion,Community_Discussion
"<user> oh, i like some jovi. just nothing since 'these days' or the sept. 11th benefit. blaze of glory is my jam.",Community_Discussion,Community_Discussion
russia removes iran's enriched uranium as per nuke deal the russia iran accord under the july deal foresees t..,Community_Discussion,Community_Discussion
halloween wore me out next on the list danksgiving on nov 23 at big fish pub in tempe hit up for slots and info only a couple left,Community_Discussion,Community_Discussion
"one of the worlds biggest stars paul mccartney will be at a church tomorrow right on my door step, probably wouldn't get to talk to him",Community_Discussion,Community_Discussion
"emma stone in miu miu dress at paris fashion week show, matching umbrella and lippie we applaud you! via <user>",Technical_Issues,Technical_Issues
<user> <user> this isn't new. us military course taught officers 'islam is the enemy',Community_Discussion,Community_Discussion
i ve never sat through an episode of gossip girl which does not inhibit me from calling it jim henson s bret easton ellis babies,Community_Discussion,Community_Discussion
david beckham shares sweet snap as he kisses his 'beautiful boy' romeo on his 13th birthday,Community_Discussion,Community_Discussion
"<user> gabriel doesn't even make arsenal's 1st team, enough said.",Community_Discussion,Community_Discussion
<user> you think aj is a 1st rd pick in the league?,Community_Discussion,Community_Discussion
maybe because of this he may compliment kendrick if they both did a collab album amp might fight to hold his own might be good,Community_Discussion,Community_Discussion
<user> i believe zayn's return is due for jan so he'll probably be at the rumble. no idea what they'll do with hideo.,Community_Discussion,Community_Discussion
"<user> great job that you have done in your movie career, one of the best actors next to chuck norris. but you are a close 2nd",Community_Discussion,Community_Discussion
so the penguin random house merger is to go ahead? better than it falling into murdoch s clutches. a mistake for tuc to sell sun 41 yr ago,Feature_Feedback,Community_Discussion
how great would it be if they played stew s fiesta bowl speech before the game tomorrow night?,Community_Discussion,Community_Discussion
i hope jon stewart cuts a heel promo tomorrow night calling john cena the arby's of wrestling.,Community_Discussion,Community_Discussion
vice president of the senegalese fa has resigned after crowd trouble forced the abandonment of saturday's home tie with ivory coast africa,Account_Security,Feature_Feedback
if chris tucker and ice cube not in the next friday i don't want to watch it.,Community_Discussion,Community_Discussion
choosing to read the transcript of the interview mansbridge did with harper due to the extreme 2nd hand embarrassment i'm bound to endure,Community_Discussion,Community_Discussion
briana may be pregnant but louis isnt the dad or atleast he is not excited about it you can obviously see it when he's been asked about it,Feature_Feedback,Feature_Feedback
steve jobs film bombs at the box office director bizarrely blames david bowie the steve jobs biopic may have..,Community_Discussion,Community_Discussion
i'll use a more recent example. when was the last time you got excited about a new ice cube record? by most standards he may be top 25 oat,Community_Discussion,Community_Discussion
i was in the club wednesday with nike shorts and a t. i guess nike shoes and a t is ok for tonight right?,Community_Discussion,Community_Discussion
that moment you realise justin bieber may be better at freestyling than young thug don't forget to like our page..,Community_Discussion,Community_Discussion
john kasich may is just jeb bush from the a different state. he's a mealy mouthed squish.,Feature_Feedback,Community_Discussion
you promise follow me in <user> ?? it's impossible that you see this.. <user> i went to wwat in spain 11 july,Community_Discussion,Community_Discussion
"mlbfantasy red sox placed inf of hanley ramirez on the 15 day disabled list, retroactive to august 27, with fatigue in his right shoulder.",Community_Discussion,Community_Discussion
i favorited a <user> video pope explains the significance of lent and ash wednesday,Community_Discussion,Community_Discussion
jason russell's breakdown may is a result of the overdose of the red color. when i look at the kony signs i start to feel sick <user>,Technical_Issues,Technical_Issues
flashback friday to pre opening for <user> can't wait to do it all again september 10th for jason aldean!!,Community_Discussion,Community_Discussion
they may have ditched hulk hogan but the wwe still stink,Community_Discussion,Community_Discussion
it better be wednesday today. got my slurpee and all i want to do is relax watching big brother.,Community_Discussion,Community_Discussion
"<user> oh.. there's no joking around about this shit. if there's no headphones, i'm watching dexter tomorrow morning haha fol",Community_Discussion,Community_Discussion
nodarioty happening tomorrow night at neighborhood theatre. put it on your social agenda to come out support your local artist!!,Technical_Issues,Technical_Issues
i don t want to take act tomorrow.,Community_Discussion,Community_Discussion
"the vamps <user> performed in the bbc radio 1 live lounge on monday, check out their amazing set here..",Community_Discussion,Community_Discussion
i just need to see lauren on saturday already.,Community_Discussion,Community_Discussion
<user> 'ruben the 2nd' or 'percy porker' for moo's minecraft pet house pig? d,Community_Discussion,Community_Discussion
june 28th was the last time david price threw less than 100 pitches in a game price bluejays,Community_Discussion,Community_Discussion
im picking <user> and <user> is keeping the title till royal rumble on sunday january 27 2013 helinacell,Community_Discussion,Community_Discussion
who wants to see the foo fighters in indianapolis tomorrow? i have two tickets that i'm not going to get to use. so bummed!,Community_Discussion,Community_Discussion
"dear dana white, do you know how you can make it up to calgary? cowboy vs mcgregor in march for the title if donald wins",Community_Discussion,Community_Discussion
<user> do you know how long alexandra burke will be on stage on thursday at hype park?,Community_Discussion,Community_Discussion
"axl rose needs to just give up. now. not later, not soon, not tomorrow. now!",Community_Discussion,Community_Discussion
<user> you may not put bumpers stickers on a bentley you also don't let a shit load a people drive it either if you get my drift,Community_Discussion,Community_Discussion
bmf1usa vettel announces that he will use his 6th full engine in austin and he won't take part in qualy beacause he will start from pitlane,Community_Discussion,Community_Discussion
feels like a weird twilight zone today.. mid christmas and new year with a slap of monday on top. very odd,Community_Discussion,Community_Discussion
"escape the room this weekend, 3rd row phillies next weekend, jason aldean aug 15 if i can win tickets! birthdaymonth",Community_Discussion,Community_Discussion
"outdoor movie night tomorrow!! come see lorax while you eat hot dogs, and munch on popcorn and other treats. food at 6pm, movie at dusk",Community_Discussion,Community_Discussion
palm sunday flo rida is awesoomee! i got laid last night bc of it,Community_Discussion,Community_Discussion
how about a day of action and meetups on sat oct 18th with jacqui gingras 9 30 am for coffee cafe mazzega in lumby we'll be there,Feature_Feedback,Community_Discussion
"frank gifford's work on monday night football w howard cosell, don meredith, al michaels amp dan dierdorf really helped make me an nfl fan.",Community_Discussion,Community_Discussion
taking a trip to wichita state tomorrow w my little brother. any alumni wichitans with recos? sarcasmnotwelcome,Community_Discussion,Community_Discussion
"louisiana gov. bobby jindal spoke from just outside a lafayette movie theater after a deadly shooting took place there thursday, saying he",Feature_Feedback,Feature_Feedback
for the first time in my adult lifetime i'm really proud of my country most un american statement by disgraced 1st lady michelle obama,Community_Discussion,Community_Discussion
"rt <user> the teen choice awards is tomorrow! i wish everyone from the cast of the vampire diaries, true blood and supernatural go ..",Community_Discussion,Community_Discussion
"the name friday comes from freya, the goddess of love and fertility. freya had two black cats who were a gift from thor, god of thunder.",Community_Discussion,Community_Discussion
1st time i bring my phone to harold washington it goes off!,Community_Discussion,Community_Discussion
"<user> not support. they said need to talk to those groups to end conflict, as uk gov did with ira. please stop believing sun.",Community_Discussion,Community_Discussion
"yeah.. you know just sitting around by myself listening to avril lavigne, typical friday night.",Community_Discussion,Community_Discussion
isbpl news joe biden's wife may share his misgivings about another race jill biden campaigned actively for ..,Community_Discussion,Community_Discussion
rest in peace for lee soo man's wife. may her wife get the best place over there and stay strong for lee soo man and his family.,Community_Discussion,Community_Discussion
turkey to pull troops from iraq turkey announced saturday it would withdraw its troops from ira.. ff gospelgee,Community_Discussion,Community_Discussion
<user> i wish mitt quit all this lying about what they can do. if mr was such a great leader he would ve sought a 2nd term in mass.,Feature_Feedback,Community_Discussion
<user> dinner at hulk hogan's place with <user> saturday night. hulk's cooking spaghetti. you in?,Community_Discussion,Community_Discussion
parents in zurich and going to pride parade tomorrow. i'm jealous,Community_Discussion,Community_Discussion
i m gonna hit the victor cruz if my classes get cancelled tomorrow,Community_Discussion,Community_Discussion
<user> i'll be indy sunday night of zac brown band concert! but we need to plan a get together with everyone soon,Account_Security,Account_Security
dad i'll go watch paper towns with you on thursday.. yes then!,Community_Discussion,Community_Discussion
looking forward to going on <user> tomorrow morning at 7 50 am to chat damage control for the iconic hulk hogan.,Community_Discussion,Community_Discussion
<user> o ok they got me off today wed friday but ima talk to zachary to see if i can work split shifts the rest of the week,Community_Discussion,Community_Discussion
i hope john cena comes to school on tuesday and five knuckle shuffles the fuck out of yall,Community_Discussion,Community_Discussion
i think erik rowand will be the 3rd member of roman reigns and dean ambrose's team for night of champions raw wwe,Community_Discussion,Community_Discussion
"on february 13th. desperation day a magical night, when a ten has the self esteem of a four and the depraved enthusiasm of a two. bd",Community_Discussion,Community_Discussion
<user> ah! the old rohypnol in a glass of milk ruse. your gunna be sore when you wake up tomorrow.,Community_Discussion,Community_Discussion
"<user> <user> october people have principles.. argue passionately for them, about them act on them. ghandi, sadat, adt, me!",Community_Discussion,Community_Discussion
what up cm punk keep up the great work i love watching u every monday night i hope can kick rock ass at the royal rumble,Community_Discussion,Community_Discussion
<user> can u imagine if sarah palin did this. rex huppke would be mocking her all day! but a dem says it ..,Community_Discussion,Community_Discussion
rehab update jhoan urena replaces david wright at 3b in the bottom of the 7th.,Technical_Issues,Technical_Issues
<user> <user> u sound like the hated smartset now? is kimdavis the 1st to ignore unlawful ruling from scotus in history?,Community_Discussion,Community_Discussion
polish festival starts later today amp goes until sat. in de. so if you want to try polish beer this is the place..,Community_Discussion,Community_Discussion
august 1st. also known as the day in the summer mario lemieux stopped getting fries with his sandwich at the turn. now no one eats bread.,Community_Discussion,Community_Discussion
why the fuck does collins have david wright batting 2nd,Community_Discussion,Community_Discussion
miss kentucky <user> stopped by the studio before uofl's home opener on friday to talk volleyball amp miss usa,Community_Discussion,Community_Discussion
"yeah, i get text notifications if it's supposed to be cardigan weather tomorrow island paradise apartments",Community_Discussion,Community_Discussion
<user> it's on sunday huh? do you know what time? nia forgot lol,Community_Discussion,Community_Discussion
"<user> may i pause or not pause and call it brain surgery? kim kardashian has more truthiness than dr.carson. 4 , reminds me of uncle joe",Community_Discussion,Community_Discussion
"<user> i know, me too. this was the kakkest fake monday ever. it could have been worse.. it could have had a photo of caitlyn jenner",Community_Discussion,Community_Discussion
time for james harden 34 points to step aside and let jeremy lin takeover the 4th linsanity sarcasm,Community_Discussion,Community_Discussion
"miss those days , when all the relatives would just gather at 7th uncle house and celebrate chinese new year , i guess it ll not happen agn",Technical_Issues,Technical_Issues
the attacks in paris come 10 months after the charlie hebdo shootings that left 17 people dead. these attackers picked friday the 13th.,Community_Discussion,Community_Discussion
<user> <user> help!! bobby jindal has just doomed louisana.,Feature_Feedback,Feature_Feedback
"stars of tomorrow? ufc boss dana white points to paige vanzant, sage northcutt the ufc is on the verge o.. ufc",Community_Discussion,Community_Discussion
"dad gets back from philly tomorrow which means big brother will be on every night, so might have a bet to make it interesting, who's fav?",Community_Discussion,Community_Discussion
"jeb bush releasing tax reform plan tomorrow, trump will say it is stupid, bush a moron. his plan make america great amp put on top again,",Community_Discussion,Community_Discussion
"<user> <user> it is requested that pukhtun custom related to islam are the base of afghanistan which may kindly not to be ignored,",Community_Discussion,Community_Discussion
if the weeknd doesn't clear up the rumors about him disliking black women tomorrow i might have to pull a kayne on him then pull a nicki,Community_Discussion,Community_Discussion
"i haven't hung out with deron since sunday, i feel like i havent hung out with him in forever. footballboyfriendprobz",Community_Discussion,Community_Discussion
selling 2 tickets for the vamps tour london o2 on the 2nd of april block 108 face value. dm for more details!! <user> !!,Community_Discussion,Community_Discussion
"it may not be coming to the uk, but here's what you're missing out on with the galaxy note 5",Community_Discussion,Community_Discussion
murray box reaction to winning the 3rd set usopen kim sears and frank lampard make an appearance.,Technical_Issues,Technical_Issues
"i seen chris brown , august ,fetty ,k camp,' migos, kid ink, monica, lil kim, omarion, young thug, and teyona taylor tonight",Community_Discussion,Community_Discussion
what a amazing monday night raw!! epic ending so excited to see <user> challenge seth rollins for the wwe championship raw wwe sting,Community_Discussion,Community_Discussion
"seth rollins, the authority must break up to create better storylines this past monday, following the in me..",Community_Discussion,Community_Discussion
so proud of <user> for the huge upset against maryland. time for us to do the same tomorrow night godeacs,Community_Discussion,Community_Discussion
"shock of shocks, the posts about bobby jindal's birthright citizenship anchor baby status are bullshit <url> ..",Community_Discussion,Community_Discussion
send me lwanga's hw packet and i will buy you dunkin tomorrow morning,Community_Discussion,Community_Discussion
tonight was an experience! bulls win and butler hit the game winning shot! sat in section 103 row 1,Community_Discussion,Community_Discussion
"nov 11, boston celebrity chef class what to do with thanksgiving leftovers the bcae teams up with local food ..",Community_Discussion,Community_Discussion
<user> grow it out. i wanna see a part in the middle and bali beads either side before the 31st of fan.,Community_Discussion,Community_Discussion
"<user> yesterday was recovery swim after a half marathon. tonight's yoga. tomorrow, going to a new run club! runchat",Community_Discussion,Community_Discussion
coming up next..the main event of the evening..anderson silva vs yushin okami..,Community_Discussion,Community_Discussion
super eagles coach sunday oliseh has revealed why chelsea midfielder john obi mikel was not on the list of..,Community_Discussion,Community_Discussion
"spree books for a fiver in aberdeen, edinburgh and tayside only until wednesday! you can take advantage of..",Community_Discussion,Community_Discussion
ice cube can help with the straight outta compton movie but can't even make the last friday movie.. bruhh,Community_Discussion,Community_Discussion
"oh shit, might be going to ihop tomorrow elliott gone kill me",Community_Discussion,Community_Discussion
old school green day and sum 41 playing at work. i just might make it through the night,Community_Discussion,Community_Discussion
i hope i get my ipad tomorrow so i can stream the apple keynote address in school,Technical_Issues,Technical_Issues
tomorrow they will discuss yakubhanged after their friday prayer. bad part is 100s of youth will get inspired to be the next yakub.,Community_Discussion,Community_Discussion
church is tomorrow amp i hope that i will be forced to use a windows nokia phone for a week! who are you bringing to church tomorrow? inspire,Community_Discussion,Community_Discussion
"working all weekend, but my love is going to treat me to olive garden tomorrow night after work. spoiledgf lovemesomeog sosweet",Community_Discussion,Community_Discussion
<user> <user> <user> <user> sleepy already will just study hst tomorrow. huhuhuhu isang malig desisyon ba tong gagawin ko.,Community_Discussion,Community_Discussion
sad i didn't see <user> today. do work in nebraska man i'll see you when you get back!,Community_Discussion,Community_Discussion
if your going to digi tomorrow and want to get me a video from grant landis i'd really love you,Community_Discussion,Community_Discussion
im moving to california on the 16th,Community_Discussion,Community_Discussion
pampers baby dry size 4 diapers economy pack plus 192 count was the most popular selling grocery item on ash wed..,Community_Discussion,Community_Discussion
why is nicki always calling someone out on stage .. bitch looks so trashy while miley just sat there and took what she said with class,Community_Discussion,Community_Discussion
the sfgiants take a 6 4 lead over the stlcards in the 6th on an rbi single by buster posey. nlcsgame4,Community_Discussion,Community_Discussion
weekly trendlines in ftse and dax are broken. spx still 50 handles to go test it. just saying. selling may not be done yet.,Community_Discussion,Community_Discussion
if this is the end for <user> i once again have to commend <user> for his emotional gary carter memorial show in february,Community_Discussion,Community_Discussion
<user> just tried it! let me know if you got my message! be on the lookout for mikasa on saturday! d,Community_Discussion,Community_Discussion
this olive garden commercial is so stupid. why would i want old pasta tomorrow?,Community_Discussion,Community_Discussion
we should start bulldozing all the mosques in the us and europe until islam changes it's behavior.,Community_Discussion,Community_Discussion
i get that marriage equality probably isn't an issue that directly affects nicki so she may focus on it less..,Community_Discussion,Community_Discussion
we re sophia grace and rosie! can t wait to see you on ellen tomorrow! xx <user> <user> <user>,Community_Discussion,Community_Discussion
"update still raining. in the meantime, you can read about how kris bryant's view on sliding may have changed sunday",Technical_Issues,Technical_Issues
"i may not know what i'm doing with my life right now, but i do know what songs i'd choose if i had to lip sync battle jimmy fallon.",Community_Discussion,Community_Discussion
<user> <user> i'm sure those pictures have been altered. reagan never sat with muslims. right?,Community_Discussion,Community_Discussion
happy monday! hoping to help shake off the mondays blues with the sexy chris evans. mancrushmonday,Technical_Issues,Technical_Issues
<user> too excited for you to play tomorrow at bluesfest its crazy. ill be wearing a fuck ton of glow sticks.,Community_Discussion,Community_Discussion
long life amp pros <user> happy 15th birthday to the legendary nokia 3310.. the father of mobile phones ??pic.twitter.com pqd2scudobb,Technical_Issues,Technical_Issues
"nice one hillary..don't want to mention tar sands, monsanto, arctic drilling and the tpp? i'm supporting bernie.",Community_Discussion,Community_Discussion
"i feel like i'll lose whatever cool person creds i may have had by saying this, but i honestly don't care about the apple event today.",Technical_Issues,Technical_Issues
tomorrow i'm going to see the pope and i couldn't be more excited!,Community_Discussion,Community_Discussion
can we just take a moment and realize halloween is a friday,Community_Discussion,Community_Discussion
abs cbn news aquino on enrile s memoirs may all of us seek in this book the lessons that will allow us to advance as a people,Feature_Feedback,Community_Discussion
do we really care about our kids future? think about it education is the 1st thing cut from budgets on every level.,Community_Discussion,Community_Discussion
"amazon prime day, but instead it's just wednesday.",Community_Discussion,Community_Discussion
wat happen to the days of big bangs on monday night gettin drunk beyond my years wit my nigga kendall n not having a care or kid n the world,Technical_Issues,Technical_Issues
do you know what tomorrow is?? it's national hot dog day!! what jci dog are you coming to enjoy with us tomorrow??,Community_Discussion,Community_Discussion
"fiorina blasts clinton, asks why trump is mia republican hopeful carly fiorina said monday that she feels like t..",Community_Discussion,Community_Discussion
lionel messi won his 2nd golden boot award and barely at 25 yrs of age.this kid must be considered one of the greats.,Community_Discussion,Community_Discussion
"i m going to ferry corsten at sutra oc in costa mesa, ca oct 28",Community_Discussion,Community_Discussion
"<user> dwight howard gets his 4th career 30 point, 10 rebound, 5 assist game. too bad it comes in a loss. portland",Community_Discussion,Community_Discussion
i feel do bad.. my boo asia bday event maybe cancelled for this sunday!.. i was soo looking forward to it,Community_Discussion,Community_Discussion
finally watched pll halloween special. yikes!! i def cannot wait for the season premier jan 8th!!,Community_Discussion,Community_Discussion
this is as brutal of a loss as it gets. up 6 0 then up 2 with 2 outs in the 9th only to blow it. it s going to be a very long winter in wsh.,Community_Discussion,Community_Discussion
<user> that's asking a lot. that would mean a lot of big east dominance and late ncaa march runs. bring it on!,Community_Discussion,Community_Discussion
whoa. bobby jindal. get a new speech dude. that was word for word the same as the one this past monday. <user> <user> gopdebate,Community_Discussion,Community_Discussion
happy veteran day! back in the day! 2nd 75th ranger,Technical_Issues,Technical_Issues
if anderson silva doesnt win tonight yushin okami wont make it out of brazil alive <user>,Community_Discussion,Community_Discussion
<user> i'm glad it's not my call! he looked amazing. so did kershaw in the 6th of game 1.,Community_Discussion,Community_Discussion
this girl who literally bullied me since 7th grade bc i liked kpop is now into it too man zffuck u,Community_Discussion,Community_Discussion
<user> 2nd worst qb. definitely tony romo. the man who likes to share the ball with everyone. including the other team.,Community_Discussion,Community_Discussion
"i saw something hideous amp disgusting on the road side. broken amp long dead. it not sure, but it may have been bobby jindal's last scruple.",Community_Discussion,Community_Discussion
"thursday's flight pattern of fbi spy plane east, south dearborn contains areas with high concentration of muslims compared to sunday area.",Community_Discussion,Community_Discussion
"there are perks of being an oakland raider. one of them ice cube takes care of you. on wednesday night, the..",Community_Discussion,Community_Discussion
just watched a teens react video on youtube where a guy named shant said he liked 'old music' like nirvana. happy monday.,Technical_Issues,Technical_Issues
catch up with naruto and watched a few movies today! friday well spent!,Community_Discussion,Community_Discussion
yea im done with briana she getting blocked for the 3rd time now,Community_Discussion,Community_Discussion
i may love asians from japan! but i have a girl that i'm gonna marry. believe it! she's a ghetto ass short girl that's clumsy as fuck lol.,Community_Discussion,Community_Discussion
the fact i probably won't see them again before march makes me want to cry mtvstars the vamps,Community_Discussion,Community_Discussion
have you been watching the accused? get ready for the final one tues which <user> wrote with jimmy mcgovern!,Community_Discussion,Community_Discussion
"<user> if it keeps making money for hbo, they may have to start going to former colonies as well. or even have to take madonna.",Community_Discussion,Community_Discussion
"technically briana should have already had her baby but if we're just going back to when the rumors started, she'll have it in february..",Community_Discussion,Community_Discussion
i may do a 30 mile bike ride for the giants on weds cause you know caltrain is going to suck more than the cardinals.,Community_Discussion,Community_Discussion
"may the gods speed him, rip, frank gifford, new york giants legend and husband to kathy lee gifford, dead at 84",Account_Security,Account_Security
"sat alone downstairs in the dark with sam smith on, might grab myself a beer or vodka as well. living life to the maxx",Technical_Issues,Technical_Issues
everyone in the summersville area come watch our game tomorrow at nicholas county!!,Community_Discussion,Community_Discussion
"might only play kenny and jason aldean tonight djing to prepare for tomorrow. ya i know i'm a loser for going tomorrow, i didn't buy them..",Community_Discussion,Community_Discussion
david price's 1st win as a jay! incredible day at the ballpark!!,Community_Discussion,Community_Discussion
rt <user> opening ceremony fri 8.30 amnz v tonga 9.15am oh v happy as he has friday off lt yay. might make anzac biscuits rwc,Technical_Issues,Technical_Issues
<user> <user> all i think about w. cate blanchett is her odd accent in how to train your dragon 2. films may be wasted on me,Community_Discussion,Community_Discussion
may i just say that the words 'latte' amp 'skinny' have nothing to do with coffee and that the word 'barista' is not in the english language?,Community_Discussion,Community_Discussion
postage for o. henry stamp unveiled the u.s. postal service on monday unveiled the stamp commemorating the life of..,Community_Discussion,Community_Discussion
"the rookie does it again! kris bryant delivers walk off home run in 9th inning to give cubs win over indians, 2 1!",Community_Discussion,Community_Discussion
oct. 2 is almost too far away for me to wait for the return of dexter !,Community_Discussion,Community_Discussion
<user> lmao it s thalia and no it was today. on friday we got gym better be there!,Community_Discussion,Community_Discussion
my 1st gen moto g is more solid than nokia 3310. i love the stock android on moto g,Community_Discussion,Community_Discussion
happy 2nd birthday to prince george aka the cutest little thing on the planet,Technical_Issues,Technical_Issues
last chance to see silent house with drinks and a tour of the london tombs tomorrow night! enter now,Community_Discussion,Community_Discussion
"oct 3rd, network will show a live msg card with brock lesnar in the main event.",Community_Discussion,Community_Discussion
chris's boss gave us tickets to the sam smith concert tomorrow. we're probably not going to go but what a nice gift.,Community_Discussion,Community_Discussion
"ive had the most f'd up week, from having my big brother passing on tuesday to my phone drowning in beer which i dont even drink",Community_Discussion,Community_Discussion
good luck to <user> tomorrow at the freakshow in las vegas !! get after it man. you re going to smash on fools!,Community_Discussion,Community_Discussion
you know gaga was cackling as she made her 6th sacrificial offering of the day while nicki called out miley last night,Community_Discussion,Community_Discussion
all the stone brewing verticals will be featured on tap tomorrow at <user>,Feature_Feedback,Community_Discussion
i thought arsenal were the ones who were supposed to have this,Community_Discussion,Community_Discussion
shows how little people paid attn to the charlie hebdo stuff 11mo ago when they're tweeting the pic of people in the streets from january.,Community_Discussion,Community_Discussion
"<user> yeah the big bangs are like, the second rarest l9s anyway, so i ll get them, they ll be here on like, fri if i order them 2day",Account_Security,Community_Discussion
i stayed up all night for the 4th dlc for advanced warfare on ps4 and its 3am about to be 4am and it's still not in the playstation store?,Community_Discussion,Community_Discussion
<user> needs to reshow the jimmy mcgovern drama again. it's so powerful and accurate. and now people know that it may shock people even more,Community_Discussion,Community_Discussion
so ms.sea however you spell her name from berkmar left and now is sn ap at lanier and i skipped 4th period and stayed in her office lol,Community_Discussion,Community_Discussion
"out castle sun. and staying there until tues. mother said it aint safe up dere in that new york wit sandy all thru dere fvck you, sandy.",Community_Discussion,Community_Discussion
<user> but i kept trying to tell people starting on april 1st 1994 that i knew kurt cobain was going to die.,Community_Discussion,Community_Discussion
. <user> apparently rick perry is an idiot on the 14th amendment as well. he needs a levin intervention too. as bad as o'reilly.,Technical_Issues,Technical_Issues
ready to rock out this thursday w ben sollee and the marshall tucker band at the 2012 vp debate festival at..,Account_Security,Account_Security
great piece on joe cole s demise in tomorrow s independent by <user> cole was the first england player who was younger than me,Community_Discussion,Community_Discussion
"so, the rumoured lfc team was right, gerrard, agger, suarez, all play. big gamble by rodgers with everton on sunday.",Community_Discussion,Community_Discussion
check out the new iron maiden video from their forthcoming album book of souls out september 4th! m listen to..,Community_Discussion,Community_Discussion
"august 8, happy birthday dave evans aka the edge from u2.",Technical_Issues,Technical_Issues
to go to astrology night tomorrow or to not go to astrology night tomorrow. that is the question.,Community_Discussion,Community_Discussion
"come hang with us tomorrow at 1047 e. alameda dr in tempe! show starts at 6, and theres a keg so you best be there.",Community_Discussion,Community_Discussion
the sun daily obama ate bear's dinner during alaska reality show outing washington us president barack oba..,Community_Discussion,Community_Discussion
"<user> let me get this straight.. 2nd day of the nba season, and only 2 games were scheduled?? and 1 was postponed? wtf",Community_Discussion,Community_Discussion
i feel so enlightened. what do i do with my life now. i may have reached nirvana.,Community_Discussion,Community_Discussion
watching crossfire hurricane for the 5th time <user>,Community_Discussion,Community_Discussion
playing kendrick's black friday in the sauna to sweat more,Community_Discussion,Community_Discussion
"<user> our new, delicious dishes may be alright check with your doc first! ramenwins",Community_Discussion,Community_Discussion
well..i wanted to go to the black forest tomorrow and take pics of the leaves. now i ll have to take pics of the snow. thanksweather,Community_Discussion,Community_Discussion
unplanned 6th day of eid with bestie! eid2015,Community_Discussion,Community_Discussion
"tony blair and saudi arabia go way back, he stopped an investigation against saudi arabia because of a 'security threat.' c'mon bruh.",Community_Discussion,Community_Discussion
<user> lmbo! o yea? ayye you know they taking us to harold washington tomorrow for that college stuff,Community_Discussion,Community_Discussion
i tried to get into breakout kings. shit redundant after like the 5th episode lol. no wonder it got cancelled.,Community_Discussion,Community_Discussion
niall faced serious bullying problems as a kid. he got suspended in the 3rd grade for swinging when somebody called him ugly,Account_Security,Feature_Feedback
<user> and yeah i agree berahino may go on to be massive but with kane at the club i'd focus on devolving him even more!,Community_Discussion,Community_Discussion
i think i may have finally figured it all out and understand the big picture currently in a state of nirvana and i've never felt more,Community_Discussion,Community_Discussion
double up on dogs july is national hot dog month amp today is national hot dog day! how do you top off your dog?,Community_Discussion,Community_Discussion
and tomorrow nicki is going to be seen as a raging angry black women for calling miley out of something that she is guilty for,Feature_Feedback,Community_Discussion
"<url> gay men, have you been sexually assaulted? the answer may surprise you",Community_Discussion,Community_Discussion
commodities tomorrow low oil prices hits saudi arabia hard cnbc's jackie deangelis discusses the day's activ..,Community_Discussion,Community_Discussion
<user> i wish you a very happy and peaceful eid. may allah accept your good deeds.,Technical_Issues,Technical_Issues
demi lovato will perform at the 2013 houston rodeo on march 3rd!! get your tickets!,Community_Discussion,Community_Discussion
scott walker repeatedly avoided whether he would deport children born in the usa. maybe didn't get to the 14th amendment b4 he quit college.,Feature_Feedback,Feature_Feedback
"as prince george turns two, europe marks other royal birthdays while the second birthday of prince george may..",Community_Discussion,Community_Discussion
"get in the halloween spirit and back chill 3rd edition a horror roleplaying game, via <user>",Community_Discussion,Community_Discussion
federer's 1st serve is just..perfect. usopen,Community_Discussion,Community_Discussion
"if they question you about nov just say thanksgiving, it's the white house, they'll understand amp pardon you and a turkey scandal",Community_Discussion,Community_Discussion
thank god bob gainey isnt the gm of monteal anymore. he probably would have tried to pick mario lemieux with the 3rd pick tsn nhldraft,Community_Discussion,Community_Discussion
<user> oh no kane are you getting a divorce? i just listened to the replay of tuesday's show and you said bc of the divorce whhaat?,Community_Discussion,Community_Discussion
why no christians in saudi arabia? could it be the forced conversions and expulsions in the 7th to 10th centuries?,Community_Discussion,Community_Discussion
"tryna just chill, get a lil tipsy and maybe hit up the mall friday? downn",Technical_Issues,Technical_Issues
bellarmine prep drives all the way to the curtis 6. bendixen 23 yard fg way left and misses. 0 0 4 27 1st.,Community_Discussion,Community_Discussion
rt if you're stoked about monday night football!!,Community_Discussion,Community_Discussion
islam is more than a religion. goodmorning may allah bless us all with imaan aameen keep remember allah .,Community_Discussion,Community_Discussion
this nigga the next frank ocean. shit aint never cominn out,Community_Discussion,Community_Discussion
kris jenner had an affair w lionel richie in the 80s an he may b khloes dad..that makes sense doe? why cus she's dancin on the ceilin?,Community_Discussion,Community_Discussion
"<user> don't worry bro, i'm going to get coffee alone tomorrow. dunkin hotties may be there",Community_Discussion,Community_Discussion
i was going to go to the sam smith concert tomorrow and find it insulting his people only gave 20 hour notice on the postponement.,Community_Discussion,Community_Discussion
"alabama trent richardson on cover of si the junior running back is featured on the august 22 issue, alongsid..",Feature_Feedback,Community_Discussion
<user> im saying hold it to a private area tho lol he gone be on worldstarhiphop tomorrow,Community_Discussion,Community_Discussion
"<user> what have you got for tomorrow? i have over 2.5 in espanyol bilbao, sociedad to win and osauna 0.25.",Community_Discussion,Community_Discussion
john kasich may be the only republican presidential candidate who i feel like wouldn't completely ruin america if elected.,Feature_Feedback,Feature_Feedback
and also paid <user> for not even half of the heritage classic tickets goleafsgo . and also we're going to the kee again monday wetwild,Community_Discussion,Community_Discussion
<user> what is going on young man! teamltd misses seeing u on monday's at the kee for our 'casual' drinks. catchup in toronto soon,Community_Discussion,Community_Discussion
anybody wanna go see kenny chesney and jason aldean tomorrow night with me and adriana ??,Community_Discussion,Community_Discussion
dustin johnson just took an 8 on the 1st hole. i don't feel so bad about my golf game suddenly. pgachampionship snowman,Community_Discussion,Community_Discussion
"bjp doing drama to hide facts, says minister the government tuesday accused the bharatiya janata party bjp of.. <url>",Community_Discussion,Community_Discussion
dana white wants a mega ufc card in december with ronda rousey and conor mcgregor,Community_Discussion,Community_Discussion
"<user> when is the last time christian hung gays? i'll tell you the last time islam hung gays, yesterday, today amp tomorrow, etc, etc",Community_Discussion,Community_Discussion
"haven't had breakfast yet, but we have already spotted chuck norris at the 16th ave church restoringunity neveragainisnow",Community_Discussion,Community_Discussion
"<user> i thought the nets game got cancelled but they play the heat tomorrow anyway.. damn, i was ready to talk some shit",Community_Discussion,Community_Discussion
<user> well i figured out that you have to get on the computer to make a league. the boys will have to help us tomorrow! hahaha,Community_Discussion,Community_Discussion
pray for a better day tomorrow. maybe we will wake up and obama and extremist muslims will be gone! ccot tcot,Community_Discussion,Community_Discussion
young buck may face five years in prison due to smoking marijuana with snoop dogg,Community_Discussion,Community_Discussion
<user> brilliant!! the reds just have class! did your sun play at sunnybank on sunday?,Account_Security,Community_Discussion
"dont miss this tomorrow superstars ink on w its 1st guess, the wwe amp us champ, seth rollins",Community_Discussion,Community_Discussion
"the new way to take a dive in cfb..on 90 of the 2nd amp 3rd down plays, let's run our routes short of the line to gain!",Technical_Issues,Technical_Issues
"marvel kicks off the presentation! alan horn starts by praising ant man's 1 opening, which he says is marvel's 12th consecutive 1 opener.",Community_Discussion,Community_Discussion
i think i may buy some pretty xmas decorations for the new tree tomorrow. d one thing i do like about xmas!,Community_Discussion,Community_Discussion
monday's wrath with a rousey mask on,Community_Discussion,Community_Discussion
one reason why the dry nut prices are going up in the last 3 years. iran is enduring a serious drought,Community_Discussion,Community_Discussion
"<user> didn't ipoop just came out with 3rd gen ijunk not to long ago? why the 4th?? cuz they can not compete with samsung, asus,nexes.,",Community_Discussion,Community_Discussion
"that was the best day of my life fam. i felt like a slave that got freed, or derrick rose passing the sat. maan..",Community_Discussion,Community_Discussion
a special presentation was made to jamie carragher ahead of thursday night's europa league clash with fc gomel at..,Community_Discussion,Community_Discussion
<user> dude! the coaches have been announced for the new tuf season starting september 9th. conor mcgregor for eu and urijah faber 4 usa,Community_Discussion,Community_Discussion
hopefully i work an early shift september 6th would love to go to watch the jurassic park quote a long,Community_Discussion,Community_Discussion
romney falsely claimed he saw his father march with mlk jr. anything he won t lie about?,Community_Discussion,Community_Discussion
"finishing jurassic park for like the 100th time tomorrow. film class is gonna have a lot of reruns for me. all the batman films, star wars..",Community_Discussion,Community_Discussion
paul dunne with a great quote post round on his thoughts on the 1st tee tomorrow leading the open .. make contact.,Community_Discussion,Community_Discussion
"lost my voice to a cold, but still cracked up knowing we wiped the floor with kazakhstan and saudi arabia",Community_Discussion,Community_Discussion
"6am whilst at work may not have been best time to listen for the first time, but not completely feeling the new iron maiden just yet",Community_Discussion,Community_Discussion
we beat red sox 3 1. let's win the series tomorrow afternoon. mlb . yankees .,Community_Discussion,Community_Discussion
james pattinson may not make it to the odi tour of england despite his expected recovery as the selectors ponder .. australia cricket,Community_Discussion,Community_Discussion
"so far i have drafted aaron rodgers at 9 overall, and then at 16 in the 2nd round, matt forte. not bad.",Community_Discussion,Community_Discussion
kevin durant with the grey shirt and black hat cheering david price getting out of a jam in the 4th! <user>,Community_Discussion,Community_Discussion
i have a resting bitch face that would make wednesday adams jealous,Community_Discussion,Community_Discussion
teen mom 2 comes back monday. still not as good as the first teen mom tho..,Community_Discussion,Community_Discussion
went to dunkin yesterday evening to get a pumpkin spice coffee and they said they ran out and won't have it back until friday.,Community_Discussion,Community_Discussion
<user> will you be in myanmar on saturday? i work with tom at spark pr in bkk. we have an event on saturday in yangon with visa,Community_Discussion,Community_Discussion
it's star wars day!! staying off social media for rest of day to avoid spoilers see you tomorrow! theforceawakens starwars,Community_Discussion,Community_Discussion
"amazon prime day is pretty much a bust at this point. black friday, its up to you to save us.",Community_Discussion,Community_Discussion
"randpaul tune in to fox news friday night for a special on planned parenthood, brought to you by shannonbream!",Community_Discussion,Community_Discussion
iran mass execution of 8 prisoners in just 3 days health politics sun,Community_Discussion,Community_Discussion
we all know it's not adele. she already confirmed november. apparently frank ocean has a album release party so i'm assuming it's not him,Technical_Issues,Technical_Issues
"<user> cool! yah, lots of stuff going on that night with nuit blanche as well! it's going to be fun! <user>",Feature_Feedback,Community_Discussion
"<user> have kerry ever gone down this road, dara sat out a semi, and donaghy didn't appeal a red from the cork game when lynch did?",Technical_Issues,Technical_Issues
"i can't lie that black friday my baby nicki took an l, fuck kim she been ran thru more than mcdonalds drivethru",Community_Discussion,Community_Discussion
donald trump and scott walker would negros back to africa they would try to change the 14th amendment to the constitution.,Community_Discussion,Community_Discussion
watch sam smith hold up the wdym sign tomorrow.,Community_Discussion,Community_Discussion
"if i can not have thursday classes for the rest of my time at uva, i will be one happy girl",Technical_Issues,Technical_Issues
just said farewell to a bottle of glenlivet in the company of fleetwood mac. adieu mon cheri!,Community_Discussion,Community_Discussion
excited to be a part of the battle of big brother vs little brother tomorrow afternoon. going to be fun. call sheet is loaded and ready 2 go,Community_Discussion,Community_Discussion
i miss that trip to knott's from 8th grades with my friends. dang good times,Community_Discussion,Community_Discussion
that kind of year in kc. rivers over 18 fantasy its for only 3rd time of the season..for now.,Community_Discussion,Community_Discussion
the first one is always the hardest. way to go thor!! looking to tie it up tomorrow night! lgm metstwitter,Community_Discussion,Community_Discussion
<user> tuesday morning raw is awesome john cena with aa,Community_Discussion,Community_Discussion
drexel classes are cancelled monday and tuesday..now i just need work to be cancelled..,Community_Discussion,Community_Discussion
"day 19 sat in hvar with 30degree sunshine and countless beaches, but would rather be at home watchin super sunday, find me a bar unmissable",Community_Discussion,Community_Discussion
"clocked in. pc on. headphones in. pearl jam, nirvana, david bowie, barry manilow don't judge me playlist on .. right monday bring it on",Community_Discussion,Community_Discussion
want to be part of the excitement this december for the conor mcgregor fight?,Community_Discussion,Community_Discussion
"sam smith to sing title song for spectre the new james bond film, sony confirms. song out 9 25 movie on nov. 6.",Community_Discussion,Community_Discussion
intrigued by the mentions of alternate realities in this review of david bowie's lazarus,Community_Discussion,Community_Discussion
"hey wapo, it's not a gay marriage license it's just a plain old marriage license",Community_Discussion,Community_Discussion
"<user> hey thank you so much for your help moto g 3rd generation delivery expected by fri, 21st aug'15 your item has been confirmed",Community_Discussion,Community_Discussion
with the super eagles coach sunday oliseh at the national stadium abuja. super eagles 1 vs football college abuja 0,Community_Discussion,Community_Discussion
<user> i wouldn't mind meeting up one day picking the bentley up today but we're always in chelsea on a sat.,Community_Discussion,Community_Discussion
"i'm just sat in my room listening to big brother downstairs. not doing anything really, just listening to the telly. what is life.",Technical_Issues,Technical_Issues
bloodymary hackers nirvana smell like teen spirit butterfingers nicotine feeder 7 days in the sun smashing pumpkins bullets with..,Account_Security,Community_Discussion
i don't think cole and kyle understand the part of living in an apartment and being obnoxiously loud on a thursday at midnight. holy shit,Community_Discussion,Community_Discussion
heather to the rescue! just agreed to do 4sight at oldham tomorrow 4networking oldham,Community_Discussion,Community_Discussion
<user> oh please! he s been every political affiliation under the sun. romneyryan2012 and hey cbs one word benghazi now that s news.,Community_Discussion,Community_Discussion
damn foo fighters and rickroll still in my news feed. now the 2nd night in a row i go to bed with that song in my head. on loop for 7 hrs.,Community_Discussion,Community_Discussion
<user> this may be the stupidest season of big brother yet. everyone can see what's going to happen! no one has balls! makeamove,Technical_Issues,Technical_Issues
<user> <user> that's the 1st.2nd nadia amp mysa about mysa break dgn adam. 3rd this bullshit thingy .,Community_Discussion,Community_Discussion
one of the son of neighbor lawyer even said these blood thirsty people will hang yakub tomorrow last night,Community_Discussion,Community_Discussion
<user> <user> the ssm isn't the issue here. that was settled by scotus in june. this is about following the law,Community_Discussion,Community_Discussion
