text,true,pred
<user> <user> <user> the states ensured scotus could take this action by enacting 14th amendment,Neutral,Negative
"<user> harper looks tired. do you ever sleep? then again, i should be too. i have to get up early tomorrow.",Neutral,Negative
<user> in sorry but my aunt listens to all kpop and she never heard of ok now yea my fanbase may get mad and start shit but this time,Negative,Negative
just like when k was a kid saturday morning and i m watching saved by the bell! might even watch soul train 12,Neutral,Positive
"thor said thursday during press conf that he had tricks up his sleeve for tonight. it was the warthen slider, he relied on it heavily 3 ip",Neutral,Neutral
iran mass execution of 8 prisoners in just 3 days health politics sun,Negative,Negative
john lamb gives up a solo home run to ryan braun in the 1st.,Neutral,Neutral
"harris english, a pgatour rookie, playing in his first <user> started his saturday by plunking a marshal on the head ouch",Negative,Neutral
bobby jindal attacks hillary saying the democratic frontrunner may go to jail,Negative,Negative
totally going to the marijuana march in dt cleve brb. not,Negative,Neutral
<user> i don't know. she just recited jay z to me. this may have yours beat for best reply.,Neutral,Positive
"katy perry you just gotta ignite the light, and let it shine! just own the night, like the fourth of july! cause baby you're a firework",Neutral,Positive
i use to love that song in the 8th grade. trina was my role model lmfao,Positive,Positive
<user> harvey and shawn have put me on the no access list along with bo and carl pelini. otherwise i'd be there tomorrow.,Negative,Neutral
"sadly, the vokle live webcasting site isn't functioning reliably. i'll video tape wednesday's runnin' nekkid..",Negative,Negative
"the horn sounds, signaling the end of the 2nd period. the njdevils hold a 2 0 lead, as well as a 16 15 shot advantage.",Neutral,Neutral
"<user> is it not a shame that super eagles will play niger republic on tuesday in a friendly match, why not big football countries?",Neutral,Positive
"escape the room this weekend, 3rd row phillies next weekend, jason aldean aug 15 if i can win tickets! birthdaymonth",Positive,Positive
i think the dude sat next to aldo should put on a conor mcgregor face mask so we can see jose running again.,Positive,Positive
look for carly fiorina to take donald trump on she may win we shall see.,Positive,Positive
going to scream and laugh extra loudly tomorrow at disneyland with starli,Positive,Positive
1st half of hannity rage at the supreme court for outlawing jesus with its gay marriage decision. 2nd half kissing ted olson's ass.,Negative,Negative
i was dreaming about vampire diaries last night. galing.,Neutral,Neutral
so i went to a school to fill out a form with a 2 pencil omigod just realized i accidentally took the sat instead of voting today,Negative,Negative
<user> actually now they're all denying they ever believed the sun when it came to zayn..not even they can keep up with their bs,Negative,Negative
<user> tickets finally arrived for foo fighters at mk bowl on saturday night. tickets are a treat from the wife for my 40th birthday,Positive,Positive
<user> the chap is in his 2nd season of a 3 year deal. he has done the business at barca and munich and i'm sure he will do it for us.,Positive,Neutral
"a win for either metronomy, everything everything or pj harvey would be a satisfactory outcome for tonight's mercury awards.",Positive,Positive
david bowie blackstar there is a star in our universe called kic 8462852 that may or may not be the hub of..,Positive,Neutral
"dustin johnson shot the 2nd worst round of anybody in the field on a day where literally almost every player was under par, just awful",Negative,Negative
<user> on november 16 be ready to head to the movies. breaking dawn part 2.,Positive,Positive
guess who can't go see the wwat film tomorrow because her jaw won't stop swelling to the size of grapefruits,Negative,Negative
it was just a man that executed a texas deputy if i may .. seems a black and gay man can be outed when ..,Neutral,Negative
"women don't let men enjoy anything. you're complaining about 1 month of star wars? bitch, i sat through 2 years of twilight.",Negative,Negative
is niall gonna have his 22nd in la with his celeb friends,Neutral,Positive
anybody want to swap 2x saturday tickets for foo fighters for 2 xsunday tickets?,Neutral,Neutral
"jeff, joseph arthur and the amazing richard stuverud.. fox theater in bolder, november 18th. do not miss this!..",Positive,Positive
keep it going paul dunne. managed to get on him earlier when his odds were enormous. same again tomorrow will be laughing. theopen2015,Neutral,Neutral
why is my mind doing this to me? 1st i think about max and how he always knows when i m sad and now i think about what happens when he dies,Negative,Negative
i just hope that sandy goes away before november 6 because if she doesn't then vips in nj probably have to cancel the nj concert c,Negative,Negative
stuffing my face with fried chicken and chinese take out while listening to kpop is my saturday night aesthetic,Positive,Neutral
november days of gratitude day 25 thanksgiving leftovers i've eaten them every day since thanksgiving and i'm..,Neutral,Neutral
comedy central kicks off in singapore in the early hours of friday. and who better to lead the charge than mr stewart,Neutral,Positive
the only thing brighter than the sun is niall's smile my brother just made my day,Positive,Positive
oracle so transparently bought sun just to sue the fuck out of me.,Negative,Negative
<user> <user> <user> i think it was independence day stood still before tomorrow ..,Neutral,Neutral
the comments by tony windsor saying he hoped muslims would kill an australian citizen needs a complete apol 2 aust.,Negative,Negative
"every human being is born with innate tendencies towards monotheism, later in life his parent may turn him to other religions beside islam",Neutral,Negative
"while msnbc host chris matthews may be over the moon about john kasich, seeing him as the most moderate and..",Neutral,Neutral
<user> <user> <user> real madrid commuter the same offences as barcelona and most likely receive a year ban in jan,Neutral,Negative
hey gwu ! interested in a free ticket to the train concert tomorrow night?! head to the smith center now to help us out with set up!,Positive,Positive
david wright grounds out in the 9th. was 2 for 5 today.,Negative,Neutral
"unforgivable by christina grimmie..not quite feeling it yet. then again, i wasn t quite feeling safe sound til i heared it a 2nd time!",Negative,Positive
"what's going on sunday? health, thor, okkervil river, flamin' groovies, h2o, pill, frankie cosmos amp more",Neutral,Neutral
come to the baltimore screenwriters coffee club this tuesday at the creative alliance!! it's always fun!!,Positive,Positive
"so asad isn't enough for kill muslim that's way <user> u invite usa to kill muslims, may allah punish you how much u deserve.",Negative,Negative
is shawn gonna be on michael and kelly tomorrow or is it a re run,Neutral,Neutral
"yolo? ofcourse, but with in that life span yu may be an become 5 diff ppl, the life we live in aint the only life we gone have, be smart",Positive,Neutral
<user> u ok with the poster for tomorrow? tea will be provided for you.. can you get to the cafe for about 6pm to sound check? rosie x,Positive,Neutral
bought tix for sat s nets game b4 prices jumpd and <user> allowd seller to reneg w o proof the tix arent available poorcustomerservice,Negative,Neutral
if harper doesn't want fans to leave in the 7th perhaps he and his teammates should stop under performing and losing big ball games? nats,Negative,Negative
foreign commentator award at the commentawards goes to the late marie colvin of the sunday times,Neutral,Neutral
oscars well makes his debut over fences at punchestown tomorrow. it looks as though he ll have plan a and darwins fox to overcome.,Neutral,Neutral
<user> lmbo! o yea? ayye you know they taking us to harold washington tomorrow for that college stuff,Neutral,Neutral
<user> <user> <user> it may have not been the best idea to name our mascot the beaver..still better than ducks,Neutral,Negative
mom just asked if i wanted to see the knicks vs celtics in october..i hate both teams but it s a live game hmm,Negative,Negative
september 5 so it means 8 days to go before niall's birthday huhu and 9 days to go before cj's birthday i miss this girl so much huhu,Positive,Positive
great practice session with the <user> boys can not wait for friday with <user> sunday in leicester square theatre!!,Positive,Positive
the buccaneers have a bye week this weekend. they are practicing hard for their game on october 26th vs the vikings. lwlive,Positive,Neutral
my playlist is going from bryson tiller to justin bieber to august alsina lmao,Neutral,Positive
<user> jeb bush's 1st name is not jeb. it is john. let's be accurate with news reporting.,Neutral,Neutral
i'm sick of bears fans that slander the packers just to slander the packers. we've been their bitch for 2 decades now man c'mon,Negative,Negative
"<user> dark souls is pretty much near the bottom of the list for me to finish, along with many many rpgs,gotta get thru short ones 1st",Negative,Neutral
"obama controlling where you get to live or move into, making choices for you under any government loans you may use",Negative,Neutral
to go to astrology night tomorrow or to not go to astrology night tomorrow. that is the question.,Neutral,Neutral
"dad gets back from philly tomorrow which means big brother will be on every night, so might have a bet to make it interesting, who's fav?",Neutral,Positive
<user> brilliant!! the reds just have class! did your sun play at sunnybank on sunday?,Positive,Positive
"sun 16 aug. we continue our series in jonah with some challenging implications for christians today. clements,..",Neutral,Neutral
"dont miss this tomorrow superstars ink on w its 1st guess, the wwe amp us champ, seth rollins",Positive,Neutral
mass tomorrow then retreat friday with da homie <user>,Neutral,Neutral
2103 'we don't need governments to make peace' israel gets unofficial iranian .. the guardian blog,Neutral,Negative
drexel classes are cancelled monday and tuesday..now i just need work to be cancelled..,Negative,Negative
this olive garden commercial is so stupid. why would i want old pasta tomorrow?,Negative,Negative
"<user> allie amp briana sitting in a tree. k i s s i n g. 1st comes love, 2nd comes marriage then comes briana with a baby carriage",Positive,Positive
event kpop fun run after party september 5 quirino grandstand gates open at 4pm experience the outdoor..,Positive,Positive
if i don t feel a1 tomorrow i m not going to school rs!,Negative,Negative
michael jackson radio may be one of the softest stations. but got damn has some good jams.,Positive,Positive
<user> you are right to identify a variety of intentions. a variety of intentions may still be fully compatible for christians.,Neutral,Neutral
"y'all, she may have made a pop album, but nicki can kill almost anyone in this industry right now. gun to the head of everybody.",Neutral,Negative
i hope niall's day was better than the other day.hope tomorrow goes good also,Positive,Positive
twilight sauble beach has just become my 13th picture to record 300 views.,Positive,Neutral
<user> i may not be a fan of kpop but this is definitely racist what <user> said just to clarify,Negative,Negative
a treat for bondgeek 's booking today as tomorrow we'll hear more on the title song now anticipated to be sung by sam smith? spectre,Positive,Positive
<user> it's a joke! troicki v young into a 5th set and on sky go we are forced to watch murray walking into the practice court??,Negative,Negative
excited to read go set a watchman on tuesday. but can it possibly live up to to kill a mockingbird? any opinions?,Positive,Negative
first lady michelle obama is a elegant and classy 1st lady who presence touch the heart of us all lovemypresident amp firstlady <user>,Positive,Positive
qatar should receive the same help from hezbollah that israel got from qatar in last gaza war.,Neutral,Negative
miley has no tits amp ass but kim and nicki may have the same botox injection expert and kim ain't got shit to lose.,Negative,Negative
amazon prime is literally a lie..i ordered a book last monday amp it still isn't here. do better <user>,Negative,Negative
"3rd rep just hung up on me. absolutely devastated at how <user> customer service treated me, wow.",Negative,Negative
anderson silva better fuck up yushin okami tonight.,Positive,Negative
i'm soo goin to my chicago bulls game on feb 1st against the nets. epic!! i need a date though,Positive,Positive
by george he's cute! new pictures of prince george have been released to mark his 2nd birthday. tennews 5pm,Positive,Positive
tomorrow they will discuss yakubhanged after their friday prayer. bad part is 100s of youth will get inspired to be the next yakub.,Negative,Negative
if jeb bush wins by some far chance the flood gate will be really opened and our 1st language will be spanish,Negative,Positive
"<user> just got twitter, here's me and digi mon",Positive,Positive
also just now starting miss usa so nobody text me about top 5 who wins etc bc i may kill u,Negative,Negative
jarryd hayne the australian rugby star seattle seahawks may bring to the nfl the guardian blog the guard..,Neutral,Neutral
star wars day is tomorrow!! super jealous of everyone who has already seen it is seeing it tonight but work decided this for me,Positive,Positive
"<user> haha no, the first was just barca and then i put the just to separate for my 2nd club",Positive,Positive
<user> ..as the 1st november election nears erdogan may dither amp push us to do this difficult task amp take the blame,Negative,Negative
if my mom goes t the u.s. open tomorrow without me and niall is there i will end myself so fast,Neutral,Neutral
<user> when managers players make it a matter of their ego then things always go bad. that's his problem.. 2nd stint at barca e.g,Negative,Negative
"<user> i'll start it tomorrow, i've been needing new anime to watch anyway and yes mikasa, she's bae too lt 3",Positive,Positive
"should've went to watch paper towns first, i'll just go see it tomorrow",Neutral,Positive
"frank gore vernon davis, make wins tomorrow please. fantasyfootball",Positive,Positive
<user> you may not put bumpers stickers on a bentley you also don't let a shit load a people drive it either if you get my drift,Neutral,Negative
<user> i would cry so much.. i'm waiting to dunk in sept with friends. our theme is dunkin ugly. because who dunks pretty? not 16,Positive,Negative
first game of the season for the lakers tomorrow cantwait,Positive,Positive
"bernie sanders will stop in greensboro, nc sunday. he's holding a rally at the greensboro coliseum. vote2016",Positive,Neutral
"soundchecking in grateful dead listening party with sunshine daydream, dvd , veneta, oregon, aug 27 1972",Neutral,Positive
i wonder if by that time briana finally had the baby,Neutral,Neutral
"april 21, 1985 madonna performs like a virgin on the virgin tour in costa mesa at the pacific amphitheatre",Neutral,Neutral
best part about thursday is that vampire diaries play.,Positive,Positive
<user> i agree bt may be martinez doesnt think so.. he may get to start all the the time if he goes to milan,Negative,Positive
"<user> awesome! so far, spring breakers, writers ill manors. come out and play tonight <user> then hopefully one on sunday.",Positive,Positive
"anderson is up 2 sets, but murray is up a break in the 3rd set. it feels even steven right now.",Neutral,Neutral
<user> i get in around noon!! and i m coming to pca all day friday alumnireturning,Neutral,Positive
rick stein saturday kitchen quote fishing is by far the worlds most dangerous job haha thinkaboutitnobhead,Negative,Negative
<user> that's asking a lot. that would mean a lot of big east dominance and late ncaa march runs. bring it on!,Positive,Neutral
<user> we had to pick dates for 2013 vacation days from work today. i took off the friday before st pattys. bg bewarethegolfcarts,Neutral,Neutral
"openstack is powering production clouds. in this general session at the 11th international cloud expo, nebula ce..",Neutral,Neutral
dustin johnson with his best dustin johnson impersonation on the 1st hole at whistling straits,Neutral,Neutral
"happy valentine s day, artemis you remembered. come on! what kind of jerk would i be if i forgot valentine s day?for the 5th year in a row?",Positive,Positive
sunday's matches certainly more than made up for all the 'excitement' that saturday sputtered through beginning with the merseyside derby.,Positive,Positive
this work day needs to be over vacation starts tomorrow! first stop jason aldean with my sisters and roommate <user> <user>,Positive,Negative
"taison scores for metalist in kyiv, and it's the 2nd goal i've seen today that arrives for having the defensive line in the opposition half.",Positive,Positive
"<user> the charlie hebdo killers were french, so there's a high possibility these are french too. may as well just shoot everyone..",Negative,Negative
"i don't want october to go '' its been sucha good month the vampire diaries s4, taylor's album, the pll halloween episode. wow!",Positive,Positive
"great monday night raw episode tonight stings, ric flair, and the dudley boyz all return can't wait for the next ppv wweraw wwe",Positive,Positive
wouldn't surprise me if michelle obama was the brain child behind isis in the 1st place. <user> <user>,Negative,Negative
ok this is my pure speculation. <user> owns the cloud compute tech. <user> is utilizing the tech. 3rd party devs is open to use.,Neutral,Positive
"rodgers just confirmed that both allen and can are fit, and will be back in the squad for sunday's trip to qpr. lfc",Positive,Neutral
he then said kendrick lamar will be the a huge rapper . he may be a genius,Positive,Positive
seth rollins looking like the 4th member of the new day. i wonder what <user> <user> <user> newdayrocks summerslam,Neutral,Neutral
"just minutes after jeb bush bashed donald trump in his stump speech on thursday, bush was questioned by a frustrated voter on what he",Negative,Negative
<user> damn i don t wanna get on my computer. tomorrow my harry feels are out of control and the outtakes video broke me,Negative,Negative
giving iran nuclear missile technology will create global warming this may make even more terrorist lose their jobs so its isis i guess.,Negative,Negative
have y'all ever just sat and listened to frank ocean's crack rock ? the shit is mad deep.,Positive,Positive
foo fighters in st. paul with bennett on his 17th birthday. a spur of the moment decision that ended up working out!,Positive,Positive
martin luther king elizabeth 1st the girl with the short skirt in mcdonalds my grandaughter. 4 boys. mention20peopleyouwanttomeet,Positive,Neutral
"we can make the 27th iphone, interactive robots, and grow brains but yet mcdonalds can never keep their ice cream machine working.",Negative,Neutral
if you don t pipe down i m gonna injure tim howard so you have to watch jan mucha all year !! insultsomeoneliketysonfury,Negative,Positive
sending troops to iraq may be a dangerous game for turkey ankara's dispute with the federal government in ira..,Neutral,Negative
lady gaga accepted billboard's woman of the year award friday and spoke out during her speech against sexism in the music industry. amp nbsp,Positive,Positive
goin to the east playoff game tomorrow.,Positive,Neutral
"it's lookin up for the nfl! according to espn's chris mortensen, locked out officials may soon be back on the field.",Positive,Positive
"<user> <user> all for one, out october 4th on blu ray. it's about their australian tour and can be bought at sanity",Neutral,Neutral
what giants or niners fans would wanna go to the sunday night game at metlife?,Neutral,Neutral
tonight dr. terrie hale scheckelhoff will be formally installed as the 11th head of school. welcome to the saints family <user>,Positive,Neutral
<user> jays have scored 4 in the 10th. thanks for the mammaries red sox. this game is over trevsniptweets,Positive,Positive
start your week off right. monday night is food trucks at art park. click the link for all the info ..,Neutral,Neutral
"official real madrid and atletico madrid will face off sunday october 4, will be played at 20 30, at the calderon.",Neutral,Neutral
what if this whole vettel and alonso thing is just an april fools joke?,Negative,Negative
<user> 3 tickets all seated together on the halfway line for arsenal v hull tomorrow please dm me,Positive,Neutral
"heads up galaxy s ii can be wiped by just clicking a link, other touchwiz devices may also be vulnerable r",Negative,Negative
"haven't had breakfast yet, but we have already spotted chuck norris at the 16th ave church restoringunity neveragainisnow",Positive,Neutral
if j.cole and kendrick lamar don't realease something february..i'm going to be really sad.,Negative,Negative
aw what the hell curtis painter coming in and we give up 3rd and 18 conversion.,Negative,Negative
"i'm going to disney world , october 3rd . if you wanna come on down .. come on down",Positive,Positive
the new iphone is announced tomorrow. i already want it,Positive,Positive
<user> <user> he said if chris bosh had to burp that shit wouldn t come out til tomorrow long neck mothafucka lmfaoo go head!,Negative,Negative
"<user> note about rodgers having 0 comebacks after trailing by 9 in 2nd half, flynn had 2 wins amp a tie last yr w gb in same sit",Neutral,Neutral
that 2nd half was shit la didnt deserve to win it vancouver played tough and didnt deserve to be screwed by the ref,Negative,Negative
vampire diaries is already ruining my life and i'm only on the 8th episode of the first season. ok.,Negative,Negative
so harper is blaming del mar racing another meet for the summer meet's struggle. never change california racing.,Negative,Negative
is seth rollins the most talked about wwe champion of all time of being clowned every monday nite??i mean everybody takes turns on him,Neutral,Neutral
"if the wild rumours about alonso's 2015 salary being thrown around are true, that diamond encrusted mono brow comb may be getting closer..",Negative,Negative
i have a resting bitch face that would make wednesday adams jealous,Negative,Negative
<user> i mean i get the hype around jlaw. i may not like her but i get her hype. i just don't understand amy schumer and her hype,Negative,Negative
for some reason i always thought national hot dog day was on the 4th of july. learnsomethingneweveryday,Neutral,Positive
cheap hot dogs today! thursday is national hot dog day add <user> to the list as well!,Positive,Positive
follow the top amy schumer stories for dec 21 on our topical page,Neutral,Neutral
"dont get paid till saturday but im going traffod centre tonight, cba",Negative,Neutral
"might only play kenny and jason aldean tonight djing to prepare for tomorrow. ya i know i'm a loser for going tomorrow, i didn't buy them..",Negative,Neutral
billy ho going all sharknado on championship sunday.,Neutral,Positive
"anyone going to the romney rally in fairfax on monday?? really wanna go, but no car. help!? <user>",Negative,Negative
"european bourses rally milan, september 8 european bourses rallied strongly tuesday with the euro stoxx ind..",Neutral,Neutral
'boruto naruto the movie' slated for october 10 release in the us christian post,Neutral,Neutral
aye yo add me on snapchat because im going to be snapchatting everything tomorrow at digi nicoletrevino63,Positive,Neutral
omg! look like it s gonna be very hot in gampel on sunday.. xd,Positive,Positive
"carly fiorina now 3rd 4th place in most ia polling, not going to be allowed into the cnn debate because lol may june polling matters.",Negative,Positive
project x on a monday night? fuck it,Negative,Negative
"<user> thanks chelsea, i have all the info i need. have a great tuesday!",Positive,Positive
sam smith will be here saturday and i'm not going..something is not right.,Negative,Neutral
did you see that andy carroll header? what technique! c mon! that s not technique. technique is passing the ball 5 yards 50 times.,Negative,Negative
jpmorgan chase posts q3 profit of us 5.57b new york jpmorgan chase said on tuesday oct 14 it returned to p..,Neutral,Neutral
watch sam smith hold up the wdym sign tomorrow.,Neutral,Neutral
<user> that s shit banff would be better aswell! still going out in keith on the 3rd? x,Negative,Negative
i think i may actually be whipping through the gilmore girls series on netflix too quickly.. i'm gonna have to start over again!,Positive,Negative
rest in peace for lee soo man's wife. may her wife get the best place over there and stay strong for lee soo man and his family.,Positive,Positive
oh my god the video is out tomorrow the first video after zayn left one direction is out tomorrow dig a hole and throw me in there,Positive,Neutral
not a great start for the amateur paul dunne. imagine having to compose yourself to hit your third ball 5th shot off the tee on hole 2!,Negative,Negative
it s presidents day at the white house thursday. barack obama hosts george w. bush for unveiling of portrait. george h.w. bush there too.,Neutral,Neutral
<user> <user> <user> bias is prevalent at all levels. you don't want 2 find yourself on the bubble on selection sunday ncaa,Negative,Negative
"going to finish watching the vow tomorrow , its such a cute movie c",Positive,Positive
kanye west married a kardashian and now he thinks he's the man and wants to rule the world as president? i mean c'mon man!!,Neutral,Negative
when they said stoops has been chagrined by 3rd down problems it sounded like they meant ou having problems.,Negative,Negative
mayoroflondon join in tomorrow at the exciting london children s book swap events for families who love to read ld ..,Positive,Positive
"marvel kicks off the presentation! alan horn starts by praising ant man's 1 opening, which he says is marvel's 12th consecutive 1 opener.",Positive,Positive
rondo should be glad the all star game isn t hosted in dc with those galaxy foams on.,Positive,Positive
crappity crap! i'm always away when he comes to town! paul mccartney to play acc on oct. 17,Negative,Positive
<user> headlines are that murray lose to an unknown anderson. the guy is ranked 14th in the world.,Neutral,Negative
nigeria beach soccer team have booked a place in the last four of a dubai invitational tournament after they beat japan 6 5 on thursday.,Neutral,Neutral
"you may feel you re alone, but i m here still with you. you can do what you dream just remember to listen to the rain by amy lee",Neutral,Positive
when you realize that bye felicia from friday was a real experience in straight outta compton with ice cube mydumdass byefelicia bruuh,Positive,Neutral
it is scary that kris bryant is the 4th best hitter on the cubs..,Negative,Positive
i want to see shawn tomorrow,Neutral,Neutral
kobe bryant ranked at number 40? nbarank hope he proves this ranking wrong. lots of respect for him! one more reason to wait for oct 28th.,Positive,Positive
"<user> still 2 weeks until the 1st episode so that is good at least. i hope it won't be like love rain or fashion king, film until end lol",Positive,Positive
<user> <user> <user> gay marriage is here today but don't think for a moment it can't disappear tomorrow.,Neutral,Negative
"mulcair, harper and trudeau still in close race after campaign's 1st phase. leaders considering time sharing the country.",Neutral,Neutral
<user> take a pic with <user> on sunday plzz!! the gays will die and go to gay glitter heaven!!,Negative,Positive
"i never had a good time, i sat by my bedside, with papers poetry about estella.",Negative,Negative
ready to go to lexington with <user> and <user> for this game tomorrow night!,Positive,Positive
floyd mayweather says he will fight september 12th again .. but no opponent yet what do you think? boxing ..,Neutral,Neutral
"mufc really need to sort their shit out! no defenders amp attackers! stones amp berahino or kane, may not be the best yet but would take them",Negative,Negative
<user> hey are you going to blue diamond tomorrow? and are you driving? o,Neutral,Neutral
<user> <user> they are organising this invasion with the help of 5th columnista angela merkel who is selling out germany,Negative,Negative
what made aaron rodgers so good in the final moments during sunday's win vs. mia..,Neutral,Positive
saddest part is christians give me the hardest time about it. jews and muslims? they know the score. 2nd verse is the first. touch butts.,Negative,Negative
<user> <user> if the comment was in reference to the 'charlie hebdo' violent attack in january it is no less repugnant. in my opinion,Negative,Negative
"she may be trans, but she has 100 million to wipe away her tears from being discriminated against. i feel no sympathy for caitlyn jenner.",Negative,Negative
"<user> we re on a normal recording schedule again, mondays around 6 00pm eastern, would that work for you one monday? 2 2",Neutral,Neutral
remembering former st. louis blues star pavol demitra today. he was a true talent class guy all the way. a very sad loss for his family.,Negative,Negative
<user> <user> <user> nick are you going to see madonna on this tour. i'm going on september 28 in chicago. i can't wait!,Positive,Positive
happy 15th birthday to the greatest mobile phone of all time! nokia 3310,Positive,Positive
and with serena's 11th ace she wins the match vs her sister venus,Positive,Neutral
<user> zayn left on the 25th. i guess i should have added 1d but,Neutral,Neutral
indian air force may not go with israel a second time,Negative,Neutral
josh hamilton hit a two run homer in 2011 ws in the 10th with a sports hernia. if anyone with any decent fielding skills catches the ball..,Positive,Neutral
samsung will be unveiling the galaxy note 5 on august 13th,Neutral,Positive
"yeah, i get text notifications if it's supposed to be cardigan weather tomorrow island paradise apartments",Neutral,Negative
<user> i miss my kitty.. he used to chase the sun reflection of my ipod on the wall..,Neutral,Neutral
<user> take a look at <user> tweet hindus should not use rip. u can use it for michael jackson,Negative,Positive
directioners!! now we have to prove that we are a big family!! on friday released video for the song little things,Positive,Positive
friday night knicks vs heat if you not watching the game wit me dont fuck with me lbs i be engaged like a mf knicksnation teammelo,Negative,Positive
nokia n97 small fry do the trick each and every devil may care in there with equal exclusive chromesthesia wavuvw,Neutral,Neutral
harrogate is a spa town and the site for the great yorkshire show in july. this cottage is a great base for visiting,Positive,Positive
"john 3 16,the fab four,the 50 yard line,the 13th floor,9 11,the dirty dozen,we re all waiting for the 2nd coming..numbers jmc greatsong",Positive,Positive
"<user> we went to twilight races last friday and it was great, ef markets food stall people would be a gr8 addition. nextime",Positive,Positive
hope that the 3rd hospital don't end up like fashion king. interesting in the first few episodes. but after that,Positive,Negative
psa it's my girl <user> 21st bday and were at rum runners celebrating come thru and show this fine dg some love,Positive,Positive
"<user> hey girl, excited to see the new jersey shore tomorrow!",Positive,Positive
"some may find this childish, but i revel in it. kurt cobain 1967 1993",Neutral,Negative
"my wife hates when i watch the sunset listening to u2. but i'm not the only one, staring at the sun.",Negative,Negative
amazon prime day sales up 18 per cent on black friday amazon has detailed its plans to make prime day an annu..,Positive,Neutral
<user> it's on sunday huh? do you know what time? nia forgot lol,Neutral,Neutral
this may be unexpected but i found a very special lady with similar personalities! nicki and miley beef is over! <user>,Positive,Positive
"starts friday, august 7th, max, paper towns, testament of youth. buy reserved seats online with no service fee at..",Neutral,Positive
"that was the best day of my life fam. i felt like a slave that got freed, or derrick rose passing the sat. maan..",Positive,Positive
<user> but foreign intervention isn t helping but i think qabiil is doing hefty damage in somalia. it divided us in the 1st place,Negative,Negative
"skimmed it may not like the scotus decision but it's the law. no offense, but your pope? climate change? seriously?",Negative,Negative
the 1st kendrick song i heard amp i knew i would love him forever after that,Positive,Positive
"i'm going to be quietly singing john cena sucks! john cena sucks! to myself for most of tomorrow. well done, summerslam crowd.",Negative,Negative
i think if i wake up one day and realize that i am not married to frank ocean i may lose my mind.,Neutral,Negative
the paul mccartney concert may have sold out but the ringo starr concert is free if you buy 2 or more little debbie snack cakes.,Neutral,Neutral
"this chick bid on the 1st showcase bunch of apple products . rookie mistake. 2d showcase was a trip, a tv and a car. her face was hilarious",Positive,Neutral
<user> why am i not surprised that you blame mufc for real madrid leaving ddg bid till the 11th hour?,Neutral,Negative
acta gets the ax. wrote about him and other managers on the hot seat on tuesday,Negative,Neutral
"the fact that after i tweeted that, max the dog sat on my cold left out foot..",Neutral,Negative
aus skipper michael clarke and fast bowler james pattinson have been ruled out of thursday's series deciding final vs sl with injuries.,Negative,Neutral
<user> she began to feel a little offended by what he was saying. loki.. like i would report back to thor. he may be my father,Neutral,Negative
"bit behind the times, but sharknado may be the best thing i've ever seen. comedygold",Positive,Positive
"market meltdown on the spx is likely a 3rd wave, nice try to stop the crash, but they cant stop it now well dont look like it",Negative,Negative
"sorry to hear justin bieber was beaten by an nhs choir. however justified the emotions, violence is never the answer",Negative,Negative
planned parenthood is worldwide. they have been killing our babies by design as the plan was to send in illegals refugees from 3rd world,Negative,Negative
the wildest lie i told a chick when i loved in atl i told her i just got drafted to the falcons in the 6th round before google was poppin,Negative,Positive
wilshere didn't play for arsenal on saturday and most papers report he's 'doubtful' for newcastle. why would there be an england 'row' ?,Neutral,Negative
"lmao, i swear i couldn't stomach naruto anymore when they came out with shippuden. i had to peace out.",Negative,Negative
"zayn's hair is dark in the 1st and last insta post but in the middle, his hair is silver..",Neutral,Neutral
"honestly, justin bieber's music could disappear of the face of the earth tomorrow and i couldn't give any less of a fuck.",Negative,Negative
d.j. king suffered broken right hand in fight with krys barch oct 24 2009 stlblues vs dallas stars missed 3 months,Negative,Negative
jets jetsnation on my way to nyc .will be on <user> tonite on jetsinsider at 7pm!can't wait to talk jets and nfl . everybody check it out!,Positive,Positive
what would happen if thor just sat his hammer down on top of somebody?,Neutral,Neutral
"thinking neighbors probably don t have work tomorrow. so, it s cool if i turn up the judas priest and just rock out all night, yeah?",Positive,Positive
"<user> can i please have a follow, i need someone to obsess with over ahs by wednesday",Neutral,Positive
first football match of the season today and foo fighters tomorrow ifcarlsbergdidweekends,Positive,Neutral
highly doubt that ipad will be covered during the appleevent tomorrow.,Negative,Negative
do you know who paul dunne is? he may make history tomorrow. hear how! <user> has details now!,Positive,Neutral
"shay with bentley and bella, in their sunday best",Positive,Positive
romo finished 2nd at acc again! for the third consecutive year tony romo finishes second at the american centur..,Neutral,Neutral
"as super eagles head coach, sunday ogorchukwu oliseh enters day three of his active period in charge of the..",Neutral,Neutral
"lmfao hulk hogan really got fired on his day off. on a friday, man.",Neutral,Positive
sometimes i just feel sorry for messi and cr7 that such immense talents may not add the world cup to their laurels..fuck!!,Negative,Negative
"<user> if spurs complete deals for dempsey and moutniho omd! add that to the players they have, they may be better lool cant believe it",Positive,Neutral
why muslims always fighting with muslims..shameful history of muslims..except prophet time to 4 khlifah,Negative,Negative
shows on the great white way were cancelled sunday and monday and radio city music hall al,Neutral,Positive
<user> this is the first thursday in a long time where i didn t get to see <user> howsad skype counts,Negative,Negative
"wait, don't tell me he ranked 7th? as fashion king, really?",Negative,Neutral
donald trump hopes to run against kanye west in 2020 every since kanye west announced sunday that he pl.. news,Neutral,Neutral
<user> tomorrow then announces that alonso is going to ferrari and vettel signing? greetings.,Positive,Neutral
"in a world where kanye west is president and miley cyrus performs a song saying she smoke pot and love peace, i may as well kill myself!",Negative,Positive
"with the federal budget deal signed into law, people 70 may be able to make large charitable gifts from an ira.",Neutral,Negative
<user> ha.finally i can add you in my circle and come to close to talk with you on 11 6..yeah.1st time to see real jeremy lin..so excited..,Positive,Positive
back to our normal schedule tomorrow! get the kids to school and get yourself to yoga!! 9 15 vinyasa..,Positive,Neutral
i think the sun should consider suing the bnp over this,Negative,Negative
celebrity big brother reminds me of that simpsons halloween episode when all those awful celebrities are on a plane to the sun.,Negative,Negative
25 it has been 25 matches since messi last produced a hat trick for barcelona. his next will be his 25th for the club. omen?,Positive,Neutral
if the sun is shining down on you today..thank george harrison and smile because little darlin' it's alright.,Positive,Positive
horrible headache! day of packing ready for my trip to scotland tomorrow!,Negative,Negative
<user> fuck cc. curtis may have been the villain but let's not forget just how complacent cc was in throwing effie under the bus,Negative,Negative
peyton manning may have been in the calvin fitness center this afternoon lookalikealert,Neutral,Neutral
the complete 5th season of dexter is available on dvd today! or you could just watch it on demand..,Positive,Negative
"<user> thanks! the result may be more sidney crosby than lanny mcdonald, but i will post my pics with pride either way",Positive,Positive
"jersey friday, danny elfman, does it get any better? <user> <user>",Positive,Positive
<user> <user> <user> well if thats the case the kane and eriksen got us out of the shit last season and got us 5th not poch,Neutral,Positive
smart money says rick perry will be the first to call it quits. he may be a winner in texas but not nationally.,Neutral,Neutral
holy shit. rebecca black donated all her earnings from friday to help the japan earthquake. this changes everything.,Positive,Negative
read all about <user> defending his wbo title at the staples center in la on november 10 boxing,Neutral,Neutral
"how did dylan quirk not make the vic 19's. he kept to james pattinson, darren pattinson and peter siddle in a 1st grade grand final at 15.",Negative,Neutral
"piers newbery <user> murray breaks back in the 3rd, huge roar, crowd loving it. not sure lamps expe..",Positive,Positive
"<user> you think mr.calle let practice with you guys ,cause i don't have practice tomorrow ??..",Negative,Neutral
"i m going to romeo santos at estadio olimpico in santo domingo, dominican republic dec 15",Neutral,Neutral
can't wait to see the anderson silva fight saturday woop woop,Positive,Positive
check this out cyborg says she wants to fight rousey in april cyborg says she wants to fight .. sports online,Neutral,Neutral
diego costa a doubt for tomorrow. then again he's been a doubt for half chelsea's games this season. cfc,Negative,Negative
"everytime i watch the 4th harry potter, a part of me still thinks that maybe cedric will return to the port key.. but he never does cries",Negative,Positive
"ok, so hulk hogan may have took it a bit too far this time..",Negative,Neutral
danny care may be the best scrum half england have but he s still a massive c bomb,Negative,Positive
"i can t wait til saturday! i ll be there 4 the pregame show tomorrow,i love college gameday i m glad gameday is here at lsu!! geaux tigers!",Positive,Positive
<user> it comes out nov 13 if it does come out. nintendo is notorious for rumors trust me ha,Neutral,Negative
"who would you rather have as a 5th member michelle obama, an ewok or the sneezing panda. iheart5sos",Neutral,Neutral
floyd mayweather may have beaten pacquiao but i bet you a billion dollars he couldn't beat kelly robinson,Neutral,Neutral
i may have threw up in my mouth and screamed a little when the trailer came on before paper towns,Negative,Neutral
"via <user> alessio cerci thought he'd scored for atleti, ref deemed handball, 2nd yellow, off. harsh.",Neutral,Negative
great to see paul dunne amp padraig harrington in with a chance to win the 2015 british open at st.andrews on monday.,Positive,Positive
democrats call on lt. gov. ard to resign democrats called thursday for the immediate resignation of lt. g..,Negative,Negative
mass with the bishop of the diocese of raleigh tomorrow. i feel like i need it.,Neutral,Neutral
ugh why everyone going to athens saturday night. go friday!,Negative,Negative
<user> no way she makes it past the 1st rd. she has had a rough transition to mma she is in no way near prepared for rousey,Neutral,Negative
come scoop mert <user> i gotta go shopping tomorrow! i keep putin it off. ima fuck around amp ain t gone have shit to wear to gotti,Negative,Negative
can it be thursday yet i wanna watch tom brady fuck somebody up,Negative,Negative
june 7 8 red sox at giants. who's down to go and boo from the 3rd baseline?,Negative,Neutral
<user> hey lou i got a good deal on a bunker i can sell you on nov 7th rightwingparanoia,Positive,Positive
iqaluit just wouldn t be iqaluit without the drunks screaming at each other on a saturday morning .. depressing buggers.,Negative,Negative
"wondering what you made of 1st episode of jimmy mcgovern's 2nd series of 'accused'? in my view, sean bean good but stephen graham excellent.",Positive,Positive
double eviction night tomorrow! a week of big brother in just one night! gotta see it tomorrow! bb17,Positive,Positive
could be an iron bowl sunday in greensboro on pga tour with bud cauley and jason dufner near the lead. and uga s harris english.,Neutral,Neutral
anyssa just said that when the boys started singing c'mon c'mon at wwa all she thought about was me,Neutral,Neutral
imma cry if cena win the wwe title this sunday. there is no way he should tie ric flair's record for most world title reigns,Negative,Positive
"meet recruiters from deloitte and touche llp, fedbid, irc, and more at the job search crash course next tuesday",Neutral,Neutral
on my way to see paper towns for the 3rd time.. i have to surrender my goal of seeing it 9 times because i'm moving,Neutral,Positive
ice cube son and <user> to do an our generation friday would be the dopest thing ever!!,Positive,Positive
windows 7 brain damage this evening. apple should just buy microsoft and crush the life out of it. please.,Negative,Negative
"oddly, dustin johnson may be better served to play the final round chasing not being chased. he can play to win, not play not to lose.",Negative,Neutral
"remember when ashton tweeted me about the 1st atlanta meetup ,",Positive,Neutral
wouldn't it be an irony if yakub's hanging goes ahead as planned tomorrow coinciding with kalam's funeral? just asking! <user>,Neutral,Negative
kinda want to go to anatomy tomorrow but i don t at the same time.,Negative,Negative
it s been in the 50 60s all week. this weekend its gone be back in the 70s then on monday its droppin back down to the 50s. fuck atl weather,Negative,Negative
"came 6 hours before the ed sheeran concert began,i waited in the hot sun and almost passed out with barely any water.but it was so worth it",Positive,Neutral
damn drexel and penn have canceled classes for monday and tuesday due to the hurricane.,Negative,Negative
"rt <user> fire up the outrage machine, because channel 4 are showing four lions as part of a 9 11 anniversary season ..",Negative,Negative
the best thing about a thursday night is definitely celebrity juice hilarious,Positive,Positive
i wanna party with justin and get really drunk then fuck like theres no tomorrow,Positive,Negative
the problem with america is not the politicians. it's the christians that won't come to sunday night church and saturday soul winning.,Negative,Negative
"today rugby will take on dollar with 16 30 kos. at home we have 1st, 2nd amp s colts xvs, while colts a, jca, colts b amp jcb xvs are away.",Neutral,Neutral
mighty quinn november 14 and the the winner is .. curtis the boxer,Neutral,Positive
"seriously, you's fault is that alonso doesn't have his 3rd and possibly 4th wdc yet?? i am sure we all know the answer.",Negative,Negative
"mcfashion make your friday morning a happy one, watch as brad pitt breakdances with jimmy fallon",Positive,Positive
just bought my ticket to go m watch the romeo santos concert in theater. nov 5 needs to hurry up!! i m so excited,Positive,Positive
<user> glam girls want to invited everyone to enjoy halloween with them tomorrow at the grenader on riverview and rosedale from 5 8pm,Positive,Positive
nirvana on the raido. nice start to friday.,Positive,Positive
<user> well they believed the sun when it talks shit about zayn but now the sun is the ultimate liar.,Neutral,Negative
<user> the dbs i get there name tomorrow and ray lewis is still talking bout u anit going in the middle lmfao,Neutral,Neutral
"was going to play da but man i'm so fucking tired i may just go the fuck to bed. but twilight is up to 22k, yay",Neutral,Negative
happy saturday! today we're listening to <user> cover of sam smith! listen to it with us!,Positive,Positive
did you know that 'rahul gandhi' was trending topic on thursday 20 for 8 hours in hyderabad? trndnl,Positive,Neutral
<user> jelly. mine won't be here until friday because amazon are tight with shipping dates .,Negative,Neutral
"<user> <user> not just christians, you are in the prayers of all of us humans.may you stay safe and be free soon!god bless.",Positive,Positive
nokia n97 microcosm bear down upon the whole direct over and above utterly comprehensive march ouytuj,Neutral,Positive
"drake, lil wayne, dr dre, wiz, mac, all dem haters gonna be jealous of our tweets in the sun rise motha fuckas <user>",Negative,Negative
<user> wanna go see legally blonde at north at 2 on saturday? i told your mom already but i need to make sure they have tickets if ya want,Neutral,Neutral
"my 9th grade art teacher had her iphone stolen from the classroom, someone took the sim card out so she couldn't track it",Negative,Negative
"michelle obama, barack obama honor colored girls on february 28th the last day of black history mon.. via <user>",Positive,Neutral
"this new shirt, with a quote from dr. seuss, reminds us that weird we may be, but love is just as weird!",Neutral,Positive
<user> why doesnt sony promote 1st party games? ac3 commercials are on tv all the time. and no one cont,Negative,Negative
dallas stars forward jamie benn has signed with the hamburg freezers in germany. he could make his debut against mannheim on friday.,Neutral,Neutral
why oracle just bought a marketing company called maxymiser oracle on thursday announced that it was buying new..,Neutral,Neutral
cont. weeks and hyung jun didn't even perform on the major music shows,Negative,Neutral
kendrick giving a free concert in watts the 22nd.. who's going w me,Positive,Positive
"military seizes vehicle laden with boko haram fuel, drugs nigerian troops said on tuesday it had made a numbe..",Negative,Negative
21st of august and still wondering where zayn is i hope he's okay,Neutral,Positive
<user> cuba. i'll tell you more after i book it tomorrow and before i leave sunday!,Positive,Positive
apparently it's national hot dog day today! may have to get some for dinner.,Positive,Positive
paul mccartney playing as the sun sets in chicago was definitely one of the most beautiful things i've ever witnessed ok,Positive,Positive
<user> the night matt has a place in ypsi and we are going to state saturday,Neutral,Neutral
"<user> how was the series, sac 2nd gig? love music, coz its yoko kanno! cowboy bebop music creater!",Positive,Positive
might be going to the spurs match on saturday,Neutral,Neutral
trying to keep up with scott walker's position on the issue of the 14th amendment is about as easy as herding cats.,Negative,Negative
chris's boss gave us tickets to the sam smith concert tomorrow. we're probably not going to go but what a nice gift.,Positive,Positive
may have smoked a blunt with jay z at the <user> show last nigh trying to remember..no big deal but i want his connect shits fire !!,Positive,Negative
kendrick lamar getting all 11 grammys on sunday would be the best birthday gift ever..,Positive,Positive
hillary will not make history as 1st female pres. she'll make history by being 1st pres candidate to be indicted on criminal charges.,Negative,Negative
dustin johnson doing it again on a major sunday. unreal.,Positive,Neutral
walking through glasgow in the pissing rain then george harrison's dulcet tones appear on my earphones with 'here comes the sun'. nice.,Positive,Positive
"rt <user> rt <user> nigeria play england in the round of 16 on wednesday 10th, at 11pm nigeria time u20worldcup",Neutral,Neutral
<user> i'm about that xbox life fam. but i'm thinking about finding a deal for a ps4 on black friday. you?,Neutral,Neutral
sunday night lounging! jett lounge is the destination! big leo celebration! everybody free all night! pool t,Positive,Positive
"happy bday to the amazing <user> beyday big love to you, jay z and blue ivy. may ur family continue to amaze this world. loves x",Positive,Positive
a piece of me will die tomorrow morning if sam smith is singing the new bond theme,Neutral,Negative
iwishicouldforget about my katy perry headgear i had in 9th grade i do love my teeth now tho,Neutral,Positive
duchess of cambridge reveals prince george thinks he is three prince george may have just turned two but his ..,Neutral,Neutral
frank gifford was the only sportcaster to do both play by play and color commentary for monday night football. funfact,Positive,Neutral
<user> bobby jindal may care about planned parenthood but he's a crappy la. governor,Negative,Negative
<user> i m not sure i m going to brownsville tomorrow,Negative,Negative
"reserve your spot for our next party camp! programming amp video creation with minecraft! starting aug 31, grades 1 3",Positive,Positive
<user> lmao i sat here for five minutes like what the fuck did i do to courtney?? ha damn..,Negative,Negative
damn rivergate skate center used 2 b the spot to b on friday the 13th.,Neutral,Negative
<user> no one can hold a candle to queen coco. if she s still doing shows in august for my wedding we have to go!!,Positive,Neutral
no! r u sure? i didnt even know milan is polluted . i thought all time is cleaned. to know i'm in la to take the sun .,Neutral,Negative
"ap top stories december 15 a here's the latest for tuesday, december 15th saudi arabia forms coun.. usa news",Neutral,Neutral
"<user> that way, the orange bowl would always be a part of me. i think it was a wise choice. shit, is it thursday yet? game time!",Positive,Negative
in context scott walker and 'birthright citizenship' if it's tuesday it must be.. via <user>,Neutral,Neutral
harper lee's second novel go set a watchman may be block buster but the big read is charles dickens' all the year round.,Positive,Neutral
tune into reelz tomorrow at 7pm ct to support alpha mu's rebecca dunn in the miss usa pageant. go becca! we love you!,Positive,Positive
oh is there really a 2 hour delay tomorrow oh didn't know so keep posting it,Negative,Negative
i'm coming back to to dayton november 15th for half the day. pretty excited to see everyone again,Positive,Positive
a woman called nicki a wee bitch and spat because she sat down in front of her on the 11,Neutral,Negative
new post monsanto wants to replace the bees they are killing with genetically engineered flying ants,Negative,Negative
sam smith's bond theme song for 'spectre' drops september 8 report adele sang the theme song for daniel crai..,Neutral,Neutral
"chicagoans happy casimir pulaski day!! wherever you are, find yourself a pierogi and celebrate!! pulaskiday",Positive,Positive
charlie sheen's winning ways get roasted on tv los angeles reuters he may have looked like he was ..,Neutral,Neutral
<user> watch adele release it late december and block the charts.. and then when she's done sam smith is coming,Positive,Neutral
"<user> when is the last time christian hung gays? i'll tell you the last time islam hung gays, yesterday, today amp tomorrow, etc, etc",Negative,Neutral
sick of a congress beholden to special interests? voice your concerns at the fec public forum on october 9th rsvp,Negative,Neutral
not making it to the main debate stage may not be such a bad thing for carly fiorina,Negative,Negative
i really hope the weather picks up for saturday and sunday! a wedding and foo fighters,Positive,Positive
counts down the days until october 6th and blesses amazon prime shipping <user>,Positive,Positive
"ffs louis is the fucking sun, niall is holding his damn guitar, liam is the only one singing seriously amp no one knows wtf harry's doing",Negative,Negative
<user> <user> does practice of almajiri in d north make it islamic. muslims may at times not practice islam,Neutral,Negative
omigod omigod omigod.. the biker jacket i've had made in hoi an is perfect! a few alterations to the dresses to check tomorrow. can't wait!,Positive,Positive
"49ersparadise hop pick your poison eliminating vernon davis comes with a price bee blog mon, 29 oct 2012 8 ..",Negative,Negative
i honestly cant wait to get out of greensboro with <user> tomorrow!,Positive,Positive
"just out of curiosity, why doesn't dean ambrose have a match sunday? and why did we get gypped out of seeing him wrestle tonight?",Neutral,Negative
"according to rolling stone, kurt cobain is the 12th greatest guitarist of all time.. somebody actually thinks this and it hurts me.",Negative,Negative
i don't agree with germany bailing out greece for the 3rd time.angela merkel is retarded and this new world order is a senseless stupid idea,Negative,Negative
<user> <user> supporter of israel who backed israels assault on gaza. now has the nerve to say it may have been too much,Negative,Negative
who are the danger men newcastle utd have to look out for on sunday against west brom ?,Negative,Negative
i really want the kurt cobain album coming out in november,Positive,Positive
lies!you said that on lana del rey's new album there was a collab with sam smith and guess what? it's a fucking lie!,Negative,Neutral
ah bollocks. i liked this guy's israel stuff but looks like he's a dud.,Negative,Negative
national award won by our amazing events team our annual conference was rated best association conference in the uk!,Positive,Positive
"ancelotti says khedira recovered and is ready to play, although not completely match fit. imagine he could get minutes tomorrow realmadrid",Positive,Negative
is it coincidence that the jets wear green? celebrate halfway to st patrick's day this sunday with nfl football!..,Neutral,Positive
<user> i think we all knew it would come to this. we sat through 4 yrs of watching a hatred for the potus build up. and here we are,Negative,Negative
rt <user> mariners drop cactus league game to the whitesox 5 0. return to peoria tomorrow to face colorado on <user> ..,Neutral,Neutral
"lorax is on for the 3rd time today! dammit i was tryna hold off on finishing this book, can t put it down reading",Negative,Neutral
when you were gonna get some netflix and chill sex tomorrow but you start your period,Negative,Positive
down to 2 at the final table. merson and sylvia. no shame for the kid balsiger. 3rd place and 3.8 million is great for the 21 yr old.,Positive,Positive
kerry hopeful israeli palestinian talks can be relaunched us secretary of state john kerry said wednesday he ..,Positive,Neutral
sat next to a woman on the plane today who flipped through photos of her cat on her ipad the whole time. spiritanimal,Positive,Neutral
<user> well i figured out that you have to get on the computer to make a league. the boys will have to help us tomorrow! hahaha,Neutral,Positive
<user> is this one of your little jokes like elvis playing at the marquee next tuesday?,Negative,Neutral
sharknado 3 may have overdone it just a little bit. and that's saying something for a sharknado movie.,Negative,Neutral
floyd mayweather fights next saturday and no one is talking about it lmao,Neutral,Neutral
"if cena ties ric flair's 16th world titles, that will truly be a slap in the face of flair. ridiculous raw",Negative,Neutral
jiujitsu test tomorrow.. i think it might be the first time im nervous about.. anything in almost a year,Negative,Negative
"where vanished candle brigade which used to march on every terror attack, demanding justice? wud u march with candles to hang yakub?",Negative,Negative
you mean the iraqi's that have decided to side with iran and are basically a satellite of that country? yawn.,Negative,Neutral
"learnt a valuable lesson on saturday. when your in oldham and you tell the the taxi driver to take you to town, he won t think you mean mcr!",Neutral,Neutral
they tried to pull a fast one and say today is margarita day but that is false. we may be drinking margaritas but it is not margarita day!,Negative,Negative
sorry by justin bieber has come on and i'm having flashbacks of screaming and stomping along to it with <user> last wednesday,Neutral,Negative
<user> yes!! lol. i think andy mentioned her on the july 12th show and audrey actually mentioned him on big brother too lol. loves him.,Positive,Positive
i really thought hisd didn t have school tomorrow because it was christopher columbus day.,Negative,Negative
"there you, go, vermalen. you don't clear it, and disaster strikes, especially if van persie is in the area. manu up, 1 0, in the 3rd minute.",Negative,Negative
off to swansea tonight. hoping for sun on the beach tomorrow optomistic,Positive,Positive
kirko bangz is the weakest nigga in the game i smoke weed with that nigga in 8th grade off edgebrook i thought he was lame then n still do,Negative,Negative
"due to me watching paper towns tomorrow, i made it my goal to read the book today. i finished it in approximately 10 hours. excitedaf",Positive,Positive
kendrick perkins may have the worst goatee in all of sports.,Negative,Negative
"never mind tfi friday, i wish he would bloody end his chris evans amp his celebrity chums chat show on radio 2.",Negative,Positive
intrigued by the mentions of alternate realities in this review of david bowie's lazarus,Neutral,Neutral
february 13 is going to kill me <user> <user> <user> thanks for skipping indiana .,Negative,Negative
chelsea need to beat ajax to keep up there battle with ajax for 2nd place nextgenseries,Neutral,Negative
why is there rumours going around saying lady gaga's 5th album is titled 'scorpio moon,Neutral,Neutral
<user> bobbi kristina just favorited my tweet retweeted me and tweeted me all in the same day. she helped me to say hello 2 september,Positive,Positive
"first day back at work proper and it has been manic and fuck it, i'm booking that to go see the milan derby in jan as a late bday trip!",Neutral,Negative
well..i wanted to go to the black forest tomorrow and take pics of the leaves. now i ll have to take pics of the snow. thanksweather,Negative,Neutral
"for sure just missed my exit because was singing to mariah carey way too full out. happy friday, all.",Neutral,Positive
i suspect rbi may be next in line.. either there is going to be rate custs.. of rbi gov on way out ! <user> <user>,Negative,Neutral
need a friday marathon one of these weekends. just laugh while ice cube's belly gradually grows and his mean mug gets meaner with each movie,Neutral,Neutral
"also this multiple sources told me the red sox did confiscate signs in support of orsillo at fenway last monday, despite denial from sox.",Neutral,Neutral
<user> make u register for the undergrad summit in atl jan 25 26,Neutral,Neutral
oh goodie that game no one liked about the blind girl hits ps4 tomorrow.,Negative,Negative
e l james writing caliber is that of a 2nd grader. throw in some bondage though and you ve got a best seller,Positive,Positive
'game of thrones' just cast a character who may have a huge role next season gameofthrones got gotonubox ubox,Positive,Positive
chris brown for the 5th touchdown of the night!! 38 3 goirish,Positive,Positive
google results are localised so i may well only show up so high if you're in the uk.,Neutral,Neutral
"also monday night, eat at maverik center as we debut little italy at the back of the concourse with seating for 70 people. check it out!",Neutral,Neutral
psyched that jeff shaara just released the 1st of 3 new books! blaze of glory about the shiloh amp the western theatre of the civil war!,Positive,Negative
"if it weren't for christians, the aztecs would never have stopped killing babies like planned parenthood does.",Neutral,Negative
"kris bryant is the 4th best base runner in the league, according to the stat bsr.. didn't expect that",Neutral,Neutral
durant will demand a trade after the heat win their 3rd straight title,Neutral,Neutral
"i don't go to the stampede parade either, but, i still support it. pride parade isn't a mandatory event.",Neutral,Negative
sharon stone gets 'persuasive' at amfar gala saturday night's event at the permanente museum drew a mix of film..,Neutral,Neutral
the crisis b w turkey amp russia may be the proximate cause for ankara for renewal of ties with israel <user>,Neutral,Negative
"<user> <user> tomorrow morning u will get reply, yakub will be hanged. india is not going to be govern by presstitutes,",Negative,Negative
"scott walker 14th amendment days after saying he wanted to end birthright citizenship, the wisconsin governor says he doesn't. flip flop",Neutral,Negative
lt desiree gt the royalton riviera cancun is very kid friendly! curtis just found out that he may not get to go on..,Positive,Neutral
<user> this is the exact reason why i don't preorder friday releases from amazon. they always push it back to the monday delivery.,Negative,Negative
"breaking prophecy news today, i present to you the 2 horns of the false prophet. yesterday friday, erdogan was..",Negative,Neutral
tbt wwa concert back in august. best day of my life!,Positive,Positive
"parttimeproblems call in tomorrow. call in no, goddammit i don't want to know who wrote jurassic world, call in tomorrow. tomo",Neutral,Negative
so <user> her ex texted her amp spelled nicki niki that's his first problem. 2nd problem is he doesn't know i go to ca amp i always tweet?,Neutral,Negative
"want a copy of book of souls the new iron maiden cd on release on sep 4th! to enter, follow us rt! <user>",Neutral,Positive
<user> those photos you're sharing of parish with the not afraid are pictures from back in january after the charlie hebdo attack,Neutral,Negative
crazy i was in a meeting with an old nba player that was picked 3rd before larry bird,Neutral,Neutral
demi lovato will perform at the 2013 houston rodeo on march 3rd!! get your tickets!,Positive,Positive
love a good bit of 'tony blair shame on you' on a saturday. dontbombsyria,Positive,Positive
eric church plays new never heard before song about his son in nashville july 30th. performance here,Positive,Positive
"blog post mtv s teen mom 2 returns for an intense third season with chelsea, jenelle, kailyn and leah on monday,..",Neutral,Neutral
this song says everything about a break up ..rope to hang by neil mcsweeney dir. sat johal of crows nest films,Neutral,Neutral
gucci unmentionables jivatma esoterica february plan the two yours connotative from mutual attraction in conte..,Neutral,Neutral
i have a lot of plans for my day tomorrow. and by that i mean i'm going to accidentally play dark souls for 5 hours. amp still whine about it.,Positive,Positive
c mon tyran why would u even hang out with jordan jefferson that s ur first problem,Negative,Negative
"wow, walk off win for the cubs..kris bryant hr with 2 outs in the bottom of the 9th inning",Positive,Neutral
"the rejuvenation of tfi friday, ergo giving chris evans the opportunity to appear on tv more, is very disheartening.",Negative,Positive
i have loads to tell you guys that will make yall super proud but i'm using my ipod now and it's super laggy so i'll tell later or tomorrow,Positive,Positive
i want to go watch denzel s new movie tomorrow! someone take mee.,Neutral,Positive
"you may love george harrison already, but wait till you see him lead..",Positive,Positive
i mean i'm ok with watching randy orton and shia labeouf for 2nd period,Positive,Positive
i haven t been able to look at todd bertuzzi the same way since the steve moore incident,Negative,Negative
i know more about islam than a lot of muslims mate. and i've lived with muslims and seen isocs at universities.,Neutral,Negative
<user> but tomorrow will be 18 months since the best night ever spent with you in milan really hope we can do it again one day,Positive,Positive
justin is lost in the 1st minute. no experience elxn42,Negative,Negative
<user> while the met may not be perfect why don't you piss off to somewhere like mexico city if you don't like it!!?? tottenham,Negative,Negative
"october 6th can't come any faster.. i will be eating a mcmuffin at noon while reading the new, fully illustrated harry potter book. nerd",Positive,Neutral
dammn yung tracy mcgrady goin to play in china really wish injuries didnt slow him down was one the best in the <user> my 2nd favorite player,Negative,Positive
gucci inexpressibles pneuma probability october open the team thine exclusive invasive procurement versus gown..,Neutral,Neutral
<user> <user> <user> anyone else noticed the uncanny resemblance between tgun and petraeus? tgun's dad may have a confession to make.,Neutral,Neutral
<user> well shit! i hope your back for the morning show. i need you on my drive to cupertino on monday! have fun!,Positive,Positive
so disappointed with the movie ghost rider spirit of vengeance. so not better than the 1st ghost rider movie,Negative,Negative
happy 22nd bday <user> i hope your day is spoon free and filled with lots of pints from niall!!,Positive,Positive
"friday night home alone it started fleetwood mac, it's gone afghan whigs. i'm nothing if not predictable",Positive,Positive
<user> what's annoying is that the one i pre ordered just came today..steve jobs just looted my card.,Negative,Negative
soul train party oct 27 perform by t.dot all stars..drell many more new kids on the block taking over t.dot <url>,Neutral,Positive
don t flirt with disaster! get you tickets quick for molly hatchet at underworld 1 dec,Neutral,Negative
"<user> <user> lol i will take nat's word give it a try. i may go back 2 supernatural later, watching arrow, last resort now 2",Positive,Neutral
i have an extra ticket to a sam smith concert tomorrow at 8. anyone wanna go with me??,Positive,Neutral
<user> my wildestdreams came true when i saw you amp <user> make magic at metlife on july 10th!,Positive,Positive
"paul dunne will make bogey on the 2nd. tough start for the amateur, but after a boat of provisionals, could be worse.. theopen2015",Neutral,Negative
im picking <user> and <user> is keeping the title till royal rumble on sunday january 27 2013 helinacell,Neutral,Neutral
attention directioners! beliebers are posting this picture! tomorrow we ll replay the video all day! jealousy ! hate !,Negative,Negative
4 the record ryan braun smacks 252nd career hr 1 more than robin yount wild brewers marlins wed matinee the story on fox 6 sports 5p,Neutral,Neutral
<user> have you seen thefilmtruth outstanding performances. cate blanchett may win aa for her very strong performance.,Positive,Positive
"balotelli in his 2nd milan debut a goal in 3 minutes, assisted the 2nd, and won a penalty. final score 3 2",Positive,Positive
there can be no tolerance of those who question the dignity of other people. angela merkel stood up to be counted,Neutral,Negative
"<user> i understand, you enjoy ant man and assure you it will start on time when you return tomorrow",Positive,Positive
snow white and the huntsman director rupert sanders may direct tom cruise in van helsing,Neutral,Neutral
"sweet lord baby jesus, david beckham is one fine piece of ass may his life be filled with happiness and me. amen.",Positive,Positive
starwars theforceawakens is opening at 500 less cinemas in the us than the 3rd twilight movie what??,Negative,Neutral
"do i want to go and see james bay march 29th and then the vamps april 1st? well, yeah actually..",Positive,Positive
hot mess monday! i'm feeling it! runninglate crazyday blah happymonday lovemylife,Negative,Negative
should be happy david wright is back but the mets fan in me is dreading the news tomorrow that degrom has a dead arm and is going to the dl,Positive,Negative
<user> <user> 3rd??! o where have i been i thought careless world was the 1st one. no?,Negative,Negative
had such a great time lastnight at the pipa 2nd year solos fantastic to see new talent on stage d,Positive,Positive
afc preview followed by live coverage of saturday s game between man utd and arsenal in the premier league.,Neutral,Neutral
when you really bought a ticket and had planned to come from az for frank ocean amp could give a shit less about kanye,Negative,Negative
"and it's saturday, so no school katy perry made teenage dream so cool sheskindahotvma",Positive,Positive
<user> ah! the old rohypnol in a glass of milk ruse. your gunna be sore when you wake up tomorrow.,Negative,Neutral
anyone want to go to foo fighters sat 5 sep milton keynes?,Neutral,Neutral
the giff was the main reason i once loved monday night football. rip usc and nfl legend frank gifford.,Positive,Positive
"i hate the white sox with the white hot heat of 100 suns. do better tomorrow, royals.",Negative,Negative
watching the brilliant rick stein making paella on saturday kitchen live..,Neutral,Positive
<user> new batman movie is the best! batman movie hollywood chillin saturday agree.. excelent message! without the rope..,Positive,Positive
i had such a great time tonight that i ve decided to keep celebrating! join me at volare this wed and thurs! bring your food donation!,Positive,Positive
"i have to decide am i going to go to a madonna concert on saturday. could be interesting. that's gotta be a 3 4 hour show, right?",Positive,Positive
i m not dealing with anyone s shit tomorrow so fernando and jacob fuck off .,Negative,Negative
"oliseh pleased with home based players after win in test game super eagles coach, sunday oliseh, .. via <user>",Positive,Neutral
andy rooney is really sucking it up on the pitch today. who misses pks by falling over?,Negative,Negative
rasheed wallace said he s ready to play 30 minutes if needed in tomorrow s home opener at msg against the heat.,Positive,Neutral
british and europeans also thought hitler was not a threat either. russians were nice and muslims just misunderstood,Negative,Negative
jerm amp curtis record a scene from the women's march for zuma for city press.,Neutral,Neutral
omg the music video comes out tomorrow! btw i still can t get over harry s voice,Negative,Positive
<user> <user> <user> <user> maybe she did. she may not like being blamed for the accuser going to kane's house.,Negative,Negative
"chris archer tb 4th rays pitcher with 200 strikeouts in a season joins scott kazmir, david price amp james shields",Positive,Neutral
30 million viewers for the cowboys game this past sunday..america's team,Neutral,Positive
george zimmerman is not going to win this trial he may as well plead guilty,Negative,Negative
turkey to pull troops from iraq turkey announced saturday it would withdraw its troops from ira.. ff gospelgee,Neutral,Neutral
i feel like a kid waiting for christmas when it comes to bike parts i want. please kenda release your honey badger soon. <url>,Neutral,Positive
honestly frank ocean said july. is he okay? what's taking so long?,Neutral,Positive
"the name friday comes from freya, the goddess of love and fertility. freya had two black cats who were a gift from thor, god of thunder.",Neutral,Positive
rahul gandhi at the 31st plenary session of indian national trade union congress intuc in delhi rgwithworkers,Neutral,Neutral
<user> thor just layed on the couch even he heard him. he sat up and juat ate by himself.. on the balcony..right around him no rain,Positive,Negative
i stayed up all night for the 4th dlc for advanced warfare on ps4 and its 3am about to be 4am and it's still not in the playstation store?,Negative,Negative
<user> you may be going to lsu but not me,Neutral,Neutral
"<user> i know, me too. this was the kakkest fake monday ever. it could have been worse.. it could have had a photo of caitlyn jenner",Negative,Negative
"family, friends and fans make shahrukh s 47th birthday memorable mumbai, nov 2 ani as bollywood superstar sh..",Positive,Neutral
possibly going to comic con in santa fe. can i make a mikasa scout outfit before the 24th it's on!,Positive,Neutral
"believe it or don't, but this version of informix isn't supported by anyone anymore. i don't even know whether ibm or sun own this thing",Negative,Negative
i dont understand the obsession with sharknado.. watched the first two and they sucked. im sure the 3rd one is just as bad.,Negative,Negative
what are you doing this thursday night? want to find your true self? zen out and reach nirvana with a little free..,Neutral,Neutral
super saturday was a blast!! what classes did you try?,Positive,Positive
i think a big part of rick perry's fall is simply that he is not a sitting governor this time around. may be jeb's downfall too.,Negative,Negative
unplanned 6th day of eid with bestie! eid2015,Neutral,Neutral
there is not need to wine about it briana's wine pick for this week will make your wine wednesday the best one..,Positive,Positive
rt <user> cbs says commentator andy rooney will make his final weekly 60 minutes appearance on this sunday's edition ..,Neutral,Neutral
"akin gump, has been tapped to raise money for the presidential campaign of gov. john kasich, r ohio, who kicked off his candidacy on tuesday",Neutral,Neutral
all my friends are going to the sam smith concert tomorrow and i got offered a ticket but ya girl ain't got 145 so i'm madd,Negative,Positive
is there a decent karaoke spot in tulsa on a wednesday? i feel the need to do number of the beast by iron maiden in honor of <user>,Neutral,Neutral
no14 den 34 peyton and eli may meet in the super bowl if both denver and the new york giants keep winning like they did sunday,Positive,Neutral
worth reading. another troubling argument for why the publication of watchman may have been an act of elder abuse.,Neutral,Negative
"news alarm matt adams 1b stl matt adams went 1 for 3 with a home run, a walk, and an rbi on thursday in game 5 of the nlcs.",Neutral,Neutral
"nofucksgivinfebruary just don t give a shit about anything, this may pose a problem on valentines though",Negative,Negative
"aww it's labor day on the movie, that was just monday haha",Positive,Positive
today i wore my neon nike pros to rush. today i also discovered that in the sun you can see my neon nike pros through my dress geauxgreek,Positive,Positive
french president hollande to meet with world bank french president francois hollande holds talks on monday with..,Neutral,Neutral
go to the ahs football game tomorrow to buy halloween fun run tickets,Neutral,Positive
"apple is expected to announce the iphone 6s at 1pm tomorrow. translation at 1 00 pm tomorrow, the internet will lose its shit.",Positive,Negative
thank you to all the awesome people who supported the cast tonight! game of thrones is amazing! might have a suprise game tomorrow.,Positive,Positive
and tomorrow nicki is going to be seen as a raging angry black women for calling miley out of something that she is guilty for,Negative,Negative
"under the cherry moon, my niggas carry heat, enough to bury june shaataap",Negative,Negative
gotta have a callahan's hot dog thursday for national hot dog day with all the trimmings fries or onion rings and root beer.,Positive,Positive
"<user> bbcsportsday c'mon guys, what about lfc away 1 0 win at fc gomel in belarus ? i was there, i'm sure we won!",Positive,Positive
did you know that 'sarah palin' was trending topic on friday 28 for 5 hours in phoenix? trndnl,Positive,Neutral
from the time i dropped off mar'i to the time i got home i blasted justin bieber amp i have no shame,Positive,Positive
"<user> channel 4, friday, 10.25pm i think. looks like it's going to be a really good documentary. obama's involved!",Positive,Positive
my 1st gen moto g is more solid than nokia 3310. i love the stock android on moto g,Positive,Positive
not only should everyone be upset with frank ocean but adele too. she's just now releasing something in november after 4 years of waiting.,Neutral,Negative
"thursday is a good day. the vampire diaries, grey's anatomy, reign, scandal and how to get away with murder. tgit",Positive,Negative
why wait until september to see stan walker in sydney when he s coming to newcastle panthers on 24 august!,Neutral,Positive
"still yet unanswered, are the sats still on for saturday?",Negative,Neutral
christmas family twilight tomorrow from 4pm including our 'young brumbies' club. who will spot 'bernie the..,Neutral,Neutral
trayvon my daily tweet 9 09 in memory of trayvon martin killed 197 days ago. may you rest in peace praying and hoping for the family,Neutral,Positive
good morning! 1st day of school for prince george's co..how on fleek is your first day of school outfit? firstdayofschoolthoughts,Positive,Positive
"listening to the liverpudlian accent on the tv, actually can't wait to pick it up in september if i make it to uni ohyes",Positive,Positive
im so excited for civil war in may i just want chris evans in my life 24 7,Positive,Positive
sopa is back! as a ransomware virus after historic internet protests in january the sopa anti piracy.. infosec,Negative,Negative
i got tomorrow off!! woop!! adrienne arsht center for the performing arts,Neutral,Neutral
katy perry was all smiles amp 160 when she amp 160 headed out for a broadway show wednesday night in new york city. amp 160 the singer wore a,Positive,Neutral
<user> <user> <user> when neb comes down here tomorrow i'm gonna knock the sled of his head then beat the fuck outta him with it,Negative,Negative
yeah. its just that the other day my feed was plastered with hate to briana and i did,Negative,Negative
john kasich may end up blowing by jeb bush before this is all over. has a lot of the things pure insiders which i am not like.,Negative,Neutral
saudi arabia leading the coalition to fight terrorism is like israelis giving their shawarma tuesday's to the palestinians,Negative,Negative
"the canopy survived the winds today! hoping to see a lot of people tomorrow at the new earth festival in atlanta, in",Positive,Positive
always fun reading about rousey's love for pokemon and dbz,Positive,Positive
i have to start packing tomorrow for auburn just so i won't forget anything saturday morning.,Positive,Positive
"silent house was ass, when a stranger calls was ass, the woman in black was ass and friday the 13th is also ass",Negative,Negative
<user> she's just following madonna's playbook. like a virgin was a hit when i was in 10th grade or so so this all looks familiar.,Positive,Neutral
hard to be excited about eric church at wefest for the 3rd time in 5 years. does literally no one else want to headline?!,Negative,Positive
"buzzing for the game tomorrow, gong to be a great atmosphere and a possible upset is on the cards! bring on aston villa! stfc",Positive,Positive
"<user> goodnight april all the way from vanuatu,the south pacific! 1love",Positive,Neutral
"<user> you're welcome! in the words of snoop dogg to say may our paths cross again, until the next episode, karen",Positive,Positive
tyrann mathieu may have fucked up his career we know jordan jefferson bum ass did cuz he can t throw smh.,Negative,Negative
just the 8th game into d season and d so called experts already know chelsea will go unbeaten and my dear <user> will drop from top 4 afc,Neutral,Positive
"just caught up on tuesday nights accused, <user> was quality in the last two. all 4 have been quality jimmy mcgovern great writer",Positive,Positive
<user> i may have to violate the democrat's iran deal..because i will never let iran get a nuke. trumpisright,Negative,Negative
time to finalize weekend plans. grizzlies host sfo fri and sat at maverik center. 5 off with can of food both nights.,Neutral,Neutral
"fire in the ashes 25 years among the poorest children in america by jonathan kozol comes out tues, avail for pre order",Neutral,Negative
it may be 2 30 am amp i may be eating christmas cookies.. but im still jamming to justin bieber's new album. problem?,Positive,Negative
"martin atkinson is referee tomorrow. if you don t remember, he s the one who missed balotelli s shocking tackle on song.",Negative,Negative
i am so excited for tomorrow's gala its gonna be awesome like everyone are going to be dressed super chic i feel like an adult,Positive,Positive
28 january 2016 workshop in milan digital transformation the door to success!,Positive,Neutral
biden gauging his 'emotional fuel' vice president joe biden revealed to members of the democratic national committee wednesday.. news,Neutral,Positive
<user> rock im park busted me on sunday.. i got in illegally. soon i may get a problem.. was for 5 hours with the police..,Negative,Negative
"caitlyn jenner may be charged with manslaughter when you are involved in a motor vehicle accident, you suffer..",Negative,Negative
katy perry will be hosting this years mtv ema's on her 31st birthday! this is going to be some show!,Positive,Positive
"finland's nokia agrees on china joint venture with huaxin helsinki, aug 28 reuters finnish telecom equipm..",Neutral,Neutral
"best of luck to the kerry minors tomorrow , going for 4 in a row, would be a great achievement that shouldn't be overshadowed by football!",Positive,Positive
the yankees win 8 6 and pull with a game of 1st place could be .5 if the red sox beat toronto,Neutral,Neutral
i'm still dying over the fact fourth of july by fall out boy was in paper towns omg,Positive,Positive
gt gamergate is a hate group gt amazon prime day is going to be bigger than black friday what do these two things have in common..,Negative,Negative
floyd mayweather's next opponent may confirm a popular theory about his final fight,Neutral,Neutral
i can not wait to be at the game on sunday with my boy <user> eli vs big ben,Positive,Positive
just remember michelle obama told barack obama she may not vote for him for senate just because she didn't want him in politics.,Neutral,Negative
scott walker has decided that maybe gutting the 14th amendment is a bad idea. i'm already over this election cycle.,Negative,Negative
"news nirvananews august 28th, 1993 nirvana meet with youri.. nirvananews august 28th, 19.. keepgrunge",Neutral,Neutral
prince george may be a little reptilian fuck who's from a family of inbreds but he's bloody adorable cos he dresses like an old man,Negative,Positive
"on tuesday night at neighborhood theatre, the crowd chanted for an encore. so, naturally,",Neutral,Neutral
<user> so the royals who won the wild card and made the playoffs for the 1st time in 29 years are the most talented team in the al? ahaha,Positive,Positive
tuesday will be my last day in florida,Negative,Neutral
tiffany will be one of the mcs along with cnblue s yonghwa and beast s gikwang for sbs kpop super concert on november 10 cr foreverjeti,Neutral,Neutral
rt <user> i copped the new straightstuntin today last issue.. dayum!! detroit models you know who to come to when u want to b ..,Neutral,Positive
"carlo ancelotti isco is a very important player. tomorrow, james rodriguez will start he rested wednesday.",Neutral,Positive
white sox could further explore robertson trade in offseason via <user> they can't get to the 9th to use him.,Neutral,Neutral
new niall at the u.s. open today today sept 2 2,Neutral,Neutral
"obama signed a law today making gifts of up to 100,00 from an ira tax free again. if you want to give to the foundation, call us monday.",Positive,Negative
trey songz will be here december 7 at the fox theatre,Neutral,Neutral
tbt when i got my ipod stolen in 8th grade and i was only upset bc i thought whoever stole it was gonna leak the lesbian porn i had on it,Negative,Negative
"i may be failing ap lang but i got a 99 in ap stats, so it's gucci",Neutral,Neutral
sunday is national ice cream day. but .. we think it's fine to celebrate early.,Positive,Positive
i'll hate on kendrick all fucking day but that black friday freestyle is fucking legendary,Negative,Negative
amy schumer will be here friday amp i want to go!,Positive,Neutral
don t forget that the exclusive screening of skyfall takes place this thursday at cineplex oasis mall.red carpet..,Neutral,Neutral
"speaking of chris jericho, it is wednesday today is it not? time for some catching up on wrestling.",Neutral,Neutral
brock lesnar on sportscenter talking about his fight with the undertaker this sunday.. what a time to be alive,Positive,Neutral
meek mill really dated nicki amp thought.. i'mon top of the world. thats what love does to you man,Positive,Positive
"dear dana white, do you know how you can make it up to calgary? cowboy vs mcgregor in march for the title if donald wins",Neutral,Neutral
dustin johnson off to a flyer yet again! all he needs to do is stay off the coke on saturday night.,Negative,Neutral
rt tv show ratings rookie blue dips to a new low on thursday big brother and under the dome hold t.. xfactor,Neutral,Neutral
ruby tuesday streamlines hiring and onboarding of team members with oracle talent management cloud hcm,Neutral,Positive
milan dropping points against sides in the relegation zone if we had those points we would be top 5 cries in 8th place,Negative,Negative
total rainfall bdr since september 1 is 7.64 which is more than double the normal 3.72 through the same period.,Neutral,Neutral
"<user> not support. they said need to talk to those groups to end conflict, as uk gov did with ira. please stop believing sun.",Negative,Negative
"heroes! well, almost. these four lucky residents scored gigs in 'ant man.' check out the story tomorrow!",Positive,Positive
national hot dog day is july 23rd! make sure you make plans to get some dogs! we will have them ready for you!,Positive,Positive
"london's sweeney tood with michael ball and imelda staunton, will close sept 22 broadway transfer rumored",Neutral,Neutral
wow there s two <user> just put the previews on itunes already they ll all be leaked by monday,Negative,Neutral
watching crossfire hurricane for the 5th time <user>,Neutral,Neutral
we add our regrets for yesterday's tragedy at the pride parade. may peace happen during our time. shabbat shalimar,Neutral,Negative
"dj khaled hold you down ft. chris brown, august alsina, future, jeremih",Neutral,Positive
katy perry performing at the super bowl halftime show in feb. damn sure wouldn't mind a wardrobe malfunction..,Positive,Neutral
day god known sunday week question and answer prayer church,Neutral,Positive
"tannehill may join quinn and rodgers, slide out of top 20 texas a m s ryan tannehill will be the third quarterb..",Neutral,Neutral
"i just took airtime, the new video chat service from start up stars shawn fanning and sean parker, for a spin on tuesday, its first ..",Neutral,Neutral
i miss that trip to knott's from 8th grades with my friends. dang good times,Positive,Positive
"foo fighters were exceptional last night, dave grohl can still command a presence despite being sat on a throne! goosebumps at the old stuff",Positive,Positive
<user> man i m thinking as hard as a 12 inch dick on a saturday morning that has to pee as bad a race horse at the kentucky derby,Negative,Negative
if yakub is not dead by this time tomorrow let the judges who delayed it pay for his upkeep.my tax money is not meant to for terrorists,Negative,Negative
"<user> yeah, we have the option to use the qb as a flex back. i activated weeden sat reggie wayne for the 1st time",Positive,Neutral
hellokarachi eidmubarak which food would you prefer to eat on eid 3rd day?,Neutral,Neutral
<user> i want the gucci trainers by tomorrow.,Neutral,Neutral
kendrick lamar may or may not have brought out the best or worst of me.,Neutral,Negative
im on that zan with that lean and nun but irene today at band camp jus to laugh at these poo ass freshman snare drummers,Negative,Neutral
<user> best get ya tongue ready i warned you!! no sweets..no kebab eastenders and waterloo road for you tomorrow then! disappointed!!,Negative,Positive
last day on our disney premier annual passes. gonna get different aps tomorrow. the premier ap is too much hassle when we go to disneyland.,Neutral,Neutral
<user> she may be my favorite libertarian writer right now. her response to the planned parenthood controversy was on point.,Positive,Positive
tomorrow is national ice cream day! sunday july 19th icecreamday come on down for a free homemade waffle cone with every ice cream order!,Positive,Positive
jbid sounded a bit like james murphy last night i was there .. when ronald reagan .. at the 1st can show,Neutral,Neutral
"<user> ira and others killed innocent civilians but the good friday was meant to be about moving on, noew it rears its ugly head",Negative,Negative
"<user> <user> october people have principles.. argue passionately for them, about them act on them. ghandi, sadat, adt, me!",Positive,Positive
<user> bernie's there like crossing his fingers that saudi arabia is going to wake up tomorrow and decide to take out isis,Neutral,Neutral
"tomorrow is the day ladies amp gentlemen, please all hail the vampire diaries is on tom",Positive,Positive
"<user> arkham knight, sir. i may be new to you but i'm not to then batman. we have something in common. we both want his head.",Negative,Neutral
is the news about netflix and kunle afolayan's october 1 true?,Neutral,Neutral
last chance!! i have 2 eric church tickets for tomorrow night at the state fair. please text or message me if interested!,Positive,Positive
<user> germany will be crying in two yrs time as islam swallows it turning it 3rd world.,Negative,Negative
"thur. kick tebow's new girlfriend, mario williams didn't want to leave hou, more legal troubles for d. bryant",Negative,Negative
looking forward to the <user> tomorrow in grand bend! see you there,Positive,Positive
fierce fighting erupts between chadian army and boko haram heavy fighting pitted the chadian army on monday a..,Negative,Negative
<user> oh wow! did you just trade elvis? i m just saying <user> may not like you!,Negative,Negative
merson has predicted us to finish 8th this season and arsenal 3rd.. sky sports home of the biased mofos!,Neutral,Negative
let's get it on is playing at ihop right now.. it's 11 30 on a sunday and everyone just left church. wtf ihop..,Neutral,Negative
<user> 2 hell with jeb bush with spanish speaking we dont tell mexico 2 speak english and i'm half hispanic! english 1st n the usa,Negative,Negative
"all he said is that it was funny, and weren't you up nicki's ass in july?",Neutral,Negative
"i'm being taunted don't get my ps4 until september 15, and i can't play this until halloween god damn it",Negative,Negative
lots of crime action in hannibal the past two days.. check it out in tomorrow's <user>,Neutral,Negative
"no, you ppl on twitter have proven how stupid you are with the hulk hogan thing, don't try pretending like you understand the 2nd amendment.",Negative,Negative
everybody is finally starting to watch naruto where the fuck you guys been. i have been watching it every thursday since 9th grade. rookies,Neutral,Negative
i didn't call tom brady the goat until he won his 4th superbowl ring so idk what this tweet means,Neutral,Negative
angela merkel is expected to go see tristan amp isolde at bayreuth. i want her job,Neutral,Neutral
see traversive territories until it's too late! on view now until september 7. free admission sponsored by ibm..,Positive,Positive
"that not afraid, photo of paris is from the reaction to the charlie hebdo attack in january. it is not tonight.",Neutral,Negative
<user> <user> <user> <user> the other picture is bobby jindal or nikki haley or an anchor tourist baby 14th amendment,Neutral,Neutral
<user> tmz reporting live how do you feel about kris jenner attending the hs homecoming game tomorrow,Neutral,Neutral
reminder!! join prince george's county council chairman mel franklin on sunday august 30th from 3pm to 6pm as he..,Neutral,Neutral
kim kardashian launches kimojis including image of her bum it may just be the ideal last minute.. daily mail uk,Positive,Neutral
why am england playing on a thursday have they got that shit that they're in the europa league?,Negative,Negative
<user> rt congratulations miss usa 1st runner up! so proud to have <user> represent the rg..,Positive,Positive
the biggest victory for the ira was bloody sunday. membership surged. bombing syria will only do the same. membership of isis will rocket.,Negative,Negative
"the video was shot during the floyd mayweather vs. andre berto press conference yesterday, the 6th.",Neutral,Neutral
"milky way ransacks nearby dwarf galaxies washington dc spx oct 17, 2014 astronomers using the national sci..",Neutral,Neutral
gucci raft conscience pomposity june wave the bifurcated thine body at accruement until special pleading vivid..,Neutral,Neutral
"noagenda russian ngos to lose american funding as usaid closes. euronews video in july, the russian par.. itm",Negative,Negative
if i'm dustin johnson i wouldn't care about my sunday meltdowns going home to paulina. sheesh,Negative,Negative
hate to admit it but arod is good in the booth. interrupted harold talking about thor costumes for the 8th time and provides real insight,Neutral,Positive
everything about brownsville is just bad and depressing. can t wait to go back home tomorrow.,Negative,Negative
rg is cleared for the vikings game sunday goodmood p.s. thank god we got rid of cuntsniff or is it cundiff?,Positive,Positive
"out castle sun. and staying there until tues. mother said it aint safe up dere in that new york wit sandy all thru dere fvck you, sandy.",Negative,Negative
"'is 'blows up' major palmyra temple' via islam may be peace, it's not culture.",Negative,Negative
what even is kanye west and who gave him a mic? i'll probs wake up tomorrow and he'll still be talking,Negative,Negative
"happy 2nd birthday prince george! we, at swimfin, think it's the perfect time for george to pop on a swimfin and..",Positive,Positive
this is why the red sox are last place in the division. poor defence in this 10th inning <user>,Negative,Negative
"<user> noo not yet. we had a birthday date night last night. plus i watch it on hulu, which means no hannibal until sunday",Negative,Negative
"<user> planning on ac dc live in moncton? coming up sooner than later, in montreal on the 31st. at the big o .",Positive,Neutral
"you'll have a beautiful day in <user> u2 ride tomorrow, 10 45! mysteriousways",Positive,Positive
"may the hammer of thor fall on the head of any <user> player that tweets some shit like ..we failed the fans,but we have to move on",Negative,Negative
i gave 2200 to the santorum campaign. put me in debt. romney gets my vote anyway though. 3rd party people just don t get how bad bho is.,Negative,Negative
"welp, blue jays saying fuck pitch counts. david price back in for the 8th.",Negative,Negative
sen. bernie sanders braves the summer heat at fairgrounds thursday night,Positive,Positive
"yo, if you paid 57 77 to go see eric church at the state fair..may the lord have mercy on your souls.",Negative,Positive
my friday night consists of bingewatching inside amy schumer on my pc with my flatmate next to me on my bed watching something scary on hers,Neutral,Negative
<user> <user> <user> see if you can get norm to live tweet big brother on wednesday. thanks.,Neutral,Positive
"well, guess who's probably not gonna be the 6th man? randy orton. rawbaltimore raw",Neutral,Positive
innovation for jobs is just around the corner to be exact next wednesday 8 19 at <user>,Positive,Positive
it's not really a sunday until you've listened to some frank ocean,Positive,Neutral
"vice president joe biden will meet with afl cio richard trumka later thursday, further fueling talk that he may..",Neutral,Neutral
"<user> hilarious. give the doping convictions, the '99 maillot jaune devolves to the kid to who was 17th at the '99 tour l'avenir",Negative,Neutral
"zac brown band is about to put on an amazing show, and i'm hyped to see it on the 15th.",Positive,Positive
i hope tom brady gets fucking clobbered about 699 times next sunday,Negative,Positive
when you realize tomorrow is when you will witness grace and beauty.. i'm talking about sam smith..,Positive,Positive
"tracy mcgrady signed with a team in china today. clearly, that team does not have aspirations of reaching the 2nd round",Negative,Neutral
i remember watching friday i would always think ice cube was cute but now he's old,Neutral,Negative
"the 20th anniversary ps4 controller looks really nice, but i barely play my ps4 so i don't want to waste any money. lol",Neutral,Negative
thoughts on the seth rollins vs orton title match amp them really peaking at wrestlemania.. raw,Neutral,Neutral
how deep is your love by bee gees was no.3 in the uk charts on 10 december 1977,Neutral,Positive
<user> watched paper towns cidades de papel in brazil for the 3rd time yesterday. it's really addictive!,Positive,Positive
funny how when holly holm's manager talks about quick turnaround he gets mocked by dana white. but mcg it's ok? smh,Positive,Negative
tomorrow kicks off muslim awareness week! come to our first event tomorrow at 11 00 a.m. the brown bag on islam.,Positive,Positive
"tom brady will play thursday night with all his weapons gronk, amendola, etc. should be good. goodell must be pissed!",Positive,Negative
another estella video you may not have seen,Neutral,Neutral
some members of the boko haram sect have been killed by troops of the 26th task force brigade in gwoza,Negative,Negative
do you know what tomorrow is?? it's national hot dog day!! what jci dog are you coming to enjoy with us tomorrow??,Positive,Positive
watching the news about sandy.. makes my problem seem so small. yet i had a headache all day. on another note tom is my friday!,Negative,Negative
ed sheeran s x returns to the top of the world album charts for the 3rd time,Positive,Neutral
"july 42, frank ocean album still hasn't dropped the album",Neutral,Neutral
<user> oh snap. you guys know who <user> is? i'll have to meet the big brother fan who runs this acct. i'll be setup on friday!,Positive,Positive
activists in deir ezzor captured this image of musab bin umair mosque after regime forces set it on fire wednesday.,Negative,Negative
<user> my liver needs a rest. i'm going to the foo fighters concert tomorrow. lol,Neutral,Positive
<user> thought paul dunne might have done that on the 2nd tee,Neutral,Neutral
im gonna fail tomorrow so fuck it i dont care anymore.. im gonna try to cheer myself up a little and watch the big bang theory.,Negative,Negative
<user> yeah. i just expect cyborg to accuse the ufc and rousey of being afraid of her when the dec fight doesn't get booked.,Neutral,Negative
"you'll love this. <user> blastfromthepast , federer, murray, serena, djokovic. its got it all. worththeread",Positive,Positive
this will be me when nash's new video with skylynn is up tomorrow,Positive,Neutral
"just out in pinellas steve miller band, metallica mint 1st pressing , rolling stones, t.rex, doors, band, neil young, iron maiden, hendrix",Positive,Neutral
"itma 2015, held in milan from 12 to 19 november at the fiera milano trade fair grounds, closed its doors with..",Neutral,Neutral
i'm in love with efteling! like a quirky crazy non pc version of disneyland. can't wait to go back tomorrow!,Positive,Positive
im just so happy that zayn is fully living his thotty dteams on this tuesday morning. also my hamgover is mild. blessed,Positive,Positive
no ipod until 10th grade began.. brother is still in elementary and succeeded in convincing dad he 'needs' one.,Neutral,Positive
cupid did so much work da 1st time that he don t wanna be my friend no more,Negative,Positive
sunday morning up at the lark a think i'll take a bomb to hyde park hey hey hey it's the ira,Negative,Negative
<user> and yeah i agree berahino may go on to be massive but with kane at the club i'd focus on devolving him even more!,Neutral,Neutral
"tonight friday! at uptown bill's coffee house 7 pm. victorian christmas concert with curtis and loretta,..",Positive,Neutral
the reason tfi isn't as good now is cos the 1st time around chris evans was on the verge of a breakdown and it was incredible watching him,Positive,Negative
national hot dog day is saturday capitalgmc saturday see you there.,Neutral,Positive
<user> <user> let's not forget that the original point of this discussion was bc shawn believed the 2nd amendment to be..,Neutral,Neutral
come and watch the future bees this saturday as the youth team take on leeds united at jersey road at 11am. then..,Positive,Neutral
trent richardson is the bad weather back the cleveland browns have long needed bill livingston s mon.. cleveland,Negative,Neutral
who wants to go to a pride parade with me saturday?,Positive,Neutral
<user> def not. she made a slight run in the 3rd but serena was up too much already,Neutral,Neutral
the only thing i'm looking forward to tomorrow is the new iphone and ipad pro,Positive,Positive
"johnkerry says isis had a rationale for the charlie hebdo killings in january pic of muhammad , but friday night in paris was different",Negative,Neutral
"coaches like gonzaga s chances mon, 29 oct 2012 pst don t count the zags out after their run of wcc basketball..",Positive,Neutral
"if chris bosh drinks a beer he won t burp till tomorrow, long neck modafacka",Negative,Positive
watching friday after next on vh1 sucks.. every other damn word is bleeped out. we all know what it really says. just let it be. damn,Negative,Negative
floyd mayweather vs andre berto sept 12th .. i'm pretty sure we know the outcome lol but hey anything's possible.,Neutral,Neutral
<user> i'm so tired of you dressing like you ain't got no money. you went from wearing gucci loafers to 6th grade boy sketchers.,Negative,Negative
if you are not entertained when turning wwe on a monday night then there's something wrong with you. brock lesnar. i agree.,Positive,Negative
back from ant man for the 2nd time! love that film.,Positive,Positive
needed the loo since bethnal green.. now the other side of romford this suit might be getting dry cleaned tomorrow,Negative,Neutral
"also, a musing i want to dance to david bowie and the soundtrack to saturday night fever. i'd like there to be disco lights",Positive,Neutral
"flying around the world for free sounds great, but this rolling stone profile may make you change your mind.",Neutral,Positive
"i may not be a fan of the spurs, but they play some amazing basketball.",Positive,Positive
<user> btw yakub was a good terrorist !! may he never rest in peace ..,Negative,Negative
i just want it to be saturday so amy schumer can make me laugh and feel good about my life compared to hers.,Positive,Positive
"washington wisconsin gov. scott walker r unveiled his health care plan on tuesday, amp 160 promising to do on day one of his presidency",Neutral,Neutral
"darcis stops the bleeding by winning his 1st game since 1 0 in the first serve. well, one kind of bleeding because federer's still leading.",Positive,Positive
"if you wanna watch apple unveil their new iphones, a new huge ipad, and a revamped apple tv then go here",Positive,Positive
<user> <user> seth rollins great match with neville on monday night raw very entertaining match,Positive,Positive
<user> or do you want to wait for tomorrow so vanessa can hang too?,Neutral,Neutral
"axl rose needs to just give up. now. not later, not soon, not tomorrow. now!",Negative,Negative
<user> <user> <user> <user> or is she hoping that that gay man needs to be available to be her 5th husband.,Negative,Neutral
i like it when a celebrity that's crap at cooking goes on saturday kitchen. chris evans looks like he's never used a whisk in his life.,Negative,Negative
<user> <user> and ios and he said thats it was no longer the 8th he said he jinxed it and now is going to take longer.,Positive,Negative
"ugh also i forgot hannibal is ending..i never kept up with it but i still feel pretty sad it was a damn good show, 1st season",Neutral,Negative
this guy that just sat behind me smells like body odor and curry.. so i didn't have to turn around to see who it was. obviously joseph kony,Negative,Negative
"27 december 1997 just hours after billy wrights death, the lvf retaliate by killing ex ira prisoner seamus dillon",Neutral,Negative
"<user> i ll let him know if he text me, otherwise just drop it mate, i ve got road tax and cba to get it till monday lol",Neutral,Neutral
"day 19 sat in hvar with 30degree sunshine and countless beaches, but would rather be at home watchin super sunday, find me a bar unmissable",Neutral,Positive
<user> <user> caitlyn jenner may have saved helped mils of trans people around the globe.why can't you just be happy for her?,Neutral,Negative
"in rugby news, <user> are winning 26 5 at cobham, with the four try bonus point in the bag. see the monday gazette for a full report.",Positive,Neutral
"kurt cobain solo album release in november is exciting and he's dead , far more exciting than neanderthal ed sheeran alisareal nme",Positive,Positive
"i got the practice cahsee tomorrow at school. dear practice cahsee, can you not. sincerely, me.",Negative,Negative
i m definitely going to that cypress game friday.,Positive,Positive
"pattaya mail songkhla, dec 16 hotels in hat yai, the business center of this southern province, have been ful..",Neutral,Neutral
"clocked in. pc on. headphones in. pearl jam, nirvana, david bowie, barry manilow don't judge me playlist on .. right monday bring it on",Positive,Neutral
celebrate the life and music of george harrison with a free special streaming event on 25th february.,Positive,Positive
glad to see john cena is healthy. that was a nasty bump he took friday night,Positive,Positive
"<user> yesterday, did you see kris bryant go over to field 2nd base for a few pitches amp then go back to 3rd? never seen that ever before",Neutral,Neutral
damn near thinking about selling my ticket to chris brown show on the 19th,Negative,Negative
it's nfl kickoff but you don't like tom brady so come to <user> and my show next thursday 9 10 <user> ! get tix,Neutral,Negative
i wanna go to the kendrick concert tomorrow but thats like a death trap,Negative,Negative
<user> <user> the ira were founded by the united ulster men you read the sun cause you no fa about reality,Negative,Negative
saudi to raise petrol prices by up to 40 riyadh afp saudi arabia said monday it was raising petrol price..,Negative,Neutral
"tim tebow may be availible ! wow jerry , what the heck you waiting for !",Positive,Positive
the weeknd released the new album and ed sheeran is on it. happy friday everyone,Positive,Positive
seahawks are 31st in passing avging 182.2 per game but remember russell wilson is the best qb in the league if you listen to any analyst.,Positive,Negative
"<user> cant believe we didnt even take a trip to the beds today, paley saturday now me defo boo",Negative,Neutral
"<user> they launched the day of the carling cup final, did you not see the dont buy the sun posters? dontbuythesunanyday jft96",Neutral,Neutral
nothing to do with importing muslims amp mexicans or dumbing down kids by liberals. move on.,Negative,Negative
"deals to acquire david price, troy tulowitzki amp ben revere at the trade deadline have helped spark the bluejays 17 4 surge since july 29.",Neutral,Neutral
<user> i'm conflicted. i don't particularly like the sun or david cameron but i always enjoy a david bowie pun reference.,Negative,Neutral
"some days i want to blast fleetwood mac, some days i want to blast biggie and others blast taking back sunday.",Neutral,Positive
may nakita akong 5sos at the vamps shirts! i want i want i want!,Positive,Positive
"the marching band is playing the 3rd quarter dance song right now and i can hear it from my class. i gotta do it, can t stop..",Positive,Negative
"<user> come support the show movement at parkdale high school oct 26th from 8 11 w aja, dreamteam, hqb, dsb hib .",Neutral,Neutral
on last sunday i was hearing the speech of kanye west at vma's and that was vry amazing and heart touching. i just loved it!! <user>,Positive,Positive
what is the point of this post the only thing bobby jindal is guilty of is standing up for the 2nd amendment,Neutral,Negative
what is chilling? i get more stick from muslims than i ever do from non muslims am sorry it is the truth world as much as it may pain,Negative,Negative
"10 dec 1971 third udr soldier in four days, along with one who recently resigned, was shot dead by the ira in clady",Negative,Negative
<user> i mean can you blame her? i'd hide behind beyonce too if i knew a 10 hit combo may or may not came my way.,Positive,Negative
tomorrow is the first day of the week after eid holidays wich means a huge of ppl with a little of ppl to serve them . oh well. vacation,Positive,Positive
summerslam results john cena wins his 16th world championship. following night loses the u.s. title due to a distraction from seth rollins,Neutral,Neutral
happy veteran day! back in the day! 2nd 75th ranger,Positive,Positive
"<user> with this sweet and sudden u turn frin israel, don't we all understand how the term doenmeah was coined in the 1st place?",Positive,Negative
us football down 7 3 at chardon tonight after 1st q,Neutral,Neutral
"just to let you know, antonio carluccio might mention us on the great british food revival, bbc2 at 7pm tomorrow.",Positive,Positive
"louisiana gov. bobby jindal spoke from just outside a lafayette movie theater after a deadly shooting took place there thursday, saying he",Neutral,Neutral
"shock of shocks, the posts about bobby jindal's birthright citizenship anchor baby status are bullshit <url> ..",Negative,Negative
good morning thursday. life is fragile. we re not guaranteed a tomorrow so give it everything you ve got. tim cook do it for jobs!,Positive,Positive
tomorrow come see all in! at la s comedy central space. it s free but you need a reservation call 323 960 5519,Neutral,Positive
seriously all of you people are dumb saying that all of the schools in cny are going to be closed tomorrow..,Negative,Negative
paul dunne the ball does what you tell it to do. we all know he's one to watch now! brilliant theopen,Positive,Positive
<user> italy miss you x come back as soon as march to milan! we are waiting only you and <user>,Positive,Positive
"<user> <user> dear david, i hope erdogan's mentors won't translate into the turkish ,otherwise he may use it against egpytian leader",Negative,Negative
i wish i was going to metlife tonight but i'm not upset about it cause i'm going to baltimore on saturday..,Positive,Positive
"<user> <user> surface the florida mall, orlando, fl is the closest msft store to me. can t wait to be there tomorrow!",Positive,Positive
get your growler from <user> and fill it up with pennies by june 22! yyc charity,Positive,Neutral
<user> interesting that jack kemp and <user> were both announced on the same date 11 august.,Positive,Positive
<user> sounds like april may know the person that has taken her but just hope we don't have another tia sharp case on our hands!!,Negative,Negative
"fly yoga with sabah and piper, arms and core, wednesday 8 15pm and thursday 11am.",Neutral,Neutral
thank you baltimore for a great holiday heap! my best ever today! join us tomorrow at the creative alliance 3134..,Positive,Positive
someone said that they might snub kendrick on all 11 nominations or he may get just 1. if that happens then it's clearly rigged.,Negative,Negative
not even started this essay thats to be in for tomorrow. christmas opening night at the garden centre was much more fun!,Positive,Positive
selling two jason aldean tickets for friday! text or dm me if you're interested,Neutral,Positive
"report steelers can t find hotel, to travel sun. the pittsburgh steelers will fly to new york only hours before playing the giants ..",Negative,Positive
live sunderland v newcastle it may not have the glamour of el clasico or the title implications of the manches..,Negative,Neutral
"sunday oliseh woes jordan ibe for super eagles super eagles head coach, sunday oliseh, has revealed that he m..",Neutral,Neutral
"<user> the pieces that made the fall show will be posted on the mpac fb page, twitter posted up in the murphy center tomorrow!",Neutral,Neutral
<user> or hillary or sanders. we may have to rethink this whole democracy thing if someone does not step up after the pre season. d,Negative,Negative
my infant son is def keeping wife and up up all night a little sleepy today. the book happiest baby on the block has been very helpful,Positive,Positive
"happy valentines day <3.. only if you live in brazil, otherwise its just another irritating monday.",Positive,Positive
"<user> <user> monday was the labor day holiday. we are catching up with the 11,00 tons of trash that didn't get picked up.",Negative,Neutral
"circoloco what a send off for the summer! back to pompey tomorrow, don't know how im feeling about it.. shortstraw singlebed dropmeout",Negative,Negative
"first kim kardashian tries to break the internet and now this!the 35 year old reality star launched her emoji app, kimoji, on monday and",Positive,Neutral
the most unrealistic thing in any movie was in compton when ice cube was sitting in front a mac with final draft open writing friday.,Negative,Neutral
caitlyn jenner amp kris jenner come face to face the cameras were rolling as caitlyn jenner sat down with kris ..,Neutral,Neutral
who will be evicted. steve or johnny mac. find out tomorrow at 8 7c. and who will return to the game? find out on big brother! bb17,Neutral,Neutral
<user> you think aj is a 1st rd pick in the league?,Neutral,Neutral
"book swap, saturday at 2pm! we ll bring the cookies..",Neutral,Neutral
why take the elevator from the 1st floor of pope to the 2nd? why?,Negative,Neutral
love taking a youtube break next day hd tv will be here and saturday will be a beast vid,Positive,Positive
"well, 15 august must be a shameful day 4 india because hindus never wanted to give freedom to muslims. y celebrate? freedomforkhalistan",Negative,Negative
martin must be dreading it. it s make or break for him tomorrow. it s the nature of the beast,Negative,Negative
<user> plays lt. joe bishop on the hit new series beautyandthebeast !! check it out every thur. 9 8c on cw network!!,Neutral,Positive
"on a break from the law world .. at roskilde festival, soaking up pre fest sun and writing a piece on danish ethos !",Positive,Neutral
sold out osu nike week zero v6 amp available. men's size 10 for 230. local pickup in the buckeye city. available before monday's game.,Neutral,Neutral
i need to figure out what shoes im going to buy tomorrow nike or adidas superstar bc my brother has one and i want to have it too,Positive,Neutral
if i'm holly holm i think i go to dana white amp hold him hostage. but i may just enjoy chaos a little too much,Neutral,Negative
"before you go to bed, can you tell saudi arabia to stop beheading kids please? someone might listen to you",Negative,Negative
tv fundraiser 4 sandy friday night. during katrina telethon kanye said bush was killing black people..doubt we ll hear opposite about obama,Negative,Negative
the ira terrorist may be suspected of killing 4 british soldiers but he probably killed a lot more. the ira..,Negative,Negative
a warm thursday for cenla with highs in the 80s for the sixth straight day. natchitoches and colfax led the way with 88. kalb5,Neutral,Neutral
"opening today the inbetweeners 15 20.45 and cowboys aliens 12a 20.20 remember it's super saver day,so you..",Positive,Positive
wwe debuting new children's series saturday morning slam on the cw network at 10 a.m. est today. .,Neutral,Neutral
"foo fighters next monday with me mum, might have to score md amp get mashed up",Positive,Neutral
we re thrilled that grandpa s workshop is a main feature in the education category of the app store for a 2nd week!,Positive,Positive
rahul gandhi talking about politics and policies is like studying for cat from a 2nd grade teacher. <user> fakeintolerance,Negative,Neutral
haven't made your plans or friday night? come out and hang with us the slackers at schooners from 7 10! will b a great time! bring friends!,Positive,Positive
"this sunday, come watch the ravens take on the browns, and help support the baltimore humane society! captain..",Positive,Positive
"i guess, sp or congress ruled states may create terrorists welfare ministry soon. yakub's wife will be the 1st minister",Negative,Negative
we have added a second night of yoga which will start this thursday at 7 30pm! hope to see you there! ymca,Positive,Positive
"rahul gandhi's inaugural address at the 31st plenary session of intuc, today, at talkatora stadium. rgwithworkers",Neutral,Neutral
"brian may confirms that sacha baron cohen will play freddie mercury in a film about the late, great queen singer",Positive,Neutral
irish sunsport tuesday robbie keane rallies the troops ahead of vital faroes clash <user> roi,Neutral,Neutral
<user> is creeping! rt me justin love ya so excited for the concert in october mexico loves you<3 u inspire me,Positive,Positive
"s line news katy perry, taylor swift taylor swift may have dissed katy perry in her track, bad blood, but it a..",Neutral,Neutral
b2st s current nominated position for mama 2012 best male group 5th place best global group 4th place artist of the year 8th place,Neutral,Positive
same old same old good till the last 3rd no support for kane no width fuck knows what poch is doing ain't got a fucking clue,Negative,Negative
a district judge on monday held kane on charges for allegedly lying about leaking secret grand jury information to get back at her critics gt,Neutral,Neutral
so shawn is meeting up with the jacks tomorrow i'm expecting some hot ass pics,Positive,Negative
<user> you won! conor mcgregor knocks out chad mendes in 2nd round for interim title,Positive,Positive
<user> <user> kyle you fall in 5th place in the mario party standings 1st bryan 2nd bfish 3rd fish 4th andre 5th kyle,Neutral,Neutral
boruto naruto the movie just wait broo. im coming to you in november. hall pasti dipenuhi dgn org dh besar hahaha,Positive,Positive
i feel do bad.. my boo asia bday event maybe cancelled for this sunday!.. i was soo looking forward to it,Negative,Negative
<user> vitali s may have more power on it but he tends to push it. paulie s controls fights with that upjab,Neutral,Negative
"boko haram member mahamat moustapha, a nigerian, alleged to have been the mastermind of the june suicide attack in..",Negative,Negative
negros at richwood do sh t like fw the same hoes bet who gone hit her 1st o o,Negative,Neutral
"hold me, thrill me, kiss me, kill me by u2 was no.13 in the uk charts on 16 august 1995",Neutral,Neutral
daniel descalso robs kris bryant of a hit to end the 7th for the cubs,Neutral,Negative
the fact he sees the rationale of charlie hebdo attack is why his policies are impotent against isis,Negative,Negative
sat for 3 hours in a restaurant to watch rousey for 34 sec. amp i would do it again!! rousey bestfight <user> <user>,Positive,Positive
cnet update amazon may be cooking up a 50 tablet oh my god! welcome back <user> i missed you so much!!,Positive,Positive
i'm telling you if bernie sanders picked kanye as his running mate right now he would win the election tomorrow but no one listens to me,Neutral,Negative
<user> here's the link i am the 4th poem down it's only short!! called 'songbird' about fleetwood mac,Neutral,Positive
kinda pissed that i just found out that breakout kings got cancelled in may taptotweet,Negative,Negative
if i said lady gaga is at britney spears' concert tonight.. would you hold it against me?? britneygaga clichehiamplug,Neutral,Neutral
because sunday just screams pancake day,Neutral,Negative
tip to apple ceo u may want to stop outsourcing your mapping apps to china. while ur it how bout bring all those manufacturing jobs back.,Neutral,Negative
<user> <user> interesting enough why is it islam is the one culture religion 3rd wave feminism refuses to criticize?,Negative,Negative
went to the shepard fairey exhibition yesterday at stolen gallery just off brick lane. fantastic art on till nov 4th so still time to go!!,Positive,Positive
"twitter owned blog service posterous loses multiple databases, down 6 hours as you may notice from the n.. tnxw",Neutral,Negative
<user> <user> it may have have gotten a higher score never denied that fact..but nicki's album is still critically acclaimed. lol,Positive,Neutral
tomorrow belongs to those who can hear it coming. david bowie the internet media has the power to make the..,Positive,Neutral
tank top tuesday with my boy ric flair.,Positive,Positive
<user> bought a samsung galaxy note 4 friday for 800 and don't like it and tried to return it and was refused because of usage. b.s excuse,Negative,Negative
oh shit i just remember the sam smith concert is on the 30th,Neutral,Negative
today is the day. as bob marley put it the sun is shining. see you at 17 00,Positive,Positive
check out the miche and younique display at elmsdale district school on oct 18 from 9 2 miche younique 3dmascara,Neutral,Neutral
"if the nfl wants better thursday games, they'll need to get qbs other than christian ponder and ryan fitzpatrick playing ugly blowout",Negative,Negative
the <user> bucket list. 1. get an insurmountable lead. check 2. get swept by the 4th place white sox. check 3. make your fans sweat. check,Neutral,Neutral
coach brian kelly yelling hold the fucking ball after 4th quarter touchdown by folston nd,Neutral,Neutral
will fuller said it got annoying after brian kelly played the florida state fight song during practice on wednesday.,Negative,Negative
abs cbn news aquino on enrile s memoirs may all of us seek in this book the lessons that will allow us to advance as a people,Neutral,Neutral
promoted again! i just guided milan to 2nd place in non league a,Positive,Positive
"kim davis, ky clerk blocking gay marriage, held in cmpt. a state employee, amp broke the law. have fun in prison may u find a nice woman!",Negative,Negative
"'america's got talent' semifinals begin tuesday we want different singers than american idol and x factor, said..",Negative,Positive
"go set a watchman, the only other novel by harper lee set to be a hit as it's released in stores tomorrow! goodreads",Positive,Positive
saw an ipod nano 5th ? gen 16gb one at the cash converter's place,Neutral,Neutral
you may think i have mono cellular zulu imbongis at the rate some of these folks are thrown profanity at me.,Negative,Negative
sophia grace and rosie a few of the cookies creme may be really like at the moment!,Positive,Positive
all this is just banter. wait and see when real madrid announce the transfer at noon tomorrow.,Neutral,Neutral
hydrogen car news lexus may reveal a new hydrogen fuel cell car lexus has plans to reveal the new ge.. carkit,Positive,Neutral
<user> this must be the 20th time this old advice to hillary has been recycled as news. she is who she is. that's her problem.,Negative,Negative
ravens sign ricky williams ohh lee dueett blackbirdgang ..they bout to smokeout the locker room tonight,Positive,Neutral
"<user> <user> those that impose!! tony blair has made it clear in his apology but no icc for him ne.1st world warlords,teflon don",Negative,Negative
fans jeer milan after they draw against bottom club verona milan's inconsistent season worsened sunday as it ..,Negative,Negative
<user> <user> i don't think thursday is the worst my any means..rolling stone? c'mon,Negative,Negative
"square cash adds convenient money transfer to apple watch cash, the iphone app that lets you easily send mon..",Neutral,Neutral
"sadly, the bjp may still find itself on the backfoot next elections despite best efforts by rahul gandhi",Negative,Negative
alan rickman reading return of the native perfect sunday listening bliss,Positive,Positive
<user> harper will issue an apology through the team no later than tomorrow.,Neutral,Neutral
tl dr i'm literally the 2nd biggest piece of shit in africa right now next to boko haram.,Negative,Negative
diablo ii full pc game with crack release date world 15 may 2012 usa 15 may 2012 europe 15 may 2012..,Neutral,Neutral
<user> <user> i'm gonna dm you the user and password for the snapchat account and you just post on it tomorrow at digi,Positive,Neutral
"ac dc tonight..one direction on saturday, lets get itt bigosbumping",Positive,Neutral
for any of those who went to see the dancing on ice tour this year the dvd of the tour comes out november 26th 2012,Neutral,Positive
hope everyone enjoyed our open twilight race meet held on saturday. a quick update on the two youngster's that..,Positive,Positive
ant man takes a second week at the top of the box office while it may not be setting th.. via <user>,Neutral,Neutral
true story munibond sales guy was freaking out amp wanting to liquidate his ira at depths in aug sep talked him out of it for the most part,Negative,Negative
"oracle lead at the bottom gate, didn't see where it happened, but etnz go past us and are 2nd at the gate.. <user> bringthecuphome",Neutral,Neutral
im so upset i dont get to see shawn on tuesday like hes my everyythingg besides nash cam and twins and im just really sad,Negative,Negative
"this gop race is seriously getting out of hand. who in the blue heck is john kasich? or red heck, as the case may be here.",Negative,Neutral
"ohio has defined marriage as one man and one woman, if scotus now writes law, guess ohio has no law and you may marry who what you wish.",Negative,Negative
"goal neymar! 0 2, reminds me of the game before between valencia amp atleti just at the end of the 1st half! fcblive rayfcb",Positive,Positive
dj mix n match spinning live to air with z103.5 this wednesday october 31st at city nightclub!,Neutral,Neutral
"motorola has launched the moto g 3rd generation smartphone at the company's launch event in new delhi, india..",Neutral,Neutral
might fuk with greenville tomorrow night !!,Negative,Neutral
these white sox untucked unis may be the most atrocious uniform i've ever seen,Negative,Neutral
"if anyone comes to school with the galaxy foams tomorrow , i m mugging them .",Negative,Neutral
"saturday, washing clothes, grocery shoppin', cleanin' out my lexus. as much as it cost, you bet i keep it clean, when able. hate bein' sick",Negative,Negative
laker fans should take it as a sign that they got beat by the sacramento kings twice in the preaseason..and their starters played the 4th,Negative,Neutral
"best attitude for living my pain may be the reason for somebody s laugh, but my laugh must never be the..",Positive,Positive
"as things stand, the bottom 3 in serie a are bologna 18th , empoli 19th and juventus 20th .",Negative,Neutral
"why won t nbc, cbs, abc and cnn cover the breaking news in the benghazi story? information came out last tuesday,..",Negative,Neutral
i didn't exactly want to spend my tuesday morning memorizing the geographical features in saudi arabia.. but okay,Negative,Negative
"<user> game 3 of the finals will be played this coming friday,1pm at the smart araneta coliseum. game will be aired live over at tv5.",Neutral,Positive
"<user> hey doll, i will be riding with the cast of sons of anarchy for a charity event supporting the military on aug 28th.",Neutral,Neutral
"if you still don t want to listen, wait until monday on itunes at 5pm gmt you can listen all of the tmh songs.",Neutral,Neutral
"4th of july mayhem , the bikini tops edition going down july 4th club crucial ! breadhead bouta turn it upp ! <user>",Neutral,Positive
the weather in farmington hills tomorrow is 75 54 and sunny. in minneapolis it is 43 30 and a chance of snow. alrighty then.,Neutral,Positive
ugh someone just hang out with me tomorrow. all my friends are either always working or still at lsu,Negative,Negative
<user> that was the revelation i mentioned on sunday evening. i am still in abj. how are u where have u been again?,Positive,Neutral
these paul mccartney tix are burning a hole in my pocket. want em? call 313 298 1043 after the 2nd paul beatles song. it will happen.,Neutral,Neutral
can we just keep hutchison away from david price..his suck may be contagious bluejays,Negative,Negative
tomorrow im doing a poll at 5pm which series of dancing on ice is ur fave the celeb pro that won the series will get a shoutout,Neutral,Positive
i can't wait for the <user> cinderalla collection! i know what i'm doing on friday pay day !,Positive,Positive
"<user> how excited i was because dec 9th i was going to see asking alexndria, ss and mmf but i came home and found out what",Negative,Positive
"on this day in september 3, 2012 raw john cena vs. alberto del rio",Neutral,Neutral
"just like the 2nd coming, am moving creepy hot jam",Negative,Neutral
"september 6 d g will be four in the international city of new york fashion week , paris, london, milan, and the two..",Neutral,Neutral
"<user> millsap, al.. favors is getting there and kanter will. is jeremy evans your 5th? idk about that. if evans is legit, i think",Neutral,Neutral
just did spartacus 2.0 and sauna..imma be sore tomorrow but so worth it,Positive,Positive
<user> i personally think the ira was political injustice against catholics may've been the motivating force. islamists mad dogs.,Negative,Negative
"<user> i love you maria you have to text me tomorrow i have to tell you something, you might pee your pants , just a warning xoxox",Positive,Positive
i might wear my nike slides tomorrow just for that tweet,Neutral,Positive
"federal reserve sticks with stimulus the federal reserve made no major policy changes wednesday, deciding to stick to its plan of st..",Positive,Neutral
"kanye west, 4th member of the new day. kan ye sucks.",Negative,Negative
i just sat here and watch <user> snap about kobe bryant i'm too done <user> should know better,Negative,Neutral
"following trump, scott walker and ted cruz, said they support revoking 14th amendment rights for the children of immigrants.",Neutral,Negative
damn i forgot to go off on bernie sanders supporters today. i guess i'll just hold off until tomorrow,Negative,Negative
i'm probably jynxing it. but david price has a no hitter going into the 4th,Negative,Negative
"<user> and then it's niall on september 13, it's hard to forget!!",Positive,Negative
"celebrity juice is decent tonight alex reid, good answer on the last question.",Positive,Positive
applications are due this friday november 2!! let this video of yes prep senior signing day inspire you as..,Positive,Positive
enjoy your networking? cocktails with pandas or beers at adelaide oval on the agenda at innovationgeneration,Positive,Neutral
damn i just gave her a reason to ground me 4 da whole festve season.. omigod wont evn go ta my pensdown on mon shidd!,Negative,Negative
<user> we were discussing lugging those around and the glorious click of classic ibm mechanical keyboards at after work drinks friday,Positive,Positive
awhh i can t wait for stevie tv! i wish it was march 4 already!,Positive,Positive
"an incredible day in west liberty, ky. a small but strong community moving forward after march 2 tornadoes.",Positive,Positive
"your claims are based on hawaa. no knowledge of deen, no adab about how to talk with muslims. may allaah disgrace u.",Negative,Negative
northern elders ask dasuki not to go to court so as not to reveal the activities of boko haram sponsors.. enjoy!!,Neutral,Negative
<user> what a shame about punchestown. unlikely to race at all tomorrow. i had 2 out as well in quevega and lietenant 2 miler!!,Negative,Negative
"rt <user> rt <user> free agent wr jerricho cotchery, traveling to baltimore tonite to begin visit with ravens. visit ..",Neutral,Neutral
lol when frank ocean decides to lowkey drop his album on spotify and say it was released june 30th shits fire tho,Positive,Negative
details about nc state's saturday exhibition against belmont abbey. game will start 30 minutes after football.,Neutral,Neutral
all home based players have been released from the super eagles camp for this weekend npfl games. they are expected to resume on monday,Neutral,Neutral
"and, last night, i tweeted this article i wrote after charlie hebdo in january. here i am doing it again. 1 4",Neutral,Neutral
uhh oracle if there is no spoon what am i eating this 4th can of spaghettios with?,Neutral,Negative
no amount of effort can save you from oblivion. kurt cobain montageofheck aug 7,Neutral,Positive
<user> i have 1 question. did you actually sing the song waiting for the sun by approaching nirvana??,Neutral,Neutral
damn foo fighters and rickroll still in my news feed. now the 2nd night in a row i go to bed with that song in my head. on loop for 7 hrs.,Negative,Negative
<user> <user> help!! bobby jindal has just doomed louisana.,Negative,Negative
guys remember that tomorrow is the last day you can donate to pennies for polio!!,Neutral,Positive
when you're really excited that the boss is buying you dunkin after a long friday .. <user>,Positive,Positive
a florida player would never get away from a cop with pot and a gun in his car. michael dyer did then got dismissed,Negative,Negative
"<user> <user> good morning, you two. have you heard about obama, the un, and agenda21 ? he's a traitor.",Negative,Positive
funfacts about arlene foster 1st dup leader to have been involved in an ira bomb. 1st dup leader to hail from west of the bann.,Negative,Neutral
it was weird seeing robert griffin the 3rd and justin tuck playing football and not eating subway sandwiches,Neutral,Negative
"john kasich the most pc, and least 1st amendment friendly, of the 17 gop candidates. my article in the federalist.",Neutral,Neutral
iphone 6s launches tomorrow. as does the mahindra tuv300. too tired to care. all the best kthxbye,Neutral,Positive
i am looking for to the release of go set a watchman tomorrow by harper lee . i am not happy with all the spoilers telling me about it.,Neutral,Positive
<user> show some bloody respect. google ? he may not be world class but you'll have been singing his praises a few seasons ago,Negative,Positive
<user> hope the forecast clears up for sat. heading up there to see foo fighters at wrigley.,Positive,Positive
i saw my father march with martin luther king my father and i marched with mlk jr. through the streets of detroit,Neutral,Neutral
selling day for a night free press passes ft. kendrick lamar. 40 for 2 day pass. kendrick performs tomorrow at 9 30 p.m. hmu if interested,Positive,Neutral
before we go chris evans opens at ster kinekor on the 27th. see trailer here,Neutral,Neutral
"de la soul were disappointing. lazy amp uninvolving performance that seemed to be made up on the spot. c'mon, guys. entertainment, right? fib",Negative,Negative
nothing ruins a friday morning more than hearing u2 beautiful day on the radio,Negative,Positive
saudi arabia sentences woman to death by stoning for adultery but the man gets off with just 100 lashes a mar..,Negative,Negative
so i asked a diehard fsu fan about the game against dook on sat they are kinda worried about coach cut his coastal division leading team,Neutral,Negative
benny benassi at exchangela tonight! armin van buuren at exchangla tomorrow night! edm weekened. <user> see worth the late night job.,Positive,Positive
<user> you going to shawn jawn tomorrow,Neutral,Neutral
"<user> shikari walks into ichiraku's ramen shop as he saw naruto sitting at the bar. he sat down next to him, staying quiet.",Neutral,Neutral
tune into bbc four this sunday for an exciting look into the origins of ballet,Positive,Positive
go get it serena!! congrats!,Positive,Positive
the mobile game snake may end up being the most lucrative part of microsoft's nokia purchase.,Positive,Positive
cant wait to see the ipad hd ..,Positive,Positive
<user> watch even tho that was nicki responding 2 miley putting her on blast 1st the media will make it out like nicki picking a fight.,Neutral,Negative
nothing like a merseyside derby to start a sunday off! let us know your thoughts about todays big epl matchups!,Positive,Negative
"can t watch rafa s i ll be back video til the end, it s too heartbreaking plus it just reminded me he was up 5 1 in ao 5th set..",Negative,Negative
absolutely awesome interview with paul dunne just now. kinda pulling for the amateur to lift the jug tomorrow.,Positive,Positive
<user> who wants to go to a a ap rocky concert with me on the 14th or 15th ?!?!? you don t have a choice on who you taking we going!,Neutral,Negative
interested in serving in the church? there will be training for altar servers in madonna on september 2 at 6pm altarserver ramblers luc,Neutral,Neutral
"how in the heck am i expected to go to class tomorrow, or even live, after beyonce has just killed me like this??",Neutral,Negative
"<user> shawn, do you live in a hoose or a house? it's the latter! c'mon ..",Neutral,Neutral
<user> jan can you confirm for me that real madrid have made contact previously with reus and were told no sale,Neutral,Neutral
<user> dinner at hulk hogan's place with <user> saturday night. hulk's cooking spaghetti. you in?,Neutral,Neutral
just seen <user> at radio city and now get to see then again on the 28th!! so excited!!,Positive,Positive
"my 3rd autograph!my lil sis was the one who came up to toni gonzaga! left photo,credits to allenvalladares",Neutral,Negative
quick reminder to folks agreeing with jon. ric flair's 16th reign came via kevin nash handing him the title. he lost it about an hour later.,Neutral,Neutral
"it sounds weird the thought of someone dancing to 'tihty' on a club but c'mon, not everyone knows what the song is about mtvstars lady gaga",Neutral,Negative
everyone in my feminist studies class was team nicki and the mitski tinydesk was released today what a monday !!,Positive,Neutral
cannot believe i've just downloaded an avenged sevenfold track to play alongside mariah carey and bow wow tomorrow lol,Neutral,Positive
"<user> come on, you know most white people know about friday. it was the only movie that i wasn't scared of ice cube.",Neutral,Positive
remarkable honda may leave milan if he chose lazio instead he may still have been playing football lazio wrongchoice seriea,Negative,Positive
we have a 5th column in this country too. when it was the ira they were called sleeper cells who are they now?,Negative,Negative
its done! my brother just got married..we turnin up at jett lounge tonight and at grannys house tomorrow,Neutral,Neutral
"<user> i see a bit of christian in him, at 1st i wnt him for the role until i saw matt. i loved him more wen i got 2 watch white collar.",Positive,Positive
"<user> got amazon last thursday, got ios last night but the update isn't showing in google play store yet..",Neutral,Neutral
<user> you in london on wednesday? we're being tourists with my brother's merlin pass!! hope you're having a good break,Positive,Positive
"selena's greatest hits album is set to come out november 24th, amp it's called 'for you' it will include 2 new..",Neutral,Positive
"super eagles coach, sunday ogorchukwu oliseh has downplayed the absence of lille metropole of france keeper, vincent enyeama from his squad",Neutral,Neutral
hulk hogan hates black people?? stop sitting out in the sun to look like me makeupyourmind,Negative,Negative
stoops admits he wouldn't believe they'd be 2nd in the country in interceptions. i gotta be honest there.,Negative,Positive
"dear lovely christians, i wish to inform you, tomorrow we got one mass 10am as we'll be submitting our parish family day collection!",Positive,Positive
"roll call who's going to the foo fighters show tomorrow? i'll be there with my mom, who will tell me to ease up on the beer, justine ruth.",Positive,Positive
<user> thank you gucci! we on tomorrow and all weekend!,Positive,Positive
finally watched pll halloween special. yikes!! i def cannot wait for the season premier jan 8th!!,Positive,Positive
james pattinson may not make it to the odi tour of england despite his expected recovery as the selectors ponder .. australia cricket,Negative,Negative
ready for the pride parade on sunday? here's the route so you can plan ahead peakmornings,Positive,Positive
mansbridge interview with trudeau may not have been a classic but i did find justin believable. and i dont feel like i need a shower elxn42,Neutral,Negative
busy day with dog walks tomorrow. i love all my little odd jobs. happy it s finally cooled off in los angeles.,Positive,Positive
i just remembered im not going to the ed sheeran concert tomorrow so nobody talk to me tomorrow its gonna be a horrible day.,Negative,Negative
just dance by lady gaga brings the 8th grader in me back to life,Positive,Neutral
frank ocean's verse on sunday is just perfection,Positive,Positive
<user> ooh nice .. tis tempting to go up the lakes with my nikon .. hmm i may do that ..,Positive,Positive
<user> 1st using the pacers..never even practiced with em.,Negative,Neutral
"found it! evanescence live rock im park in germany were to have streamed live today, but they performed on friday.",Positive,Neutral
<user> goodnight to you too ira. see you tomorrow.,Positive,Positive
<user> 1. when did you get into kpop? oct 8 '13,Neutral,Neutral
"kurt may have been drugged again with rohypnol, possibly in the root beer can found at the scene. after he was incapacitated, the murderer",Negative,Negative
someone may want to check on dana white.. he's somewhere sick right now,Negative,Negative
"both real madrid and manchester united will push for the deal to go through tomorrow, but personally i don't think the transfer will happen.",Neutral,Neutral
<user> i ll see you tomorrow! i ll be with my friend from germany who came for her first hockey game! shed like to meet you!,Positive,Positive
<user> fans.. we play ny this weekend on saturday rfk in dc. nov 3rd. i can't wait to see all of dc out to support us. love you guys,Positive,Positive
<user> yup. and did you watch degrassi from friday yet? lool awkward campbell,Negative,Neutral
<user> bulls season tips off wednesday night vs sacramento kings. excited is not the word. frustrated is the right one..,Negative,Positive
"i see jimmy made it into sharknado, so wnci should be hilarious tomorrow.",Positive,Positive
i just stumbled across a video montage on some tv channel of clips of camilla parker bowles set to uptown girl. so..that s my saturday. you?,Neutral,Negative
how do y all feel about moving presidents day to august? august lacks a three day weekend. then make lincoln s b day a day off too. boom,Neutral,Neutral
i may be in love with snoop dogg,Positive,Positive
racist mad libs islam is with,Neutral,Negative
is it tomorrow night yet? i'm ready for david wright.,Positive,Positive
i just want to watch friday with every human that i can't stand. just so ice cube and chris tucker can bye felicia all you dumb bitches.,Negative,Negative
may or may not just met 80 of the ppl in christians building,Neutral,Neutral
"today, life will be just like an episode of 60 minutes..but with a young, cheerful andy rooney.",Neutral,Positive
i just sat in the same spot for an hour amp a half straight watching beyonce's performance from last night and i honestly have no shame,Positive,Positive
rt <user> rt <user> former teammates of pavol demitra reflect on their fallen friend after the lokomotiv plane crash in russia ..,Neutral,Negative
here's what a charlie hebdo cartoonist drew after the 2nd paris attack in less than a year.. <user>,Neutral,Negative
"<user> <user> if israel withdrew from west bank tomorrow it would be taken over by hamas, isis or iran in a week.",Neutral,Negative
i've been left in the car park. may or may not be rocking out to ac dc,Neutral,Neutral
"<user> good man! need your support on saturday, those are the ones that will matter. not a glamour tie with chelsea!",Positive,Positive
"mp3 2ne1 i am the best dj marcelo rocha 1st kpop mix mp3 download. music database, songs, video, file music song",Positive,Positive
saturday ill be at the lsu game with a fire les miles sign big faded,Negative,Negative
"<user> today was all about ozil not being happy and leaving arsenal in jan. welbeck's good though np, we can't be that unlucky",Negative,Positive
<user> u going to chalmers tomorrow?,Neutral,Neutral
gonna record me and ciarans mash up of fleetwood mac songs tomorrow ha! so bad!! but it's fun,Positive,Positive
<user> yeah this sunday it's in st patrick's hall then prob go out after getinvolved b good to get everyone together,Positive,Positive
jenna is gonna meet shawn tomorrow.. and she's getting me a video jdkkflf,Neutral,Neutral
all i'm saying is if charles darwin is a short answer on this exam tomorrow that short answer box wouldn't be ready for the anal penetration,Negative,Negative
like if you re proactive about your health! don t miss this sunday s live google hangout about genetic..,Positive,Positive
anyone down to pregame before the obama speech tomorrow <user> <user> <user>,Positive,Neutral
if jacob tweets one more time tonight i m beating his ass in school tomorrow dontbethatguy,Negative,Negative
i may have just bought the kimoji app for 1.99 just so i could text kim kardashian's ugly crying face.,Negative,Negative
serena has no mercy for her sister . 6 3 on the 3rd set and match usopen,Neutral,Neutral
fake democrats lose in wisconsin primary recalls all six fake democrats lost to democrats supported by the party in primaries tuesday that,Negative,Negative
"<user> <user> leblanc was nominated for an emmy and won a golden globe, so that may have something to do with it.",Neutral,Positive
the bullet riddled vehicle in which udr lance cpl david halligan was killed by the ira outside armagh on 17 nov 1989,Neutral,Negative
when amy schumer is friends with ur 2nd grade teacher amp updates u on her life she taught the other class but still,Neutral,Negative
"good result tonight, though! part one of rodgers gamble paid off. have to wait for sunday for part two. if we win that, we re off! lfc",Positive,Positive
<user> yeah. i've always said milan is being run as if it was a 3rd world country. can't say galliani is the main issue tho.,Negative,Positive
have brock lesnar vs the undertaker summerslam simulation coming for you tomorrow,Positive,Positive
leftist communists want it rewritten to show yakub as an innocent saviour unlike what was originally written!,Negative,Neutral
that scrap between the undertaker and brock lesnar on monday night raw last night looked like the best craic ever,Positive,Positive
"the us is so weak, iran is now letting uranium fall into the hands of the russians. makeamericagreatagain",Negative,Negative
i reckon the match between bolton and man city should be good tomorrow! footballseason,Positive,Positive
sorry but on september 12 i will be watching the oklahoma tennessee game not floyd mayweather hugging someone for an hour.,Negative,Negative
"oh snap! another sunday pool party at shore club in miami with ryan morales, jason vernau and ollie sanders!! we ll see you out there!",Positive,Positive
good morning to my clique <user> <user> <user> <user> loving the friday addition of flava in da morning,Positive,Positive
nintendo releases new 3ds with new animal crossings bundle. klgg nintendo3ds gaming,Positive,Neutral
<user> that's horrible news that umbc will wait until 6 am tomorrow to let us know about closing. hhhmm,Negative,Negative
2nd the fuck of all georgetown has been running this same offense for like 10 years. these muthafuckas can't even win the big east,Negative,Negative
i'm really dying to hear that track with beyonce and the full version of that's my bitch off watch the throne. monday must come sooner,Positive,Negative
"tech news apple software, retail chiefs out in overhaul apple inc ceo tim cook on monday replaced the heads of it..",Neutral,Neutral
<user> congratulations on the 20th birth anniversary of <user> 95. 20 years since we've come to love you amp backward compatibility,Positive,Positive
if frank ocean's next album is as good as the 2nd half of pyramids then it's going to be a instant classic,Positive,Positive
kremlin support of assad regime may lead to possible confrontation with us led coalition kerry raaf <user>,Negative,Neutral
"<user> i go to church every sunday since i was little. i ve sinned, but idk. young life is great but they have the wrong idea about",Negative,Positive
<user> it's good! drink in my hand eric church may be about my life though.. requestingasongviatwitter,Positive,Positive
stuffed pork chop dinner 5 8p sat night at eagles club in cedar rapids..1735 11th street nw. i m guest bartending.i don t make fufu drinks!,Neutral,Neutral
<user> is it a gaffe? rick perry may be on military time.,Neutral,Negative
what an achievement by paul dunne today. to lead the open in these circumstances is amazing. everybody will be shouting for him tomorrow!,Positive,Neutral
paul george with a silky smooth 1st q pacernation,Neutral,Neutral
excited to see the foo fighters today but cannot be arsed for getting back early hours of the morning and being tired tomorrow,Positive,Positive
the uncut ultimate music guide dedicated to fleetwood mac on sale in the uk on thursday sept 10 read more at..,Neutral,Positive
i'll believe it when i see it..frank ocean got my trust fucked up,Negative,Negative
happy valentines day awkward cuz its def not february 14th in the u.s..,Positive,Positive
we should have listened to zayn about the 21st of august,Neutral,Neutral
"<user> surprise, surprise! barca has the upperhand, but it seems malaga has their 12th man, the ref is so bias. campnou fcbmalaga",Positive,Negative
"<user> i like the 3 better. amp actually, based on 2015 consumer reports, mazda's ranked 2nd in best car brands.a few points behind lexus",Positive,Positive
this nigga dwight howard has end of the game stats in the 3rd quarter,Neutral,Neutral
<user> reggie isn t interested in dealing picks like the old regime. can t see him parting with anything other than a 6th or 7th,Negative,Neutral
from the bbc free childcare scheme 'may backfire',Neutral,Positive
everything under the sun is a weapon against muslims!,Negative,Negative
info tomorrow exo m will be going to nanjing via sotea123,Neutral,Neutral
anybody going to long beach comic con this saturday?,Neutral,Neutral
it's the final day to get your tickets for our annual gala on sat.! join us amp follow along online with rethinkinghunger nyc ..,Neutral,Positive
"<user> <user> no. congress makes laws and the scotus settles disputes. in this case, the 1st amendment lost.",Negative,Negative
"to kpop fans, we song along to vocals, 2nd voices, raps, fanchants, do the instruments amp even perform its own choreo",Positive,Neutral
show your love for your local field it might win an award! gallagher park bedlington current 4th in national award,Positive,Positive
t 4 hours. if you don't want to be inundated with apple tweets.. i'd unfollow me until tomorrow morning..,Neutral,Negative
<user> may there be no injuries so we can beat the brits.,Positive,Neutral
the vamps are on tfi friday and look about 14 years old..,Neutral,Neutral
<user> that 4th down play in the colts game back in 09 is one of the dumbest decisions i've ever seen,Negative,Negative
transgender is a difficult subject but it has been timed well with the caitlyn jenner thing so that may give it some appeal.,Positive,Negative
pray for a better day tomorrow. maybe we will wake up and obama and extremist muslims will be gone! ccot tcot,Neutral,Positive
<user> bro this nigga said zimmerman was charge with a 2nd degree murder. who he kill the 1st time? lol,Negative,Negative
if we re still 3rd favourites at the end of the day then odds have more shit than white hart lane and anfield put together.,Negative,Negative
caught up on true blood!! i love it.. now time for bed! night peeps.. be safe tonight !!,Positive,Positive
"14th amendment fiasco, crazy shit about muslims, now proposing to cancel state visits. careening all over the place..",Negative,Negative
i am so behind. frank gifford passed away? <user> though the sorrow may last through the night. his joy comes in the morning.,Neutral,Neutral
"aaron rodgers good in the 4th qtr, but too cautious overall?",Neutral,Negative
"hahaha 2nd place in miss usa was miss texas from <user> , wonder if the organization just placed her there just for being mexican",Negative,Negative
gandhi protested successfully never once resorting to violence. people today make me sick <user>,Negative,Negative
<user> please stop by cincinnati fire engine 3 at 329 east 9th after your show! everyday at the firehouse revolves around seinfeld!,Positive,Negative
"congrats james franklin..that was the dumbest call i've seen not only today but maybe ever. 4th amp 11 fake punt sweep, up 3 at midfield lol",Negative,Negative
"if it seems to smb that i say about one band more pleasant things than about another so it means that i love 1st more than 2nd,you're wrong.",Positive,Positive
<user> <user> may have always been israel but no reason zionists had to kill for it.,Negative,Negative
its been a hard days fishing today my 1st fish a ruffe a good start i thought i'd been blessed by the pope!,Neutral,Positive
<user> i may have enough to share..if i can get them by laurin haha she was pumped!,Neutral,Positive
so it's the start of october. 30 days till halloween. trust some dickhead to dress up as joseph kony on the 31st.,Negative,Negative
<user> i am going to the london grand prix on the saturday next year! might meet you there!!,Neutral,Positive
"going to go watch the paper towns movie tomorrow. excited! have you guys seen it, yet? is it good? i've never read the book before.",Positive,Positive
rt <user> rt if you love the song called last night on earth by green day. indowantsgreenday,Neutral,Positive
george osborne will on tuesday reject calls for the uk to take part in latest greek bailout ft,Negative,Neutral
i hope john cena comes to school on tuesday and five knuckle shuffles the fuck out of yall,Negative,Negative
united's best business of the last 3 september transfer windows was sabotaging the de gea deal with real madrid. ed woodward comedy genius,Neutral,Neutral
having a really hard time processing that connor howell sat on the curtis side at the game last night.,Negative,Neutral
<user> i really want <user> to tweet me since i bought 4 tickets to his concert october 9th irving plaza nyc,Positive,Neutral
<user> <user> nirvana may be the face of grunge but they didn't create it. df may have many hands in but they aint 90 responsible,Neutral,Negative
baseball game with brentley tomorrow goddoesgoodthing <user> we r. back <user> <user>,Positive,Neutral
"tom brady may be considered great but he will always have an by his name,just like barry bonds.",Neutral,Positive
"received the blood moon image today, 16x24 matte paper, and it looks great! i may have found a new online vendor..",Positive,Positive
gambled on chocolate day as a successful theme day at work..turns out chdn do like chocolate. wed. is gross day. hope kids like gross stuff.,Positive,Positive
"my piece on mehdi hasan amp abortion on <user> yes, being pro life does make you less of a lefty",Neutral,Negative
don't miss the free roxane gay lecture thursday at 7 pm at trinity united methodist church in savannah! <user> <user> <user>,Neutral,Neutral
albion write off nottingham loss plymouth albion winger jack arnott says the club will 'write off' saturday's 3..,Neutral,Neutral
"this thursday, destructo, creator of holy ship, comes to ignition at firestone live! surrender your booty, it s..",Neutral,Neutral
"in honor of national margarita day come and enjoy 3 margarita s, and the usual wednesday specials 1 drafts and free food buffett!!",Positive,Positive
"we get it, randy orton amp sheamus dont like each other, this is the 4th time within 3 weeks.",Negative,Negative
"on september 3 2009, madonna's sticky and sweet world tour was named the highest grossing for a solo artist ever..",Positive,Positive
"second thoughts careful now, or you might get a bad rap snoop dogg is shown in a june 27 file photo. sno.. rap",Neutral,Neutral
"an apologist through and through! tackle the hate that is islam, then you may start to address the root cause!",Negative,Negative
briana sextape end of the day album out on friday break is soon us,Neutral,Neutral
"cena and dolph will make 0 sense bc ziggler will end up losing, like usual. then he may cash in who cares about tht if he loses 2 cena?",Negative,Negative
sam smith tonight hoping tomorrow's gonna be a better day,Positive,Positive
<user> happy birthday beyonce!! may god bless you and all your family very much!,Positive,Positive
signing flat papers today and then skating with my new derby chickas tommorrow nervousmuch !,Neutral,Positive
"<user> ok, then i probably watched that one too. i remember ric flair. i loved the monday night wars.",Positive,Positive
wisconsin gov. scott walker is prepared to call out members of his own party tuesday as he unveils his own plan..,Neutral,Neutral
woop! can't wait to see magic mike xxl this friday with the girls <user> <user>,Positive,Positive
i may be late.. but kanye west just wasted 10 mins of my life ill never get back with the stupidest speech known to man..wow lol,Negative,Negative
does anyone want a ticket to see ed sheeran tomorrow?!? dm me,Neutral,Positive
"defund pp! says bobby jindal, governor of the state with the 5th highest teen pregnancy rate in the nation.. maybe no, bobby.",Negative,Neutral
"<user> hellyeaa ahaha, one of the 1st streets on niggas !",Positive,Negative
"i may need a co owner but she has to be good in english, and to post a lot of lou, lux, tom, etc.. pics !",Positive,Positive
sharknado was funny the first time. we humored them for the 2nd. but a third? even i'm not enough of a fan of bad movies to watch that shit.,Negative,Negative
"i'm just sat in my room listening to big brother downstairs. not doing anything really, just listening to the telly. what is life.",Neutral,Negative
the game 1st album 1 song he say he rap like eazy e then nas then 50 cent then dr dre then jay z then eazy e again then like his dead bro,Positive,Negative
new orleans saints defensive end martez wilson's helmet sunday night during the broncos' 34 14 victory.,Positive,Neutral
"see what max hastings was trying2say with 'boris bikes' comment, just wish he'd said 'cycle super highways' instead!",Positive,Negative
"<user> lexus, infinity, something sporty i'm thinking. you're starting the new person tomorrow?",Positive,Neutral
"<user> <user> <user> kendrick had the best album, coles was 2nd",Positive,Positive
career fair tomorrow in the murphy center from 10 to 2pm. dress in business attire and bring your resumes.,Neutral,Neutral
<user> true. i just can't get into seth rollins and i never will. so i'm salty i have to hear his whining tomorrow on raw,Negative,Negative
"define religious liberty. do you mean just christians, or liberty for all religions, like in the constitution.",Neutral,Neutral
one for your diary. we have reindeer's coming to the garden centre on saturday the 8th of december.,Neutral,Neutral
"freestyle wednesday np big l, jay z, mos def, black thought, eminem, yelawolf.. love it",Positive,Positive
this just in! we will be going to kentucky aug 25th for a big pool party show! time to get nekkid! woo hoo!..,Positive,Positive
we may see negative poll numbers for most of the republican candidates by nov.. 11 ted cruz 5 scott walker 1 jeb bush lol meetthepress,Neutral,Negative
they didn't bitch when deron williams passed the ball to jordan farmar to win the game..but lebron can't pass in the 4th stfu,Negative,Neutral
the weeknd and ed sheeran mixed together is the 8th wonder of the world,Positive,Neutral
"totally worth watching nirvana's 1st interview w mtv, if only for <user> banter towards the end.",Positive,Neutral
had a dream last night that ej started sunday against the vikings and threw for over 400 yards and 5 tds..a man can dream right?,Positive,Neutral
former gov. rick perry said wednesday financial woes won't be the death knell for his second bid for the white house,Positive,Neutral
"<user> should we not be trying to talk to is? if we hadn't sat down with the ira, we would still be losing lives in ni.",Negative,Negative
marijuana on a thursday with a new episode of naruto,Positive,Neutral
<user> if i fade 1st colony later on the h60d ima hit you with some spliff nike's,Positive,Neutral
happy 20th birthday <user> god bless you! hope god makes aoo your dreams come true! love you! happy swift day!,Positive,Positive
i had a feeling cassadee pope would be at house of blues today. too bad she couldn t do remembering sunday with atl,Negative,Negative
kris jenner had an affair w lionel richie in the 80s an he may b khloes dad..that makes sense doe? why cus she's dancin on the ceilin?,Neutral,Neutral
"ground hog day is such a good film, sunday is for food and films sunday",Positive,Positive
tomorrow 7 14 15 the new harper lee novel go set a watchman is released !!,Positive,Positive
a bleeding threesome with lady gaga and matt bomer. it's so simple. c'mon.,Neutral,Positive
"better value phone that moto g 3rd generation? but android only, people. i see you, you itits.",Neutral,Positive
real madrid will sign de gea tomorrow with help of fifa!,Neutral,Neutral
"<user> you say anything that may offend muslims, you better watch out. you could be suspended, fired, or prosecuted.",Negative,Negative
even the pope thinks cameron is a douche,Negative,Negative
"get your sweat suits! it s november and its time to lax! practice tonight, game at <user> tomorrow. fallball",Positive,Positive
<user> i'm thinking dustin johnson should get the 4th spot in the grandslamofgolf,Positive,Neutral
ryan braun steals 2nd and he records his 4th 20 20 season of his career. milvspit,Positive,Negative
"kinda, yes! i went to see equalizer tonite! i like it. it was very interesting modern day john wayne movie..u may like it. <user>",Positive,Positive
if you need convincing that bombing syria wrong flawed unethical then tony blair's support for bombing might assist,Negative,Positive
<user> palestinian citizens of israel are treated as 3rd class citizens. you just proved that calling them arabs instead of israeli,Negative,Negative
shows how little people paid attn to the charlie hebdo stuff 11mo ago when they're tweeting the pic of people in the streets from january.,Neutral,Negative
"homegrown talent missing on signing day throughout most of the day on wednesday, the video scoreboard .. raleigh",Negative,Negative
soccer saturday with our son. they re playing the hardest team in the league. then the all star game. proudparents,Positive,Neutral
<user> i saw tenth avenue north saturday night and he sang part of bad blood talking about unforgiveness and shut up and dance.,Neutral,Neutral
when you feel like zayn is going to follow you soon and end of the day you're like well maybe tomorrow,Neutral,Neutral
"<user> any of the ny times' long form coverage of ebola, especially the hospitals in africa. or the chemweaps piece from sunday.",Neutral,Neutral
of course nigeria blames the u.s. for not being able to fight boko haram. 3rd world countries don't want to progress. just depend on others.,Negative,Negative
that moment you realise justin bieber may be better at freestyling than young thug don't forget to like our page..,Positive,Negative
negotiation with boko haram may not be a good idea as it will spark uprising in other parts of the country,Negative,Negative
"<user> but i guess the ps4 may have it too. we have a ''media player'', and we can transfer songs to share factory using a usb drive.",Neutral,Neutral
just realized i don't miss you that much. the sun is out. nothing is better than today. i have reached nirvana. i think i need to pee.,Positive,Negative
i don't wanna see ice cube son re do all ice cube parts.i saw boyz in da hood 2.a remake of friday.what's next.all about the benjamin's 2?!,Negative,Positive
"no, sam. the we in kerry's statement is unhcr, not the us government. important distinction.",Negative,Negative
"<user> <user> if the election were held tomorrow, i'd only vote for bernie sanders.",Positive,Neutral
"i now feel bad for buying a thor novel for 4.95 at barnes amp noble, but now i know why it was 4.95. lcd",Negative,Negative
i see shawn tomorrow with my best friend ohmvx,Positive,Positive
<user> cubs fans still complaining that kris bryant didnt come up til may now number in the dozens.,Negative,Neutral
"going to see foo fighters in concert tonight, kenney chesney tomorrow night the mtv vmas with miley cyrus hosting in hollywood on sunday!!",Neutral,Neutral
the fact that we are going to be sophia grace and rosie at the studio on tuesday makes me soo happy! <user> accents cuties,Positive,Positive
"nick gillespie on real time with bill maher, friday 12 22, with kirk douglas, rachel maddow, mort zuckerman, amp m..",Neutral,Neutral
omigod im so fuckin sick of this family. why the hell r u inviting us to ur house ruining my saturday when ur kids arent even gonna be here!,Negative,Negative
saying jumbo shrimp on the menu when it is clearly not is just as offensive as homegirl from friday saying she looked like janet jackson.,Neutral,Negative
so tired of chelsea and their mind games with costa injuries. watch him start and play 90 minutes tomorrow.,Negative,Negative
i have 2 passes for looper in pico rivera on thursday. message or text me if you want them.,Positive,Neutral
oct. 2 is almost too far away for me to wait for the return of dexter !,Negative,Neutral
"andy rooney will make his last appearance on 60 minutes this sunday. if anything, this proves there is a god.",Positive,Positive
devo brown thanks for another great night everyone!! don't forget tomorrow roz and mocha speak with lloyd robertson jason priestley!,Positive,Positive
<user> i got you homie and yeah a lot people haven't curtis saw me fight 2 oils riggers in cs lol but i might fight dec 14th,Neutral,Negative
how can tony blair get invited at 'remembrance' sunday and there was no invite for the merchant navy by david cameron ? 'disgusting'!,Negative,Negative
i have to rewrite an essay for tomorrow and i have no motivation to do it and i'm just sitting with my head on my arm with david bowie on,Neutral,Negative
i wish nicki would have flew across the stage and slapped that hoe !,Negative,Positive
scott walker convinced canadian wall will shade his bald spot from the hot northern sun.,Neutral,Negative
kendrick's black friday track destroyed cole's but they was just warming us up for rotd2,Neutral,Positive
caitlyn jenner may be responsible for the death of jon benet ramsey and someone else via <user> lgbt,Negative,Negative
"my presentation for the dg agri event for euyoungfarmers in milan, monday. on new technolgies chain organisation",Neutral,Neutral
"google wallet is coming to metropcs, so now you won t need to sign a contract to have your identity stolen. more jokes",Negative,Negative
"was a part of it, still crying, still saying goodbye..ric flair may you live forever..way too much loss lately",Negative,Negative
"<user> does anyone else find it odd mccann jumped on april jones bandwagon,but didnt say word about tia sharp where family involved ?",Negative,Neutral
"i can not change yesterday. i can only make the most to day, and look with hope toward tomorrow. anonymous",Negative,Positive
it s officially november 2 here in the philippines.. so.. umm.. happy birthday kendall! i love you! <user> <user>,Positive,Positive
<user> well then you need to take kendrick lamar off cause his last album wasn't good you probably just going off of black friday ..,Negative,Positive
"syt syngenta comments on monsanto mon announcement, confirms revised proposal, which it rejected saying it..",Neutral,Negative
<user> <user> <user> has said his protest is about the successful operation of terminating ira operatives on a sunday,Neutral,Neutral
hillary can take her phony apology and shove it where the sun doesn't shine. she is only sorry she was caught it's all about power.,Negative,Negative
"<user> thanks, israel! the base band version will determine if the device is up to date. may we please have the model",Positive,Positive
kendrick leads all with 11 grammy nominations. don't miss out on february 16th!,Positive,Positive
still time to order your halloween treats! deadline 2pm cst today with overnight shipping to arrive tomorrow! >,Positive,Neutral
"tomorrow, i pray the persian people will stand with trump in washington and stop obama's nuclear insanity.",Neutral,Negative
<user> please please cover hr1599 on sunday! i want to see <user> take on monsanto!!,Neutral,Positive
how about a day of action and meetups on sat oct 18th with jacqui gingras 9 30 am for coffee cafe mazzega in lumby we'll be there,Positive,Neutral
"kinda sucks, he missed my classes graduation over something he may or may not have done",Negative,Negative
yes the caitlyn jenner fancy dress is absolutely disgusting but what's worse is how close to october we actually are already,Negative,Negative
"david price out of the 1st. omg you guys, ivan nova is a yankee! bluejays",Positive,Neutral
"tea time at the james p. nix center, thursday, august 18 2 p.m. topic birding in coastal alabama the alabama..",Neutral,Neutral
<user> i may have missed it if u posted it but what's ur take on kimdavis situation amp <user> claims about scotus ruling,Positive,Neutral
"icymi the afhs labor day sale has been extended, but don't wait it absolutely ends monday! thisishome",Positive,Negative
". <user> also didn't budge on backing planned parenthood, came out for boots on the ground to defeat isis. back to 5 30 everywhere fri.",Neutral,Negative
starting off my sunday with resident evil operation raccoon city,Neutral,Negative
<user> <user> <user> one dude sat by his truck with israel flags flying preaching from his christian bible. really??,Neutral,Neutral
heather to the rescue! just agreed to do 4sight at oldham tomorrow 4networking oldham,Neutral,Positive
kane will be featured in the achiever for the nov dec issue. photo courtesy <user> <user>,Neutral,Neutral
<user> thanks i am! i saw the hollywood sign today!! and in disney i got to meet a really hot aladdin lol,Positive,Positive
orange horizon when the sun is coming up but dark eerie sky? welcome to raccoon city,Positive,Positive
and to think i wrote this dustin johnson tweet after the second round of the british open,Neutral,Neutral
kanye west really may be the most ignorant human walking the earth lol,Negative,Negative
patriots tom brady wins afc offensive player of the week for 22nd time. .. nfl,Positive,Neutral
. <user> <user> <user> scotus ruled that the 14th amendment applies to same sex marriage.,Neutral,Negative
"naruto is like crack. i keep saying saying one more episode, until oh look, the sun. naruto",Positive,Neutral
"special notice for lefties who try to watch the best show on tv, justified. 2nd try melts tv",Negative,Positive
"<user> milan , rates go into effect tomorrow , do you see nzdusd lower ? . ty",Neutral,Neutral
finally saw the galaxy foams in person on saturday.. let s just say << smmfh ugly ass shoes!,Negative,Negative
worldseries mlb fox fs1 kc metsvsroyals i wonder how many kids will be thor tomorrow night ..thor with a mets hat on,Neutral,Neutral
"a 355 pound woman works to lose weight so she can start a family on emwl , abc sunday at 9pm",Neutral,Negative
watching red tails .. for the 1st time,Neutral,Neutral
i'll bet scott walker thinks about march 31st a lot.,Neutral,Negative
giant ipad anyone? don't forget to check out the apple event at 1pm est. apple charlotte,Positive,Neutral
<user> i use to have about 50 band shirts i may still have them in a box somewhere nirvana b182 mcr gd xd i want to find them now,Neutral,Positive
<user> i can't wait for tuesday's ps4 release! it feels like this was designed just for me. will it support vita remote play?,Positive,Positive
national hot dog day is tomorrow. now is your chance to grab a weiner for only 1. and we all know everyone loves cheap weiners.,Positive,Positive
kim kardashian on the cover of rolling stone? it's the death of rock'n'roll .. the guardian,Negative,Negative
right down to an uncomfortably close win over the jets the pats and packers are mirror teams..both will be bounced by championship sunday,Negative,Positive
justin's gonna be on ellen on friday i'm so excited i love when he's there,Positive,Positive
ice cube raw asf i never knew he's the creator of friday and boyz n the hood.. goat,Neutral,Neutral
mayweather insists berto will be his last foe floyd mayweather insists his september 12 showdown with andre b..,Neutral,Neutral
"very gruesome terrible injury for marcus lattimore 2nd year in a row be strong, the injury was similar to mcgahee from 2003 fiesta bowl.",Negative,Negative
the force was not with him when jeb bush tried to get social on forcefriday marketing millennials,Negative,Neutral
"michael jackson's doctor, conrad murray is scheduled to go on trial on september 8th. can he receive a fair trial..",Neutral,Neutral
"live at d tronics 20th anniversary with locations valley wide mcallen,edinburg,harlingen,brownsville they have..",Neutral,Neutral
"one fighting championship takes place october 6 at the singapore indoor stadium, this is gonna be an incredible..",Positive,Neutral
pancakes for a dollar tomorrow at ihop.. you're welcome,Positive,Positive
"i may not be religious anymore but, i'm really convinced that donald trump is the antichrist",Negative,Negative
pll halloween episode with <user> mcdo fun friday night!!,Positive,Positive
"ya know, john kasich actually seems like a real human being with a real record.. too bad that may or may not mean anything",Negative,Neutral
<user> looking forward to watching you in sharknado 3 tomorrow night !!,Positive,Positive
<user> went to metlife just to see <user> and it was totally worth it. seeing him again in dutchess on the 27th.,Positive,Positive
"<user> ive been working all weekend, still at work now. watching chuck norris movies haha i'll be at ciecmate on friday. see you there.",Neutral,Positive
dtn kazakhstan capello ill tweak lineup for azerbaijan gamecoach fabio capello said monday he will tweak the ..,Neutral,Neutral
"even the scotus says the 2nd a can and should be restricted, david!",Neutral,Negative
"<user> oiler fans are unhappy with, 45 points each season, gagner as their 2nd line c. habs fans should hate 28 point eller as a 2c.",Negative,Negative
<user> we are from sydney p oh thank you!! since you're local you should come see us play at the lair dec 1st!! gonna be a huge show,Positive,Positive
party tonight friday oct 26 kwames fusion 476 cosburn ave east york. on m2j 2n5 playing the best in old school reggae and hip hop.,Positive,Neutral
got my <user> tickets in the mail today!! so excited to see mario lemieux drop the 1st puck! hockeyisback,Positive,Positive
so is modi ji going to nagpur tomorrow to click selfie with the hangman and yakub ?,Neutral,Neutral
<user> 'ruben the 2nd' or 'percy porker' for moo's minecraft pet house pig? d,Positive,Positive
<user> <user> oml so this just happend 1st time ever but love you guys and calibraska is bae asf,Positive,Positive
"i think the hawks defense allow to many 3rd and longs, the offense does not convert enough 3rd downs. an elite defense should d able 2 hold",Negative,Negative
ghost rider spirit of vengeance was a lost cause. you had nowhere to go but up after the 1st movie. and then you decided to dig a hole..,Negative,Negative
john kasich may be the only republican presidential candidate who i feel like wouldn't completely ruin america if elected.,Positive,Neutral
"i'm leaving for milan tomorrow, and realizing i should be sleeping cuz it's 5am there rn, and still night here..",Neutral,Neutral
when kanye west told george bush that black lives matter..as much as i may not like him. it was the truth!,Neutral,Negative
saturday movie reviews ant man is fun amp light while woman in gold is tugs at the heart,Positive,Positive
"the only pandora stations to choose from at my work are ed sheeran, coldplay amp jack johnson i may commit suicide before the end of the day",Neutral,Neutral
<user> i m from salem mass and i just moved to plymouth so i m starting on monday,Neutral,Neutral
"so far i have drafted aaron rodgers at 9 overall, and then at 16 in the 2nd round, matt forte. not bad.",Positive,Positive
"just got word from peacecamp that george osborne is going to be at faslane tomorrow, show up tomorrow 7am and give him a piece of your mind",Positive,Neutral
"hey! our august book, go set a watchman by harper lee is out tomorrow for all you eager readers!",Positive,Positive
can it be sunday already. i can't wait to see cam newton destroy the packers. sorry <user> lol,Positive,Negative
0 you know plans for tuesday . now much showing off in the yoga class..,Neutral,Neutral
"still time to ask saturday kitchen legend james martin a question, he s just given us the lowdown on strictly",Neutral,Neutral
<user> best moment of the night melissa mccarthy i am trying to find the clip to write about it on my website..big fan of u both,Positive,Positive
frank ocean is like monday and the weeknd is like friday nobody wants monday's. <user>,Negative,Neutral
i'm pretty sure u2 invented the 3rd world so they had someone who actually looked them.,Negative,Positive
send me lwanga's hw packet and i will buy you dunkin tomorrow morning,Neutral,Neutral
"kim kardashian emoji crash apple store via <user> dear santa, for xmas please may i have a ticket off the planet.",Neutral,Neutral
"determined to share the gospel with many christians on sept 30. this is goeverywhere 2015. on sept 30, the..",Positive,Neutral
<user> agree ron .. john kasich will get the chat after its all said and done ! carly ferino will get the chat frm the 1st debate,Positive,Neutral
"yes. it may have ruined my social life, but i don't regret finding out about shawn one bit.",Neutral,Positive
"nice 1st pitch from <user> but he should have been the one signing the ball for josh hamilton, instead of the other way around 1",Neutral,Neutral
"loads of goodies from house of wilde, stylestalker, staple the label, fairground and piper lane will be available tomorrow! stay tuned! xx",Positive,Neutral
"and <user> mail, calendar, music, and video apps have been rewritten for the third time in four years..",Negative,Neutral
new link with times <user> shishi odori deer dance from tohoku <user> in london on 8 9 sept.,Neutral,Neutral
i don't want rousey to be captain marvel! she may be strong enough but she's not pretty enough.,Negative,Negative
"<user> doesn't this make you love them even more rt <user> surprise green day show thursday august 11th,",Positive,Positive
we are ranked 42. in life expediencies when monsanto is in the top 5 with the most life expectancy,Neutral,Neutral
lechlade's view on the upcoming clash with marlborough cc on saturday,Neutral,Neutral
6th floor. david mack assaults jennifer lawrence with a hemorrhoid. amitabh bachchan mows lisa kudrow all the while.,Negative,Negative
"<user> i have not read the links yet, will do. agree erdogan is problem, turkish people not stupid. may not last til election.",Negative,Negative
climate 'cutting it close' a warning from islam by bill mckibben via <user> <user> <user> <user>,Negative,Negative
"first it turns out meek mill is an arsenal fan, now this. i'm finding a new club. this is a barcelona account now.",Negative,Neutral
may god bless the people of israel and keep them safe.,Positive,Positive
"everyone came to the vmas looking boring or like trash from what i see so far , and then nicki showed up looking like a sun goddess.",Neutral,Negative
<user> how does ryan braun get to step out of the batter's box after every pitch? didn't we go over this in may?,Negative,Negative
<user> <user> negative! 90 s would be the poetic justice look or how they dressed in friday.,Negative,Negative
<user> <user> i may be a career college student trying to get my bachelor's degree too! unless you'd like to write me a check for 50k,Neutral,Neutral
<user> when we make that restaurant the picture of the ruby yacht beating kendrick shall hang on the with our 1st dollar,Neutral,Negative
"<user> jay bruce on the first pitch from tim byrdak in the bottom of the 9th september 28, 2010 vs. astros to win 3 2!",Positive,Neutral
"another huge fireworks show dearborn homecoming, big enough to rival detroit s, it happen again tomorrow night!",Positive,Positive
but it's not just about overall nmbrs. murray amp mathews will put eagles in a lot of 3rd and manageable situations. and finish at goal line,Neutral,Neutral
why would the sun publish such a big announcement of 1d splitting up and not like what they did with zayn on fb?,Negative,Negative
if you want to put junk bonds into your ira you may benefit from working with a financial advisor.. a human one,Neutral,Positive
"last night for <user> lloyd robertson. a sad day for news, will miss that deep voice. legendary",Negative,Negative
times pic lsu coach les miles says he may let jordan jefferson talk to the team lsu,Neutral,Neutral
"to put things into perspective, 12 people died during the charlie hebdo attack in january. today, the death toll is at 120 and rising paris",Negative,Negative
going in at five tomorrow morning just for an hour earlier finish. things i do for leeds united.. and my liver.,Neutral,Neutral
"mass mayor puts jindal on blast bobby jindal may not make the first republican primary debate, but he has found ..",Neutral,Neutral
"<user> sorry about that, i didn't see it! i'm going to peep the article, are you gonna buy watchman tomorrow? and yes by the way.",Neutral,Positive
fucking part time fans. where were you at boro away on saturday?,Negative,Neutral
tomorrow's times leads with government child abuse cover up. newsnight go with allegra stratton's love letter to george osborne,Neutral,Positive
can t wait to go to the wvu vs. tcu game on saturday,Positive,Positive
"in 8th grade, i was dead ready to fight niggas for saying frank ocean was gay bc like..he's bi. n apparently people can't get it through",Neutral,Negative
taylor and nicki performing together may be the best thing,Positive,Positive
<user> <user> <user> haha edge is my 2nd favorite wrestler all time to hbk. so it's worth it for me,Positive,Positive
going to a red sox game tomorrow even though im a yankee fan its fine,Positive,Positive
if you want a good laugh..or just another confirmation that kanye west may be the biggest idiot ..ever..or both..,Negative,Negative
<user> misrepresentation. what was said was that a lot of christians may not have full understanding of the trinitarian confession.,Negative,Negative
<user> i m actually touring the new addition tomorrow between meetings. they do have wbb tonight men s hockey tomorrow.,Neutral,Neutral
<user> might have been. i guess we will see tomorrow. how about seth rollins tho? amazing match. gets better and better!,Positive,Positive
<user> how fragile is it? i'm still on moto g 1st gen and this has lasted all holocausts. looking at mi now.,Neutral,Neutral
"come on kane, i have put you on my squad for 3 gameweek. hahahah. and i will give you 4th,and 5th chance to prove.",Neutral,Positive
"<user> 'cause lovatics r more.. lovatics may not be registered in twitter, it's normal",Negative,Neutral
i really want to go see sam smith in austin this saturday,Positive,Positive
absolutely mortified and gutted that sam smith may be doing the new bond song,Negative,Negative
today is national bratwurst day. also another recall election day in wisconsin. get out the brat! i mean vote! wi holiday vote,Neutral,Positive
<user> are you going to the pack ad tomorrow in edmonton?,Neutral,Neutral
any joey fans that want a cover for all nns wins may take this.,Positive,Neutral
"vincent jackson limited in monday practice estimates, fantasy value just fine for thursday tampa bay buccaneers..",Positive,Positive
our tuesday tv pick is the grand finale of <user> styled to rock and they've got a riri challenge!,Neutral,Positive
<user> do you know how long alexandra burke will be on stage on thursday at hype park?,Neutral,Neutral
"<user> <user> disastrous? gore was asking a state court to violate the 12th amendment, the scotus stopped them. you disapprove?",Negative,Negative
at last ! a little bit of indian summer for the netherlands bob marley amp funk star deluxe sun is shining remix,Positive,Positive
"she call me baby, i call her bae, sorry 4 the wait, carter iv on the way! august 29th. hell yeahh!",Positive,Negative
"sadly the fair at splash dance on sunday has been cancelled due to flooding, but you can still get your fix of..",Negative,Negative
milan draw 20th place team silvio makes public statement about coach new mr. bee rumors management deflects responsibility again milancycle,Neutral,Neutral
<user> <user> <user> bad example she worked th since january amp her mom worked there4 35 yrs before scotus gave homos special rights,Negative,Negative
did you know that <user> is airing miss usa tomorrow? here's why,Neutral,Neutral
"c'mon, let's make heart's magic man kris bryant's new walkup music",Neutral,Neutral
"if twilight wins all the awards at the tca's tonight, i will burn my twilight posters k? ok.",Negative,Positive
<user> i work at the la in alsip but that xsport offered me a job. got an interview tomorrow,Neutral,Neutral
"gunna have a dank trim and maybe treat myself to a kfc tomorrow, get me in the mood for the weekend..",Neutral,Positive
new story norfolk woman dies in crash a woman from northeast nebraska died saturday morning when the car she w..,Negative,Negative
'gucci' appeared on thursday 3 at the 9th place in the top20 of memphis's trends trndnl,Neutral,Neutral
going to get drunk and watch the badness that is sharknado 3. this is going to be a good sunday night.,Positive,Positive
rousey still going to ko her in the 2nd round,Neutral,Neutral
shooting tvshow sons of anarchy at my studio today. they closed off all the streets for a giant gun battle! fun.,Positive,Negative
"hi new york peeps. did you know that you can see oracle, summon the apgrod and a whole host of other altgames at <user> on the 10th?",Positive,Neutral
sun 12 13 thor the elf was checking out tanner's toy box for gift ideas. thortheelf2015,Neutral,Neutral
wow drew peterson was just convicted on september 6th for murder of his 3rd wide and they never found the body of his 4th wide smfh,Negative,Negative
nuit blanche is this weekend and with it comes seeing people i miss a lot. why isn't it saturday yet?!?! fb,Negative,Negative
"<user> big fan of your work! star trek, threshold, fresh hell, alphas, etc and may meet you in person at dstl! yay! you rock!",Positive,Positive
last day of pssas tomorrow yes yeahbuddy !!,Positive,Positive
some low hanging monday fruit sarah palin says immigrants to the us should 'speak american',Negative,Negative
"paul rudd stars as ant man, showing tonight, tomorrow and sunday. rated pg 13. showtimes are at 7 15 each night..",Positive,Neutral
"friday night. got new red lipstick. i just put it on. i have nowhere to go. lying in bed listening to fleetwood mac, w lipstick on. lonely",Neutral,Positive
"super sunday indeed. after the footy cricket, ss4 has buffalo ny jets houston denver c4 airs ne baltimore <user> has houston denver",Positive,Neutral
<user> rodgers has been down by 9 in the 2nd half a total of seven times. what a worthless article,Negative,Negative
anyone wanna go to the red sox with me tomorrow,Neutral,Neutral
"i'm a bit annoyed about what miley said about nicki. taylor started the pop star against pop star war, nicki didn't even sat her name",Negative,Negative
jesus shuttlesworth heat vs lakers ralph mcquarrie top100femalelies is lamar odom really going to the d league ? <url>,Neutral,Negative
my teachers call themselves givng us candy..wasn t even the good stuff. i might go to walmart or cvs tomorrow,Negative,Positive
8am in uk then 4am here in the philippines but the same date. nov 3 2012,Neutral,Neutral
red cross syria conflict is now a civil war the international committee of the red cross said on sunday it now considers the confli..,Neutral,Negative
awesome show today with jimmy bryson. tomorrow though we have trent anderson and rhonda rousey also more reo tickets to giveaway. listenup,Positive,Positive
<user> george harrison composed here comes the sun at eric clapton's house in surrey.,Neutral,Neutral
<user> and <user> open tonight for nuit blanche!,Neutral,Neutral
try out the 1st lab series for ibm mobilefirst platform 7.1 mobile ibmmobile,Positive,Neutral
"a bit of sunday fun, shot in whitstable, kent and muscat, oman! down poured the heavens via <user>",Positive,Positive
"heat parade monday, june 25th. starts at calle ocho, through brickell avenue, through biscayne boulevard, and ends at the aa.",Neutral,Neutral
thor is still a great movie after the 3rd time.,Positive,Positive
hannibal may have ended but you can still express your love for your murder husband and hannibal with this..,Neutral,Negative
"i have much to do before tomorrow, so the logical thing to do is watch netflix all day, obviously",Positive,Positive
"musical awareness great big beautiful tomorrow has an ending, now is the time does not",Positive,Positive
where the fuck are all the celebrities like gaga and jason derulo supporting kesha like they did in january..this is even worse than january,Negative,Negative
"i just saw a commercial that said jurassic world opens friday, am i missing something here?",Neutral,Negative
monsanto hits all the wrong notes nationofchange,Negative,Negative
so hype to give a presentation in management class tomorrow about why tom brady can go fuck himself,Negative,Negative
i may or may not be getting sick..perfect. idontwantit,Negative,Positive
when mr.craig said sunday night was officially the last day of marching band. < <,Negative,Neutral
<user> no jk.. wait when are you available??!! rafa is pwede on friday and you said friday greenbelt.. am i roight?,Positive,Negative
tomorrow is pitbull awareness day! help us change the perception so many people have about this wonderful breed.,Positive,Positive
on the plus side <user> have a gig on saturday night at the lexington come along,Positive,Positive
what works for kim kardashian may not work the same way for you girls! facts,Negative,Negative
from the <user> clerk in gay marriage fight back at work friday or monday office to grant licenses in her absence,Neutral,Neutral
she gave me her netflix password . . . i've crossed over to 3rd base.,Positive,Neutral
wish i can meet her on the 31st but i am going to digi,Neutral,Positive
"it is an insanely good treat to be bringing destructo popscene thu, may 17. destructo, the mastermind of hard..",Positive,Positive
"since midnight memories, i knew that zayn will be the 1st to left, i watched almost all of their performance amp zayn is not that into them.",Neutral,Neutral
<user> bummed we don't get to see arrow until saturday because of the chicago bulls game.,Negative,Neutral
"slider to center by mark trumbo and that will do for the top 3rd. mariners lead white sox, 4 0.",Neutral,Neutral
"and that nicki and miley beef looked too staged, nicki smiled, miley response was too instant like she been practisin it .. c'mon mtv",Negative,Neutral
wish <user> was in the 574 so we could go to ihop tomorrow,Positive,Positive
"a red carpet for radicals at the white house by steve emerson and john rossomando ipt news october 21, 2012 a..",Neutral,Neutral
"<user> aside going to the hockey viewing partying tonight, i'm going to my aunt amp uncle's early halloween party tomorrow night.",Positive,Positive
school tomorrow is gonna be fired up ha! you got something to say bad about nicki? prepare your argument you're bout to get shut down,Neutral,Negative
tomorrow?? who promised you tomorrow?? give yourself to the lord today!! the winans.,Neutral,Positive
frank ocean playing omg it's like november already,Positive,Positive
<user> i wish you a very happy and peaceful eid. may allah accept your good deeds.,Positive,Positive
<user> i think i go tomorrow. cuz im on my way to my dad first cuz i have no money to go to interlaken t.t i just hope hes there tomorow,Negative,Negative
"sure the trump tweet was in january, but it is still relevant because it was about charlie hebdo.",Neutral,Neutral
tom brady was going in the 6th round in ff and now those picks are about to prosper.,Neutral,Neutral
<user> lies. isn't there a curfew in place?a quick google search indicates that this image was from the charlie hebdo march.,Negative,Negative
we may be the only place on the planet to still sell hulk hogan merch. but we made these bags by hand long before..,Neutral,Neutral
if anyone else seen it. i thought it was pretty stupid when doug baldwin was yelling at russell wilson during the game this sunday.,Negative,Negative
added psychotic to my library when year 12 starts tomorrow smartmove gonnafail,Negative,Neutral
breakingnews american football star and broadcaster frank gifford dies at 84 10 august 2015 from the section..,Neutral,Neutral
now watching denzel washington talking about his new movie flight it s comming out nov 2nd 2012 lateshow with david letterman,Neutral,Neutral
